tree
version=v4
num_class=1
num_tree_per_iteration=1
label_index=0
max_feature_idx=67
objective=binary sigmoid:1
feature_names=dev_mints dev_migrations liquidity holder_count top_holders_pct dev_balance_pct organic_score s5m_numBuys s5m_numSells s5m_numTraders s5m_numNetBuyers s5m_buyVolume s5m_sellVolume s5m_priceChange s5m_liquidityChange s1h_numBuys s1h_numSells s1h_numTraders s1h_numNetBuyers s1h_buyVolume s1h_sellVolume s1h_priceChange log_liq log_mcap log_holders liq_over_mcap vol_over_liq buy_sell_ratio vol_imbalance net_sol_inflow trades_total log_trades avg_trade_size sol_per_trade liq_per_trade accum_speed holders_per_trade traders_over_trades liq_per_holder wash_score wash_discount trades_per_trader vol_per_trader vol_corrected vol_corrected_over_liq log_dev_mints dev_is_fresh dev_is_factory dev_prior_launches dev_prior_successes dev_success_rate dev_score dev_known px_slope px_chg px_accel px_maxdd liq_slope liq_chg liq_accel liq_maxdd hold_slope hold_chg hold_accel hold_maxdd px_from_first px_from_peak px_vol
feature_infos=[1:151952] [1:1255] [9.5414650046449419e-08:138817.03504178321] [1:2111] [9.9999999999999991e-05:100] [9.999999999999999e-14:100] [0:0] [1:3079] [1:1691] [1:2114] [1:2114] [0.18834786149696264:456734.11022012657] [0.00095353893603248945:411043.64938744192] [-99.669096668592402:7691.3760954974332] [-99.99999995514608:66183958.151524663] [1:3079] [1:1691] [1:2114] [1:2114] [0.18834786149696264:456734.11022012657] [0.00095353893603248945:411043.64938744192] [-99.669096668592402:7691.3760954974332] [0:11.840919254073494] [0:15.620064204791786] [0:7.6553906448261522] [0:20.632385805611172] [0:9895551246.9999981] [0.14285714285714285:0.98780487804878048] [-0.061689860366208382:0.99974137356402903] [-2480.5897740323453:72472.884192192694] [2:3857] [0:8.2579041934656736] [0:3596.5753939456627] [0:6519.777609192769] [0:3505.4437684660334] [0:2377.4086424896091] [0:13.041666666666666] [0:1] [0:8684.5282319413818] [0:1] [0.19650000000000001:0.78600000000000003] [0.5:54.5] [0:14343.51] [0.29617325420260443:682073.31905154884] [0:7777903280.1419992] [0.69314718055994529:11.931326541486666] [0:1] [0:1] [0:13] [0:3] [0.074407741074407743:0.20546737213403882] [-0.21880285524313567:0.34808532510629164] [0:1] [-7.9016383639073218e-05:0.000467040928801158] [-0.99933997597666602:4584454746.8734541] [-0.00055685156614276887:0.00013130403461455081] [0:0.99933997597666602] [-0.25095350998064891:0.06266993254882984] [-0.99999999979787779:11.691625194185356] [-0.22881125341405573:0.30459306418624671] [0:0.99999999979787779] [-0.075722226328993517:0.096563158207743721] [-0.95652173913043481:190.81818181818181] [-2.1930065088787614:1.1976658848071096] [0:0.96551724137931039] [0.00066002402333406021:4584454747.873455] [0.00066002402333406021:1] [0:10.46928986841818]
tree_sizes=1676 1611 1713 1604 1715 1703 1609 1409 1608 1719 1707 1719 1717 1720 1720 1723 1707 1730 1709 1721 1714 1712 1712 1721 1712 1712 1730 1714 1717 1717 1735 1719 1721 1719 1703 1723 1724 1729 1727 1725 1717 1713 1731 1736 1726 1724 1730 1734 1723 1731 1726 1728 1745 1734 1729 1747 1752 1722 1734 1719 1725 1733 1720 1721 1729 1732 1733 1732 1731 1738 1737 1738 1732 1728 1725 1739 1742 1735 1734 1736 1737 1734 1729 1739 1744 1741 1734 1734 1743 1727 1733 1741 1736 1751 1742 1742 1735 1750 1746 1731 1738 1740 1739 1741 1745 1731 1733 1741 1746 1726 1720 1742 1741 1752 1742 1740 1736 1747 1730 1743 1738 1748 1734 1732 1742 1746 1743 1732 1729 1727 1748 1725 1741 1736 1736 1726 1740 1737 1730 1763 1736 1753 1732 1750 1749 1753 1748 1734 1718 1751 1749 1734 1762 1749 1751 1742 1740 1731 1747 1730 1735 1746 1744 1745 1736 1736 1756 1753 1732 1753 1738 1733 1740 1746 1739 1739 1742 1741 1745 1745 1740 1740 1744 1748 1753 1752 1746 1742 1741 1739 1750 1761 1739 1732 1736 1730 1739 1746 1734 1738 1749 1741 1738 1742 1748 1743 1748 1743 1753 1756 1750 1748 1754 1728 1754 1748 1730 1742 1741 1743 1763 1746 1736 1733 1739 1770 1742 1743 1741 1749 1731 1750 1747 1736 1742 1728 1732 1761 1732 1740 1749 1742 1745 1733 1750 1745 1737 1734 1755 1734 1753 1746 1748 1750 1737 1749 1744 1744 1751 1749 1749 1751 1741 1741 1739 1748 1743 1753 1751 1748 1746 1745 1763 1740 1739 1743 1741 1734 1745 1739 1753 1738 1747 1755 1750 1743 1748 1743 1751 1738 1740 1731 1748 1743 1738 1743 1740 1744 1729 1754

Tree=0
num_leaves=15
num_cat=0
split_feature=25 10 2 1 25 62 43 11 0 2 1 64 25 55
split_gain=10977.5 2203.45 412.495 191.177 151.484 140.135 132.257 306.921 154.371 88.1721 75.0392 45.9282 26.8323 29.0214
threshold=0.99210593922071 3.5000000000000004 2966.5538176553659 250.00000000000003 0.021903496945387121 -0.34848484848484845 46.04500206698237 19.88080549309975 19.500000000000004 40.019073610395623 1.5000000000000002 0.16885964912280704 1.0157830009749156 -6.7880098598397857e-09
decision_type=2 10 10 10 2 2 8 10 8 8 10 2 2 2
left_child=1 4 3 6 9 -4 7 -2 -9 -1 -7 -3 -8 -14
right_child=2 11 5 -5 -6 10 12 8 -10 -11 -12 -13 13 -15
leaf_value=-2.601700623670391 -2.6252651476534634 -1.9606486859090531 -2.6047785940240034 -2.3849520205217933 -2.6195490275598794 -2.2581736481606094 -2.5320259318249709 -2.2782919812659075 -2.6045625039743179 -2.3353947026270152 -2.538919246503228 -2.2861212186756519 -2.5334830305358813 -2.6320559185155981
leaf_weight=3.2064058929681787 24.211636334657669 189.42823016643524 4.0570850074291256 6.6630909591913214 13.021934136748312 11.507442131638529 4.070577159523963 8.7321099191904032 3.9916481524705896 6.9383305311203012 4.7249457091093054 14.727340176701544 4.2014508694410315 106.33488930761814
leaf_count=49 370 478 62 53 199 66 50 48 61 45 60 103 52 1625
internal_value=-2.25449 -2.02792 -2.55024 -2.58023 -2.50771 -2.36274 -2.59479 -2.51784 -2.35851 -2.39871 -2.31081 -1.97652 -2.62118 -2.62643
internal_weight=405.817 227.322 178.495 158.205 23.1667 20.2895 151.542 36.9354 12.7238 10.1447 16.2324 204.156 114.607 110.536
internal_count=3321 874 2447 2259 293 188 2206 479 109 94 126 581 1727 1677
is_linear=0
shrinkage=1


Tree=1
num_leaves=14
num_cat=0
split_feature=25 29 8 38 10 55 56 28 59 29 2 33 13
split_gain=4516.08 763.949 354.018 205.579 145.491 130.407 170.77 85.3139 54.1935 71.9811 56.338 41.356 27.172
threshold=1.0056944858930044 13.778702990740255 143.50000000000003 718.26159580218257 1.5000000000000002 1.7870799336715372e-09 0.31011373470863862 0.93782625356105376 -3.3501411914143131e-05 0.0050903645759774472 2858.2128068627121 313.48960698874743 -65.889288568399749
decision_type=2 8 10 2 8 2 2 2 2 8 10 2 8
left_child=1 12 3 5 -3 -2 -7 8 9 10 -5 -10 -1
right_child=2 4 -4 7 -6 6 -8 -9 11 -11 -12 -13 -14
leaf_value=0.076002624298939225 -0.032590735858253256 -0.016920859530021804 0.26891590561736661 0.18633019048734828 0.34891330010460742 0.28203871846563666 -0.027487597848403711 0.1294969674312306 -0.051457546293948657 -0.038048063308162697 -0.022110483671194461 0.08041978815957565 -0.039222643724568296
leaf_weight=2.1246124133467674 7.5848203822970417 2.2841748371720305 8.0940668359398824 4.3568563759326935 339.09667726606131 9.5370297953486425 5.2421808019280425 3.6562162339687339 115.50713612884283 12.069812007248403 3.5014363676309586 1.9066828191280354 13.454970687627791
leaf_count=12 111 34 36 22 671 37 82 24 1815 185 55 11 207
internal_value=0.230711 0.330849 0.0187635 -0.00124891 0.346257 0.124555 0.193055 -0.0247852 -0.0332969 0.0363453 0.120972 -0.0461187 -0.00886138
internal_weight=528.417 356.96 171.456 163.362 341.381 22.364 14.7792 140.998 137.342 19.9281 7.85829 117.414 15.5796
internal_count=3302 924 2378 2342 705 230 119 2112 2088 262 77 1826 219
is_linear=0
shrinkage=0.05


Tree=2
num_leaves=15
num_cat=0
split_feature=25 10 2 7 41 63 54 10 64 59 63 11 64 64
split_gain=2739.9 418.828 152.699 112.497 91.0661 122.144 76.8794 76.8512 55.5309 50.7449 75.6048 45.0141 42.8813 32.0608
threshold=1.0157830009749156 2.5000000000000004 2953.9556215600446 3.5000000000000004 2.5530000000000004 -0.0015514632294298539 -0.32402264711037448 5.5000000000000009 0.048042321532925293 -4.7582775891774658e-06 0.00035086766634057287 29.542345657159501 0.63245614035087727 0.88348416289592768
decision_type=2 8 10 8 10 2 2 8 2 2 2 8 2 2
left_child=1 -1 4 -3 9 6 -6 -4 -5 10 -2 -12 -10 -7
right_child=2 3 7 8 5 13 -8 -9 12 -11 11 -13 -14 -15
leaf_value=0.012413922355074207 -0.039589796024012525 -0.020000764496327435 0.17336166137730358 0.26725607869691675 -0.022367018407090992 -0.042790690265030018 0.21203022263191762 -0.026769586181386341 0.18500408258058468 -0.050556809103778536 0.17081720287395707 -0.020360579983846088 0.025482222908094761 0.080005292794504287
leaf_weight=18.841697130352259 14.045951440930368 2.9602210074663153 13.532938033342363 399.66411797702312 3.5455945916473857 19.854389183223251 8.379650477319954 4.852219730615615 42.40022387355566 86.231572270393372 4.9797657951712582 3.0609200485050687 6.551101326942443 1.926043152809142
leaf_count=243 222 46 91 486 54 322 38 68 168 1420 22 49 60 12
internal_value=0.186543 0.246834 0.00761557 0.256372 -0.0114912 0.0551943 0.15632 0.126113 0.258396 -0.0337617 0.0290389 0.118137 0.167996 -0.019022
internal_weight=630.826 470.417 160.409 451.576 142.024 33.7057 11.9252 18.3852 448.615 108.318 22.0866 8.04069 48.9513 21.7804
internal_count=3301 1003 2298 760 2139 426 92 159 714 1713 293 71 228 334
is_linear=0
shrinkage=0.05


Tree=3
num_leaves=14
num_cat=0
split_feature=23 3 62 23 9 28 59 3 29 63 2 59 13
split_gain=1690.95 314.358 239.203 175.221 160.874 85.935 60.9159 59.7552 54.8714 54.7201 46.6781 3.76695 2.91651
threshold=8.0061861975406377 3.5000000000000004 -0.064583333333333312 7.8983240208475953 89.500000000000014 0.93782625356105376 -3.3501411914143131e-05 7.5000000000000009 0.0050903645759774472 0.013452708360620909 2858.2128068627121 -0.0113731801557729 -36.426498153446651
decision_type=2 8 2 2 10 2 2 10 8 2 8 2 10
left_child=1 4 7 12 5 6 8 -2 10 -5 -1 -4 -3
right_child=2 3 11 9 -6 -7 -8 -9 -10 -11 -12 -13 -14
leaf_value=0.15837971263362552 -0.038800524791679815 0.08775865005609812 0.072544104004500135 -0.040839851515578479 0.18812204455653336 0.12586427138321568 -0.051098998095607244 0.10182933290839546 -0.036037296687896299 0.10139877257602542 -0.022765922376521131 0.21038989931374097 0.22240083200343599
leaf_weight=5.5381535664200756 12.037331607192757 10.573987156152727 7.185026839375495 15.281403884291651 4.2447201013565055 3.8108996078371993 108.98386881127954 9.1956474557518941 10.237241625785829 5.1729942485690108 3.6882724687457094 482.54314629361033 19.406276505440474
leaf_count=21 160 62 29 224 3 20 1833 42 164 37 59 637 24
internal_value=0.155337 0.025757 0.202036 0.126238 -0.0145172 -0.0276366 -0.0367361 0.0299042 0.0376936 0.00798446 0.103416 0.209121 0.194245
internal_weight=697.899 186.938 510.961 50.4347 136.503 132.258 128.448 21.233 19.4637 20.4544 9.22643 489.728 29.9803
internal_count=3315 2447 868 347 2100 2097 2077 202 244 261 80 666 86
is_linear=0
shrinkage=0.05


Tree=4
num_leaves=15
num_cat=0
split_feature=18 2 62 8 28 8 42 12 11 63 13 36 63 30
split_gain=1168.07 250.485 177.621 119.864 104.436 89.9093 50.6379 34.0624 92.6269 31.2984 17.5816 16.0615 14.7033 10.2268
threshold=3.5000000000000004 3030.4665813377073 -0.064583333333333312 151.50000000000003 0.34519195677007725 152.50000000000003 87.485000000000014 29.468116017505583 24.426854996037239 -0.0075880281056202835 5.5087996890092521 0.0352429746933706 0.0060123171728230515 118.50000000000001
decision_type=10 8 2 10 2 10 10 8 10 2 10 2 2 8
left_child=1 4 3 6 5 7 -2 8 -1 -6 -9 -12 -11 -4
right_child=2 -3 13 -5 9 -7 -8 10 -10 12 11 -13 -14 -15
leaf_value=-0.042469898035993242 0.081762550207437334 0.15187578841577251 0.14399467750695086 0.16488588055259493 0.16382655997597251 0.14074517014881543 -0.04405672597862223 -0.050681416525014948 0.12545757659102863 -0.02751468501546377 0.069817378187879614 -0.027955405899358039 0.065455493851069399 0.18585459835183615
leaf_weight=19.683703780174259 6.5906580276787308 24.562450528144836 132.50546899437904 11.085557900369166 5.2527757883071899 3.1058397293090811 20.892489917576313 92.368483752012253 7.3914775736629954 5.1184580884873849 2.4510851800441733 5.3071594573557377 2.7343800514936447 408.50335147976875
leaf_count=346 49 88 270 31 13 2 303 1583 37 75 13 77 18 362
internal_value=0.13614 0.0193195 0.169543 0.0564448 -0.0077353 -0.0225822 -0.00594328 -0.0317424 0.0157845 0.105356 -0.0447336 0.0181902 0.0177277 0.177015
internal_weight=747.553 167.976 579.578 38.5687 143.413 130.308 27.4831 127.202 27.0752 13.1056 100.127 7.75824 7.85284 541.009
internal_count=3267 2252 1015 383 2164 2058 352 2056 383 106 1673 90 93 632
is_linear=0
shrinkage=0.05


Tree=5
num_leaves=15
num_cat=0
split_feature=25 18 2 32 42 12 30 13 23 16 64 18 33 18
split_gain=1001.58 200.443 98.177 88.9537 79.8776 120.316 29.8017 27.7769 22.9745 30.9143 28.9486 13.0417 28.8588 2.97932
threshold=1.0357573084996898 2.5000000000000004 2867.0304297140938 56.869505271284389 122.63500000000002 32.215600256660473 3.5000000000000004 5.5087996890092521 7.8974698084786468 4.5000000000000009 0.66091954022988519 2.5000000000000004 11.769928241828614 2.5000000000000004
decision_type=2 8 10 2 10 8 10 10 2 10 2 10 2 8
left_child=1 6 8 4 5 13 7 -1 -2 10 -10 12 -3 -4
right_child=2 11 3 -5 -6 -7 -8 -9 9 -11 -12 -13 -14 -15
leaf_value=-0.025142539416326621 -0.048829862741700494 0.10020342648542464 0.13713971058289284 -0.041682437764987132 0.16075298910556798 -0.043482336020866916 -0.03939280537956668 0.10529441896787967 -0.023256459601208587 -0.036894579874246533 0.11621813049746761 0.15531829238187755 -0.024949622677577801 0.034634976651081104
leaf_weight=4.2896684072911757 56.357328396290541 9.1584316939115507 10.046789184212681 18.012297414243221 14.396859757602213 21.723348062485456 13.621262960135935 4.8640464954078197 3.8754377402365225 11.360415913164614 4.296749223023653 656.03149106353521 4.3616555370390406 5.2989317886531362
leaf_count=61 1023 24 58 320 55 373 212 20 69 208 28 778 73 48
internal_value=0.124147 0.149036 0.00459855 0.0458807 0.0775038 0.0299085 0.00257496 0.05688 -0.0336957 0.0110232 0.0663549 0.153962 0.0639929 0.118955
internal_weight=837.695 692.327 145.368 69.4782 51.4659 37.0691 22.775 9.15371 75.8899 19.5326 8.17219 669.552 13.5201 15.3457
internal_count=3350 1168 2182 854 534 479 293 81 1328 305 97 875 97 106
is_linear=0
shrinkage=0.05


Tree=6
num_leaves=14
num_cat=0
split_feature=23 38 16 56 62 10 34 4 4 23 55 67 29
split_gain=680.207 175.453 118.459 97.4582 90.5727 134.149 74.7328 96.7005 112.301 44.7469 29.1583 16.565 15.3444
threshold=7.9868111883505808 718.26159580218257 151.50000000000003 0.32866085133724449 -1.0000000180025095e-35 31.500000000000004 714.49089205861037 1.0476568145198504 1.1202979873981502 7.8985750510299777 -6.7880098598397857e-09 0.05059447531640375 7754.9252754608415
decision_type=2 2 10 2 2 10 2 10 10 2 2 2 10
left_child=1 3 6 9 5 -2 10 -8 -9 -1 -3 -11 -6
right_child=4 2 -4 -5 12 -7 7 8 -10 11 -12 -13 -14
leaf_value=0.15047315163122144 -0.044364591962056631 0.050339506214515939 0.15178438208409781 -0.035916822645726425 0.13968085814840411 0.14026912941357761 -0.040750621882195498 0.19419816426505571 -0.031288502744069795 -0.029584373981776782 -0.050264317426718413 0.06754438697343805 0.083505101361581943
leaf_weight=33.250396218150854 18.124780945479873 3.8696314953267565 5.7489758729934684 9.0282318480312806 616.66171278804541 12.785552158951758 16.480753250420094 9.1788871251046675 7.0630350448191157 5.8776786886155588 87.979753766208887 2.5792078152298927 39.637800887227058
leaf_count=61 212 38 3 120 627 18 305 8 125 81 1635 12 63
internal_value=0.110365 0.0233645 -0.00809053 0.0976385 0.132952 0.0409031 -0.0210412 0.0397831 0.111858 0.127299 -0.0436458 0.0141284 0.136945
internal_weight=868.266 181.057 130.321 50.7355 687.21 30.9103 124.572 32.7227 16.2419 41.7073 91.8494 8.45689 656.3
internal_count=3308 2388 2114 274 920 230 2111 438 133 154 1673 93 690
is_linear=0
shrinkage=0.05


Tree=7
num_leaves=12
num_cat=0
split_feature=25 8 10 2 61 8 28 62 29 59 59
split_gain=736.732 169.76 155.577 100.188 56.6404 42.8643 25.2923 16.7451 13.8317 9.41294 23.7733
threshold=1.0157830009749156 151.50000000000003 2.5000000000000004 3220.3445071731821 0.005580318970332814 89.500000000000014 0.93782625356105376 -0.61204013377926414 7754.9252754608415 -8.8479815934287723e-05 -9.4805061905493709e-05
decision_type=2 10 10 10 2 8 2 2 10 2 2
left_child=2 3 5 4 6 -1 9 -4 -9 10 -2
right_child=1 -3 7 -5 -6 -7 -8 8 -10 -11 -12
leaf_value=-0.041526462961637436 -0.037324573070662705 0.14504656936388871 0.023146689499562809 0.11388369919343387 0.074614260143939223 0.062314409227507916 0.045533401080495112 0.12720848180456609 0.074234578342764507 -0.050644955361190916 0.071033333960893549
leaf_weight=16.726832084357742 11.38887022808194 12.502826400101183 6.6157493442296973 7.9790935926139346 7.0115726068615905 13.38203666359186 4.1976092755794516 665.19749694317579 37.465557649731636 104.5136431902647 2.3402448892593375
leaf_count=261 187 28 45 17 41 55 30 596 60 1998 9
internal_value=0.0990858 -0.00196699 0.119453 -0.0199639 -0.0321422 0.0069278 -0.0409432 0.124148 0.124928 -0.0457359 -0.00482166
internal_weight=889.322 149.934 739.388 137.431 129.452 30.1089 122.44 709.279 702.663 118.243 13.7291
internal_count=3327 2310 1017 2282 2265 316 2224 701 656 2194 196
is_linear=0
shrinkage=0.05


Tree=8
num_leaves=14
num_cat=0
split_feature=25 10 23 0 0 9 55 32 14 38 14 30 14
split_gain=482.73 198.878 72.9557 65.0037 201.843 89.0522 30.1411 18.6202 28.0629 23.1054 21.3588 76.4908 69.2733
threshold=1.0357573084996898 2.5000000000000004 8.0185758775468745 18.500000000000004 19.500000000000004 64.500000000000014 -6.0598587810876202e-09 150.5841134025348 -0.089097392483144341 1018.9513345190286 0.26529381265955082 226.50000000000003 -1.6737987516011981
decision_type=2 8 2 10 10 10 2 2 8 2 8 8 10
left_child=1 -1 3 -2 -5 6 -6 10 -9 -10 11 12 -3
right_child=2 7 -4 4 5 -7 -8 8 9 -11 -12 -13 -14
leaf_value=-0.042954712676699501 -0.048095855871189613 -0.049007051881471315 0.12284281891412695 0.16999467157684245 0.057275194696801458 0.09903193435367677 -0.048670475741387415 0.096253505090769659 -0.044755920025169385 0.049840888392338488 0.11869009258656874 0.11476643328173027 0.071142430634559148
leaf_weight=18.79732896015048 47.470943626016378 15.452425744384525 7.3552359119057646 13.34925416484475 3.318122010678052 9.2872073128819448 57.637381508946419 16.401607863605022 7.2504398375749579 8.7298903279006463 622.54175362735987 67.029806189239025 25.195498898625374
leaf_count=288 910 122 10 13 30 45 1158 23 35 36 502 82 68
internal_value=0.0930188 0.108176 0.00666661 -0.00412779 0.0221464 -0.0153806 -0.0389986 0.112156 0.0587452 0.0064837 0.114109 0.0835344 0.0251023
internal_weight=919.817 781.399 138.418 131.063 83.592 70.2427 60.9555 762.601 32.3819 15.9803 730.219 107.678 40.6479
internal_count=3322 1156 2166 2156 1246 1233 1188 868 94 71 774 272 190
is_linear=0
shrinkage=0.05


Tree=9
num_leaves=15
num_cat=0
split_feature=25 10 2 41 13 12 33 67 30 12 43 53 5 0
split_gain=432.297 116.432 77.1121 59.0863 71.3935 55.0392 93.6514 47.3577 12.7197 58.567 43.6439 15.4475 8.31269 7.02182
threshold=1.0149680001718067 1.5000000000000002 3161.5596197499976 2.5530000000000004 -35.081198342918832 29.468116017505583 14.460151280134216 0.043434053204277123 113.50000000000001 979.99410300663214 4076.1906173081984 6.8376111524412667e-10 0.26973519072070001 1.0000000180025095e-35
decision_type=2 10 10 10 10 8 2 2 8 10 10 2 10 10
left_child=1 13 3 5 -5 6 -2 -6 9 11 -11 12 -3 -1
right_child=2 8 -4 4 7 -7 -8 -9 -10 10 -12 -13 -14 -15
leaf_value=0.014592356358044224 -0.041444393382097031 0.021821776791775035 0.10586055189109443 -0.038653094203243546 -0.026462573910681426 -0.049315105647973201 0.11554446292386554 0.12191754815537043 0.10911649951281177 -0.048338057552786771 0.060073510707450109 0.10372022086800972 0.079516133117726803 -0.03752899333192939
leaf_weight=7.1517978906631496 17.953174475580457 20.158970750868324 12.422889310866593 13.368144299834965 4.9695889763534096 68.745666477829218 11.617411777377127 18.271092154085636 558.38162369281054 11.439927842468025 16.800574168562889 145.5885546952486 10.274335112422703 11.456231381744145
leaf_count=25 355 95 30 257 96 1413 41 97 414 81 27 170 15 183
internal_value=0.0856591 0.10039 0.00682476 -0.00575063 0.0447825 -0.0258237 0.0280229 0.0911215 0.103397 0.0855271 0.015492 0.0960251 0.0497715 -0.0186488
internal_weight=928.6 781.252 147.348 134.925 36.6088 98.3163 29.5706 23.2407 762.644 204.262 28.2405 176.022 30.4333 18.608
internal_count=3299 1010 2289 2259 450 1809 396 193 802 388 108 280 110 208
is_linear=0
shrinkage=0.05


Tree=10
num_leaves=15
num_cat=0
split_feature=10 12 11 61 14 35 33 63 0 9 9 0 28 60
split_gain=314.429 114.293 171.07 62.1167 91.4662 39.0865 33.4032 32.9514 30.5369 27.199 18.5494 16.8617 12.5631 11.9103
threshold=2.5000000000000004 29.468116017505583 19.88080549309975 -0.00057850101894180281 -22.272523535936049 119.92781887390278 57.940791371940101 -0.019490709006468678 19.500000000000004 13.500000000000002 3.5000000000000004 1555.5000000000002 6.9775575581388394e-05 0.1696053465258289
decision_type=10 10 8 2 8 2 2 2 10 10 10 10 2 2
left_child=1 2 -1 4 6 -6 -2 -3 12 -7 -5 -10 -4 -8
right_child=3 7 8 10 5 9 13 -9 11 -11 -12 -13 -14 -15
leaf_value=-0.044476738881188749 0.12147664484771581 0.065801356354238033 0.062176808192886956 0.012323454431590282 -0.0470483170525723 -0.025566671779067435 0.050558926227477458 -0.048425928402419764 -0.030292998768296428 0.10314556826435238 0.099674086731627837 0.066965619090607262 0.15124040459481844 -0.030060897058591982
leaf_weight=26.830720745027065 24.783989824354649 2.7020915597677222 18.390895701944828 7.6477265655994406 23.841844212263823 4.2930156961083394 3.1086239814758283 55.908596441149712 6.2632616795599443 4.8367950692772865 794.32023764401674 2.522904708981514 20.893916267901659 5.6579946987330914
leaf_count=579 59 20 103 46 346 64 1 1180 97 6 693 7 29 80
internal_value=0.0840413 0.0120905 0.0515312 0.0949697 0.0437305 -0.0152727 0.0961757 -0.0384015 0.10426 0.0549923 0.0989226 0.0117928 0.121274 0.00650664
internal_weight=1002 133.512 74.9017 868.49 66.5223 32.9717 33.5506 58.6107 48.071 9.12981 801.968 8.78617 39.2848 8.76662
internal_count=3310 2015 815 1295 556 416 140 1200 236 70 739 104 132 81
is_linear=0
shrinkage=0.05


Tree=11
num_leaves=15
num_cat=0
split_feature=25 10 22 3 62 1 41 22 33 3 59 59 7 42
split_gain=381.792 89.9166 68.2405 42.5563 39.5207 76.6988 38.9409 35.8034 27.0018 22.3071 15.2203 11.9657 10.6575 3.07066
threshold=1.0464125581834796 1.5000000000000002 8.0775540839006048 3.5000000000000004 -0.064583333333333312 200.00000000000003 2.7450000000000006 7.9627398069595836 41.612951371554551 41.500000000000007 -9.4805061905493709e-05 -0.00010809570874714244 1.5000000000000002 94.155000000000015
decision_type=2 8 2 10 2 8 10 2 2 8 2 2 8 8
left_child=1 -1 3 10 5 9 8 -5 -7 -3 11 -2 -6 -14
right_child=2 4 -4 7 12 6 -8 -9 -10 -11 -12 -13 13 -15
leaf_value=-0.037080588821637735 -0.025898549179220232 -0.044854634355528174 0.089497245390877556 0.08158538007958098 -0.011859192199513757 0.069895275847413771 0.13252634981236447 -0.033528405421875261 -0.03456486306571864 0.052866410434960411 -0.04901761307879865 0.058121980319953963 0.098740543972618389 0.081859027848313004
leaf_weight=11.502386555075644 4.763105496764183 19.576697740703825 9.7852821536362153 10.660246051847936 1.3339405246078957 7.3285262063145664 16.400648020207882 8.127497021108864 8.0361300408840162 3.1174876987934104 69.215714752674103 2.922667644917964 539.93841595575213 264.10489831492305
leaf_count=220 92 295 20 50 17 29 19 130 113 2 1569 6 417 311
internal_value=0.0778698 0.0886907 -0.0114913 -0.02575 0.0905779 0.0432904 0.0883241 0.0352073 0.0201876 -0.0243097 -0.0418826 0.0163672 0.0934886 0.0937356
internal_weight=976.814 871.339 105.475 95.6892 859.837 54.4595 31.7653 18.7877 15.3647 22.6942 76.9015 7.68577 805.377 804.043
internal_count=3290 1423 1867 1847 1203 458 161 180 142 297 1667 98 745 728
is_linear=0
shrinkage=0.05


Tree=12
num_leaves=15
num_cat=0
split_feature=25 10 4 12 30 62 41 35 5 7 35 30 12 10
split_gain=251.429 70.019 68.8148 85.8529 66.201 33.0671 26.6603 28.9365 24.5399 27.2577 23.6395 20.9755 14.5346 34.8164
threshold=1.0157830009749156 2.5000000000000004 1.0476568145198504 32.215600256660473 252.00000000000003 -0.62397540983606548 2.7450000000000006 86.332354388279384 15.171698059412558 85.500000000000014 1088.6680118537556 118.50000000000001 962.90743178160278 24.500000000000004
decision_type=2 8 10 8 10 2 10 2 10 10 2 8 10 10
left_child=1 10 8 -4 6 -3 -5 -8 9 -2 -1 12 -7 -14
right_child=2 5 3 4 -6 11 7 -9 -10 -11 -12 -13 13 -15
leaf_value=-0.040467495259254846 -0.047930579267409429 -0.026875139928290045 0.10420885552264617 -0.046302534240538581 0.082168902557374718 0.074851269776965032 -0.03203907026110412 0.080152301677281268 0.059465593872359494 0.053686406141124715 0.063742741397769781 0.092121227102918438 -0.024477736845149301 0.065501288204514382
leaf_weight=14.382636703550817 51.715827073901892 4.4091152697801581 27.860274072736502 34.894584756344557 14.830023374408482 180.71216621622443 7.5256653390824777 6.4426542222499847 2.7731506824493399 3.2998748011887065 2.6955363675951949 585.4065593034029 13.803547587245701 23.753298789262772
leaf_count=228 1194 45 116 748 41 245 148 38 1 11 7 393 53 24
internal_value=0.0725652 0.0833164 0.0123866 0.0385525 0.00433866 0.0854278 -0.0247179 0.0271951 -0.0288363 -0.0378706 -0.0133087 0.0862062 0.0686343 0.0334402
internal_weight=974.505 825.163 149.342 91.5532 63.6929 808.085 48.8629 13.9683 57.7889 55.0157 17.0782 803.676 218.269 37.5568
internal_count=3292 995 2297 1091 975 760 934 186 1206 1205 235 715 322 77
is_linear=0
shrinkage=0.05


Tree=13
num_leaves=15
num_cat=0
split_feature=25 9 63 2 61 63 10 1 25 1 33 2 23 45
split_gain=253.258 76.3331 54.382 37.3059 49.1144 61.8231 35.8173 30.6658 30.1167 25.593 11.4318 33.012 31.9783 8.06103
threshold=1.0357573084996898 3.5000000000000004 -0.0097934875378596145 3220.3445071731821 -0.0037305810539383605 0.008368890739651972 2.5000000000000004 213.00000000000003 0.025824222460025675 5.5000000000000009 74.112947407006303 4380.5133361831386 8.7045638097674054 2.8617925509761908
decision_type=2 8 2 10 2 2 8 8 2 10 2 10 2 10
left_child=1 8 9 4 5 7 -3 -4 -1 13 -8 12 -12 -2
right_child=2 6 3 -5 -6 -7 10 -9 -10 -11 11 -13 -14 -15
leaf_value=0.05091851329897993 0.021202038851050733 -0.027431624762899939 -0.025261540854025863 0.074194094796442858 -0.048505836486358457 -0.041342116692511234 0.085042636066956112 0.094827251243543145 -0.044034002861887633 -0.02494755394125572 -0.047692635118862736 0.071817823171324444 0.060367098488728357 0.10668515856185677
leaf_weight=9.0925064906477946 6.8605982996523442 5.2938417345285407 4.6173302382230785 6.5473578721284857 58.816055737435818 18.74197656661272 746.1623565889895 17.536234401166439 15.614574413746594 4.1256280578672877 11.084138683974745 81.26314988732338 6.9252119511365882 12.163655154407023
leaf_count=49 74 100 107 8 1355 457 619 98 214 64 97 71 7 40
internal_value=0.0694018 0.0790021 0.00393401 -0.0119195 -0.0208467 0.0198833 0.0815054 0.0697551 -0.0064016 0.0658942 0.0823448 0.0589612 -0.00205154 0.0866864
internal_weight=1004.84 875.436 129.409 106.259 99.7116 40.8955 850.729 22.1536 24.7071 23.1499 845.435 99.2725 18.0094 19.0243
internal_count=3360 1157 2203 2025 2017 662 894 205 263 178 794 175 104 114
is_linear=0
shrinkage=0.05


Tree=14
num_leaves=15
num_cat=0
split_feature=29 23 32 64 33 25 41 5 5 64 61 67 56 5
split_gain=187.334 81.3474 89.0759 59.1392 53.0076 57.6127 48.6817 52.8944 20.1733 18.843 31.2125 21.5122 58.9513 27.8091
threshold=5.6478719558257291 8.3215142172658059 61.6585899805849 0.66091954022988519 74.112947407006303 1.0631472323210758 1.3715000000000004 6.2495045888020506 15.171698059412558 0.64852941176470602 -0.013274921152362866 0.094545582744791759 3.0360008735037596e-07 0.26973519072070001
decision_type=8 2 2 2 2 2 8 10 10 2 2 2 2 10
left_child=3 2 6 -1 5 -5 7 -2 -4 11 -11 12 -8 -14
right_child=1 -3 8 4 -6 -7 9 -9 -10 10 -12 -13 13 -15
leaf_value=-0.047342191301209993 -0.048098256718539012 0.081074360811565979 -0.050090841143596479 0.10900910412879468 -0.038274199037356953 -0.031715984747302237 0.074907667927901267 0.068344809764993186 0.04256494917311468 0.070621799461062118 -0.039030725230905533 0.092901903319066101 -0.050686156268334163 0.041003542180105497
leaf_weight=39.818540774285793 19.315508082509044 684.62516432628036 24.513874430209402 19.245850481092933 13.522594343870876 7.7232695482671252 57.097997330129147 11.286190390586851 3.286151409149169 6.7155004329979446 9.7816017195582372 72.101148948073387 14.95590925589204 9.426969710737465
leaf_count=860 331 457 396 77 328 196 212 15 1 19 127 82 158 42
internal_value=0.0658868 0.0722942 0.0448124 -0.00693068 0.0336446 0.0700516 0.0563422 -0.00158579 -0.0343193 0.0665126 0.0116496 0.0718526 0.048932 -0.0142917
internal_weight=993.416 913.106 228.481 80.3103 40.4917 26.9691 200.681 30.6017 27.8 170.079 16.4971 153.582 81.4809 24.3829
internal_count=3301 1840 1383 1461 601 273 986 346 397 640 146 494 412 200
is_linear=0
shrinkage=0.05


Tree=15
num_leaves=15
num_cat=0
split_feature=29 59 8 13 15 5 23 33 4 29 29 13 59 1
split_gain=158.565 64.758 58.0457 52.6249 65.0994 52.5446 52.9002 38.273 30.0576 29.5543 17.2498 16.0557 13.0248 12.8008
threshold=5.6478719558257291 -3.3501411914143131e-05 152.50000000000003 0.97486764910543733 14.500000000000002 15.171698059412558 7.6193586805225832 56.092708241029676 53.599637655073302 0.0050903645759774472 7227.0575469837286 -0.99193333147357843 -0.0064687320444139123 200.00000000000003
decision_type=8 2 10 10 8 10 2 2 10 8 10 8 2 10
left_child=1 9 -3 4 5 6 -2 13 11 -1 12 -9 -5 -6
right_child=3 2 -4 10 7 -7 -8 8 -10 -11 -12 -13 -14 -15
leaf_value=0.084659631387521875 0.072334586464876477 -0.048198363255221956 0.078886355442635031 0.037102400151163409 0.057476195363857521 0.079943291486910095 -0.050368753004718748 -0.049123182826501965 0.070078471575761761 -0.027261998109944098 0.039103375252239364 0.037033724387645177 0.079788995581597841 0.10486866014180574
leaf_weight=18.500479254871607 6.3977428115904322 54.185869943350554 5.96718406677246 31.501857206225395 98.631774861365557 9.9378926679491979 37.905328068882227 15.297249205410479 6.253453016281127 5.1906697787344482 46.173905327916145 3.2850635051727357 597.81808596849442 28.395579628646374
leaf_count=87 8 1319 2 42 256 9 739 197 2 105 63 1 478 14
internal_value=0.0624378 -0.00310405 -0.0305051 0.0686535 0.0445962 -0.00240463 -0.0271106 0.0609251 0.00329759 0.0596603 0.0756122 -0.0292693 0.0779615 0.0716405
internal_weight=965.442 83.8442 60.1531 881.598 206.104 54.241 44.3031 151.863 24.8358 23.6911 675.494 18.5823 629.32 127.027
internal_count=3322 1513 1321 1809 1226 756 747 470 200 192 583 198 520 270
is_linear=0
shrinkage=0.05


Tree=16
num_leaves=15
num_cat=0
split_feature=25 33 28 2 1 3 5 42 23 5 29 45 33 41
split_gain=246.09 43.6017 114.215 41.4939 26.5724 62.6912 53.1782 29.5156 22.0671 16.5358 12.7232 11.5936 3.78231 0.691878
threshold=1.0625815314346199 74.112947407006303 0.095308022754150082 3220.3445071731821 14.500000000000002 19.500000000000004 2.3435685267142001 14.975000000000003 5.6092941360458308 9.0234912489708012 7227.0575469837286 4.7529953070385709 6.9228383082188563 2.9395000000000002
decision_type=2 2 2 10 8 10 8 10 2 8 10 10 2 8
left_child=1 4 -3 -2 5 8 7 -6 -1 -7 -4 -9 -8 -14
right_child=3 2 10 -5 6 9 12 11 -10 -11 -12 -13 13 -15
leaf_value=0.047073824372400569 -0.048095796921262673 -0.048080288592482277 0.071311754139723155 0.050600985684242789 0.063772390358373288 0.075271629499334081 0.043625675542336435 -0.05478018909720811 -0.052466485144467258 0.026604858487361823 0.024135092744739323 0.019546062683023484 0.080072211738256793 0.052179482994811677
leaf_weight=3.2060933113098171 56.855042777955532 27.240077249705791 73.637260187417269 8.6076368391513807 6.8678295612335232 65.958999037742615 28.693040486425161 11.947894811630251 16.636706311255693 33.453801363706589 25.946723595261574 4.5737905353307715 562.9096204675734 39.97047858312726
leaf_count=1 1470 530 70 21 6 36 67 100 180 50 43 10 657 61
internal_value=0.059124 0.0659193 0.0364467 -0.0324485 0.0704823 0.0451919 0.0747099 0.000548121 -0.0301459 0.0609528 0.0607613 -0.0344434 0.0774305 0.0786673
internal_weight=966.505 901.042 126.824 65.4627 774.218 119.256 654.963 23.3895 19.8428 99.4128 99.584 16.5217 631.573 602.88
internal_count=3302 1811 643 1491 1168 267 901 116 181 86 113 110 785 718
is_linear=0
shrinkage=0.05


Tree=17
num_leaves=15
num_cat=0
split_feature=29 18 59 8 42 29 64 34 32 29 36 27 61 35
split_gain=131.691 51.6585 46.6989 46.6148 35.5198 29.249 24.088 49.5435 47.6134 54.4727 41.8448 27.0512 23.1592 20.6839
threshold=9.5712829591410671 2.5000000000000004 -3.3501411914143131e-05 152.50000000000003 266.99000000000007 0.0050903645759774472 0.036274509803921572 5.0000491137441507 50.622759604298047 1586.9773592635595 0.21644630367503007 0.66578014184397172 0.0093314578256775259 999.05044656437974
decision_type=8 8 2 10 10 8 2 2 2 10 2 2 2 2
left_child=2 4 5 12 13 -1 -3 -8 10 -10 -9 -12 -4 -2
right_child=1 6 3 -5 -6 -7 7 8 9 -11 11 -13 -14 -15
leaf_value=0.07647310471797901 -0.043714034032014584 0.06977253054160576 -0.048052375401821563 0.072702996339886458 0.063347010000998988 -0.02908900819418625 -0.050521246369270328 0.084027993263033063 -0.051479582688799458 0.055917758829774157 -0.048193424066966632 0.041019452041463032 0.046575406854693163 0.047537886471593814
leaf_weight=19.372546724975109 23.203470150008801 724.20958383753896 53.546412460505962 6.2325539588928214 12.153406172990797 5.9619562700390842 8.8066423609852773 86.243358623236418 18.622599229216576 18.614029869437218 8.1137501038610953 19.743961047381163 3.2900599651038638 3.5505802091211072
leaf_count=88 557 592 1384 2 60 124 52 126 227 14 58 64 3 9
internal_value=0.0575708 0.0631243 -0.000701998 -0.0236604 0.00592624 0.0509312 0.0655933 0.0451533 0.0521585 0.00247089 0.0675895 0.0116559 -0.0392516 -0.0260254
internal_weight=1011.66 923.261 88.4035 63.069 38.9075 25.3345 884.354 160.144 151.338 37.2366 114.101 27.8577 56.8365 26.7541
internal_count=3360 1759 1601 1389 626 212 1133 541 489 241 248 122 1387 566
is_linear=0
shrinkage=0.05


Tree=18
num_leaves=15
num_cat=0
split_feature=23 1 62 11 0 23 14 24 5 53 5 29 23 55
split_gain=144.184 73.1207 71.3865 56.5406 38.0793 54.0554 28.0658 21.0314 20.9724 14.96 14.9296 13.1079 8.17079 7.84168
threshold=8.316531382355512 200.00000000000003 0.59230769230769242 19.88080549309975 11.500000000000002 7.9447380471130433 -0.11505712303083726 4.2555875595453383 12.760045746036552 -7.1598702164917603e-10 0.1744301182612 7754.9252754608415 8.8886903811637108 1.7870799336715372e-09
decision_type=2 8 2 8 8 2 8 2 8 2 10 10 2 2
left_child=1 2 7 -3 5 -5 10 -1 9 -6 -7 12 -2 -8
right_child=11 3 -4 4 8 6 13 -9 -10 -11 -12 -13 -14 -15
leaf_value=-0.051561482853528434 0.051528686644045155 -0.040093880004978488 0.048562862416582087 -0.042433789002083229 0.04905453283123784 -0.04656078856912288 0.027657136909614938 0.040165777036778552 0.073973730088448 -0.038698248188483608 0.035828201451525904 0.035880975417454206 0.072747659123982095 0.076477294243992966
leaf_weight=55.524254219606519 116.5447762273252 16.368210250511765 26.490746896713972 20.712272930890322 3.4822181053459644 8.8474513292312604 22.464107941836119 3.301222324371337 97.151477729901671 6.3701606914401037 4.5580142289400092 48.860997095704079 504.68287623673677 27.837292443960905
leaf_count=1209 189 465 41 506 12 72 62 1 336 66 15 63 294 28
internal_value=0.0542961 0.0244723 -0.013929 0.0401962 0.0479075 0.0209968 0.0432065 -0.0436706 0.0672531 -0.00161012 -0.0164246 0.0670636 0.0692101 0.0591465
internal_weight=963.196 293.107 85.3162 207.791 191.423 84.4191 63.7069 58.8255 107.004 9.85238 13.4055 670.089 621.228 50.3014
internal_count=3359 2813 1251 1562 1097 683 177 1210 414 78 87 546 483 90
is_linear=0
shrinkage=0.05


Tree=19
num_leaves=15
num_cat=0
split_feature=25 4 12 2 29 0 23 3 5 29 42 25 55 38
split_gain=128.94 44.8855 51.1472 46.9384 64.3685 46.1277 26.4198 59.3896 23.9051 16.5701 16.0308 13.4387 20.2392 28.3141
threshold=1.0157830009749156 1.0476568145198504 32.215600256660473 3161.5596197499976 -0.04636751035226893 19.500000000000004 8.9555951012363906 3.5000000000000004 6.2495045888020506 7227.0575469837286 94.155000000000015 0.97648191461583578 4.3421113907190334e-08 418.79642239438687
decision_type=2 8 8 10 8 10 2 8 10 10 10 2 2 2
left_child=6 -2 5 4 -4 -3 7 8 -1 -8 -9 12 13 -12
right_child=1 2 3 -5 -6 -7 9 10 -10 -11 11 -13 -14 -15
leaf_value=-0.045370403226505235 -0.044094966370698443 0.093806808045791293 0.064825701205100922 0.062755431855326865 -0.047971667950485838 -0.031409301756909147 0.071098667738990776 0.061067705823724519 0.055573068354646142 0.036719839066882427 -0.048078506974125232 0.057777136507223228 0.046873458268147379 0.036210914201483035
leaf_weight=20.537903394550089 27.44085281342268 28.002584910020232 11.906302951276301 16.552430588752031 48.220750225707889 6.7858287412673226 474.18346497043967 202.69303087890148 3.0546958148479453 56.280832260847092 17.615383654832844 24.481678571552038 20.242869019508362 13.099275298416613
leaf_count=323 787 57 80 33 1198 153 263 207 3 70 63 40 24 22
internal_value=0.0532089 0.00827338 0.0225048 -0.00128053 -0.0223736 0.0685044 0.0606153 0.0470355 -0.024868 0.0678281 0.0534662 0.0305158 0.0134262 -0.0120937
internal_weight=971.098 138.909 111.468 76.6795 60.1271 34.7884 832.189 301.725 23.5926 530.464 278.132 75.4392 50.9575 30.7147
internal_count=3323 2308 1521 1311 1278 210 1015 682 326 333 356 149 109 85
is_linear=0
shrinkage=0.05


Tree=20
num_leaves=15
num_cat=0
split_feature=29 23 32 27 5 29 13 29 41 33 14 41 9 14
split_gain=132.306 57.8476 52.2405 49.0071 42.5395 40.6196 24.5546 22.2113 18.4948 33.3948 14.5187 14.0795 14.0617 13.9652
threshold=5.6478719558257291 8.3215142172658059 51.665835896561035 0.83156028368794332 3.2039249324001502 -0.04636751035226893 -0.84703532799685988 7754.9252754608415 1.3715000000000004 471.1033778113819 19.87281100758457 2.7450000000000006 237.00000000000003 -27.238435602329893
decision_type=8 2 2 2 8 10 8 10 8 2 8 10 8 10
left_child=5 2 4 -4 6 11 -2 -3 9 -6 -9 -1 13 -10
right_child=1 7 3 -5 8 -7 -8 10 12 -11 -12 -13 -14 -15
leaf_value=-0.021066969055103225 0.038346142920834235 0.06583141628899486 -0.052213837318429206 0.056221448178706571 -0.045738204083708614 -0.037787484747039635 -0.048096899687620709 -0.002339519611802707 0.082170472229397024 0.066717662772259489 0.05243660839706718 0.068818492067276971 0.014174353713607505 0.042236554366358328
leaf_weight=3.3726538699120274 9.0156651996076089 594.77940060943365 27.405980279669166 10.654031500220297 10.614325042814018 50.953330041840672 15.658838449046018 24.076103881001472 61.004857109859586 6.4421606063842765 18.515637993812561 10.659390084445475 19.741864964365959 65.949734495952725
leaf_count=89 36 388 467 7 169 1322 267 49 91 2 14 36 71 237
internal_value=0.0503172 0.0554768 0.0326243 -0.0188562 0.0432414 -0.0173331 -0.0153728 0.0632802 0.0522672 0.00223168 0.0244802 0.0473554 0.0578196 0.0638123
internal_weight=928.844 863.859 226.487 38.06 188.427 64.9854 24.6745 637.371 163.753 17.0565 42.5917 14.032 146.696 126.955
internal_count=3245 1798 1347 474 873 1447 303 451 570 171 63 125 399 328
is_linear=0
shrinkage=0.05


Tree=21
num_leaves=15
num_cat=0
split_feature=25 64 36 42 1 17 1 43 2 33 23 32 0 14
split_gain=144.307 51.6078 32.148 30.117 21.5997 20.5133 17.6442 63.0126 15.2897 13.3668 22.6063 12.2269 7.33332 6.48241
threshold=1.0625815314346199 0.66797900262467202 0.012549173878835565 266.99000000000007 250.00000000000003 1.5000000000000002 14.500000000000002 1536.3215647586087 8544.9051274381036 134.32875634147655 12.830712881123569 316.83734713091809 99.000000000000014 -1.206168780458621
decision_type=2 2 2 10 10 8 8 10 10 2 2 2 10 8
left_child=1 5 -3 4 -2 -1 7 8 -7 13 11 -11 -9 -8
right_child=3 2 -4 -5 -6 6 9 12 -10 10 -12 -13 -14 -15
leaf_value=-0.025787656574608755 -0.047726816038637355 0.056409496148698959 -0.044500495358052228 0.045528340646382448 0.040972465475443226 -0.057695418751155171 0.044523688687866304 0.058635695906583976 0.030304125369544049 -0.051766381863228142 0.057303773949799443 0.027692562182389937 0.025932310094358282 0.065543734992465227
leaf_weight=4.7533531952649346 47.608178075402975 6.9714879803359535 18.734362946823239 8.9495996162295324 4.0182885490357867 15.080568013712766 89.634551731869578 103.81159833818674 3.0813941955566397 7.8811710625886917 12.404876232147217 3.8116092048585415 34.858225429430604 574.17406424880028
leaf_count=106 1406 12 357 73 25 194 279 80 1 81 4 9 52 583
internal_value=0.0500767 0.0552343 -0.0124043 -0.022969 -0.0378148 0.0573417 0.0579584 0.0401664 -0.0394465 0.0616956 0.0197462 -0.0253281 0.0516035 0.0630595
internal_weight=935.773 875.197 25.7059 60.5761 51.6265 849.491 844.738 156.832 18.162 687.906 24.0977 11.6928 138.67 663.809
internal_count=3262 1758 369 1504 1431 1389 1283 327 195 956 94 90 132 862
is_linear=0
shrinkage=0.05


Tree=22
num_leaves=15
num_cat=0
split_feature=23 32 11 12 12 13 55 43 0 48 5 0 29 14
split_gain=98.8446 73.254 54.8973 48.6969 93.4293 40.7817 38.6556 26.9731 30.4153 21.5982 17.5072 17.338 14.0047 26.6423
threshold=8.6457455261624609 61.6585899805849 19.88080549309975 32.215600256660473 218.07082410917482 45.084785416640052 -3.2511831226143533e-09 6661.6086975340622 23401.500000000004 1.0000000180025095e-35 98.25544448583473 242.50000000000003 7754.9252754608415 21.809511059155795
decision_type=2 2 8 10 10 8 2 10 8 2 10 10 10 10
left_child=1 2 -1 9 -5 7 -3 -6 11 -4 -11 -9 -2 -14
right_child=12 6 3 4 5 -7 -8 8 -10 10 -12 -13 13 -15
leaf_value=-0.040940488660080043 0.062482420738306135 0.03458401998671657 0.07082455281984934 -0.0563658488735789 0.05790262304688111 -0.059478141307718647 -0.051403215643694822 0.016081662474141733 0.062874410193284977 -0.039593061094214975 0.046937050530685781 -0.057923940768129616 -0.0073552786106981438 0.062270158658779509
leaf_weight=18.264438677579165 513.32152633741498 14.651719367131589 110.28325454518199 27.096911054104567 96.442659046500921 5.791486755013465 38.256144858896732 11.517292492091658 9.8310594558715803 7.1200288496911508 6.3062944412231445 12.157185032963751 24.59809198975563 23.638027176260948
leaf_count=593 342 66 223 470 358 25 941 40 3 91 2 82 52 12
internal_value=0.0468453 0.0257678 0.0351515 0.0406206 0.0216108 0.0386263 -0.0266608 0.0450403 0.00530593 0.0638313 0.00275774 -0.0253949 0.0599261 0.0294085
internal_weight=919.276 357.718 304.811 286.546 162.837 135.74 52.9079 129.948 33.5055 123.71 13.4263 23.6745 561.558 48.2361
internal_count=3300 2894 1887 1294 978 508 1007 483 125 316 93 122 406 64
is_linear=0
shrinkage=0.05


Tree=23
num_leaves=15
num_cat=0
split_feature=11 38 30 0 0 55 66 14 34 5 4 55 0 0
split_gain=73.0347 51.7214 31.464 95.3829 33.6554 43.2796 54.5481 21.0148 16.7833 15.1161 14.7117 13.2809 11.5663 17.9915
threshold=19.88080549309975 2858.6321465185847 118.50000000000001 534.50000000000011 13.500000000000002 1.7870799336715372e-09 0.99999993140894194 13.172475709644326 61.994910469858986 2.4151867821569 1.0476568145198504 1.1180710568451759e-07 16325.500000000002 553.50000000000011
decision_type=8 2 8 10 10 2 2 8 2 10 10 2 10 8
left_child=-1 2 3 4 5 6 -2 9 -7 -8 -6 -5 13 -4
right_child=1 -3 12 11 10 8 7 -9 -10 -11 -12 -13 -14 -15
leaf_value=-0.042366679888090959 -0.063092499020812529 -0.04026985585096185 0.056712092368792683 -0.053819871667046916 -0.0035311650916063052 -0.0094544101359949062 0.0009241436502991072 -0.025727647737655401 0.060699930765833826 0.069245693018443424 0.066048251103107733 0.022404926418578542 0.07607520283720326 0.025287427714589597
leaf_weight=18.873331027105451 20.478251738473773 12.543291088193653 424.10856054536998 26.922930009663109 7.5144135728478423 8.4008500408381206 12.346784716472031 10.283579120412467 59.319075185805559 19.296539917588234 133.93380034342408 4.0556317511945954 96.269774373620749 64.165137676522136
leaf_count=613 236 365 453 568 130 61 69 64 145 14 329 11 54 159
internal_value=0.0467379 0.0488311 0.0503096 0.036066 0.0455842 0.0257186 -0.00448386 0.0278146 0.0519454 0.0463512 0.0623575 -0.0421139 0.0573135 0.0528807
internal_weight=918.512 899.639 887.095 302.552 271.573 130.125 62.4052 41.9269 67.7199 31.6433 141.448 30.9786 584.543 488.274
internal_count=3271 2658 2293 1627 1048 589 383 147 206 83 459 579 666 612
is_linear=0
shrinkage=0.05


Tree=24
num_leaves=15
num_cat=0
split_feature=23 1 4 11 13 0 0 4 42 61 14 0 37 42
split_gain=88.9587 72.1882 61.7317 42.267 33.552 33.6733 26.4626 46.1701 24.7839 18.2254 17.7583 17.648 14.0106 22.3639
threshold=8.9555951012363906 200.00000000000003 18.377352669982752 19.88080549309975 45.084785416640052 1168.5000000000002 11.500000000000002 6.4049762630266009 93.365000000000023 0.038976742808374938 17.014612396460375 3.5000000000000004 0.34936045615657269 466.63500000000005
decision_type=2 8 8 8 8 10 10 8 10 2 8 8 2 10
left_child=1 2 9 -3 5 -4 7 -5 11 -1 -10 -9 13 -8
right_child=-2 3 4 6 -6 -7 12 8 10 -11 -12 -13 -14 -15
leaf_value=-0.058072158478424465 0.058705595612355867 -0.038490505596754536 0.05439244709810858 -0.031924815362202645 -0.052946362714825612 -0.027744266586252449 -0.038751973290875014 0.060101486557474409 -0.049579956343129776 0.03210243489649714 0.027066988160974966 0.0093382959710226737 0.066963076196693838 0.057806955745761834
leaf_weight=42.302547765895724 499.41311392188072 12.717094242572783 47.464030172675848 22.938785092905164 8.0817121099680644 12.944805059581993 7.4559177011251432 81.424220904707909 8.6437564920634014 3.1607735157012931 12.181499071419241 23.92686165869236 109.92165731079876 6.7285955995321274
leaf_count=863 329 440 176 443 122 177 108 118 69 1 38 78 305 5
internal_value=0.0446309 0.0265455 -0.0069088 0.0397674 0.0226308 0.0360163 0.0440362 0.0282971 0.0400449 -0.0492433 -0.008186 0.0495179 0.0611188 0.0101802
internal_weight=899.305 399.892 113.954 285.938 68.4905 60.4088 273.221 149.115 126.176 45.4633 20.8253 105.351 124.106 14.1845
internal_count=3272 2943 1339 1604 475 353 1164 746 303 864 107 196 418 113
is_linear=0
shrinkage=0.05


Tree=25
num_leaves=15
num_cat=0
split_feature=11 64 1 5 9 14 34 3 5 43 57 53 67 13
split_gain=66.0598 39.1578 52.1207 50.6267 33.4165 30.9316 39.3322 24.0607 27.8636 12.1019 10.8789 19.2072 22.3941 30.4568
threshold=19.88080549309975 0.048042321532925293 200.00000000000003 0.1501206219148 256.50000000000006 -9.059850987685989 714.49089205861037 24.500000000000004 3.3570493899108507 802.53274130651732 0.00013018603869984703 3.6232419799188781e-09 0.019061384413105006 4.1674888505756487
decision_type=8 2 8 10 10 10 2 10 10 10 2 2 2 8
left_child=-1 10 3 4 -3 9 7 8 -7 -4 11 12 13 -2
right_child=1 2 5 -5 -6 6 -8 -9 -10 -11 -12 -13 -14 -15
leaf_value=-0.0418574867819832 -0.034397445271607804 -0.055482058285462856 0.0052500507226522159 0.054438119800747045 0.027797724978822921 -0.052467631733684544 0.070456878182206736 0.039059528264342058 0.035694737028405428 0.072955991813480253 0.055841773107328546 -0.023335243219513038 0.059655987913829325 0.039041310867697562
leaf_weight=18.074665164574981 16.574558727443218 38.261419450864196 8.2185990922152978 18.075863860547543 13.163688145577906 26.151092214509845 18.791916038841009 14.423947587609289 8.5489857941865903 62.195416137576103 535.161764819175 9.2532184310257417 70.31218907982111 37.635271336883307
leaf_count=629 235 880 87 45 22 483 69 13 13 135 389 44 98 159
internal_value=0.044338 0.0463422 0.0263908 -0.00857864 -0.0335901 0.0436469 0.017612 -0.00724459 -0.0289873 0.0659255 0.052299 0.036625 0.0418095 0.015579
internal_weight=894.843 876.768 207.831 69.501 51.4251 138.33 67.9159 49.124 34.7001 70.414 668.937 133.775 124.522 54.2098
internal_count=3301 2672 1747 947 902 800 578 509 496 222 925 536 492 394
is_linear=0
shrinkage=0.05


Tree=26
num_leaves=15
num_cat=0
split_feature=21 7 59 54 21 59 1 38 26 1 5 57 5 29
split_gain=89.9068 94.1645 41.887 27.6465 27.7284 22.6967 20.0519 23.7644 19.6424 18.1735 45.0794 45.4745 12.0447 38.4881
threshold=0.97486764910543733 79.500000000000014 -3.3501411914143131e-05 -0.0086858288856717508 -11.678342206609463 0.0037872657301902504 193.00000000000003 55.259766942478421 0.51745511714035086 14.500000000000002 49.247973164244634 0.0021517171114032066 4.5904540843142509 2363.8015074522286
decision_type=10 8 2 2 10 2 8 2 2 8 8 2 8 10
left_child=1 2 3 4 -1 -4 7 -3 -7 10 -2 -12 13 -11
right_child=9 6 5 -5 -6 8 -8 -9 -10 12 11 -13 -14 -15
leaf_value=-0.031367703978443011 0.051952736609141362 0.042905406696250738 -0.051481806266552105 -0.040833900518518026 0.069722194109184135 0.045248488297582851 0.059484354940465778 -0.03329217926794549 -0.037108973177980072 -0.033697049333410146 -0.058036579162424363 0.031782994213481457 0.055583571738334281 0.056584125767196583
leaf_weight=5.8434376269578925 78.511967621743679 18.198593594133857 62.596512759104371 8.1293723080307227 21.677158055827025 10.582927303388717 70.842604355886579 13.565060252323745 8.6651962604373676 15.075628174468873 20.165115751326084 27.228101849555969 469.09420778416097 25.438194811344147
leaf_count=110 65 20 1843 142 58 42 96 87 195 105 133 28 404 11
internal_value=0.0393796 0.011508 -0.0187621 0.0242001 0.0467352 -0.0377915 0.0454316 0.0102621 0.00816568 0.0488673 0.0298115 -0.00832535 0.0532399 0.0229783
internal_weight=855.614 220.101 117.495 35.65 27.5206 81.8446 102.606 31.7637 19.2481 635.513 125.905 47.3932 509.608 40.5138
internal_count=3339 2593 2390 310 168 2080 203 107 237 746 226 161 520 116
is_linear=0
shrinkage=0.05


Tree=27
num_leaves=15
num_cat=0
split_feature=23 33 11 12 42 42 11 12 0 0 4 38 55 21
split_gain=75.2247 39.4642 36.6624 31.5428 26.5816 47.2145 23.8683 19.2563 17.8641 46.6948 32.6561 17.0254 15.1747 12.916
threshold=8.7774904041204014 74.112947407006303 19.88080549309975 75.039041316071945 20.945000000000004 48.13000000000001 192.12546380910882 151.95803276618616 16325.500000000002 1276.5000000000002 6.6321767451905513 2858.2128066721766 -9.4090787329979592e-08 38.686127669490041
decision_type=2 2 8 10 8 8 8 8 10 10 8 2 2 8
left_child=1 2 -1 -3 -4 11 -7 -2 9 10 -8 -6 -11 -12
right_child=7 3 4 -5 5 6 8 -9 -10 12 13 -13 -14 -15
leaf_value=-0.038977593354724172 0.010379062667683191 0.031529731634484269 0.063136375049985191 -0.049642648689250973 -0.053862813276991175 -0.035274560158056426 -0.025675755402660563 0.054938333541519196 0.066541317062257369 0.023669380889466941 0.051330957971768787 0.030861343076217358 -0.059990998861142765 0.014895504071263541
leaf_weight=15.259591797366737 28.348231293261051 14.595347870141266 52.887191945686936 27.908578544855118 20.256545228883628 8.9362062085419876 16.110778799280524 458.66520508006215 34.712714510038495 4.3999320566654232 113.25922467932105 4.1704119257628909 14.60103411413729 37.19542383775115
leaf_count=605 53 43 121 799 336 216 273 321 49 7 211 26 173 64
internal_value=0.0396417 0.022005 0.0279756 -0.0213842 0.0318808 0.0242691 0.0314001 0.0524764 0.0348279 0.0273052 0.0358863 -0.0366119 -0.0397232 0.0430922
internal_weight=851.306 364.293 321.789 42.5039 306.529 253.642 229.215 487.013 220.279 185.566 166.565 24.427 19.001 150.455
internal_count=3297 2923 2081 842 1476 1355 993 374 777 728 548 362 180 275
is_linear=0
shrinkage=0.05


Tree=28
num_leaves=15
num_cat=0
split_feature=23 61 1 45 4 59 23 29 55 25 31 23 36 42
split_gain=62.7046 35.5527 63.0024 71.8071 28.8678 25.4316 20.1559 15.6847 29.9055 13.827 13.4486 12.4536 19.5098 14.8057
threshold=8.3215142172658059 0.00045232458307822783 200.00000000000003 2.524928003624769 6.4049762630266009 0.0052074385215694517 8.0295694399948836 7754.9252754608415 3.649837852359559e-07 1.0691571529971504 3.5408542930527882 9.256501414143548 0.33415435139573074 95.125000000000014
decision_type=2 2 8 8 10 2 2 10 2 2 2 2 2 10
left_child=1 2 -1 5 -3 -4 -6 11 -9 -5 -8 12 13 -2
right_child=7 4 3 9 6 -7 10 8 -10 -11 -12 -13 -14 -15
leaf_value=-0.048571882578943688 0.031557410404077953 -0.021413391574414874 -0.049683822726848147 0.055336714317491736 0.069943719818416433 0.034239144917621721 -0.010883744487559126 -0.019542961100871715 0.054786441593914804 -0.0037606171724553781 0.038988442201985267 0.057882598197269632 0.050505067375026448 -0.014150387855947339
leaf_weight=37.929004950448871 47.130866227671504 14.223533671349285 31.804240617901087 70.091953925788403 51.472003441303968 8.0488630589097721 17.023322932422161 23.519023030996323 21.740981206297874 10.69556795619428 38.186491601169109 338.93964122235775 133.2085273899138 23.267818991094828
leaf_count=1132 82 165 810 271 55 21 42 53 11 240 45 208 107 76
internal_value=0.0397267 0.0197264 0.00384779 0.0216055 0.0395718 -0.0308071 0.0482974 0.0489892 0.01806 0.0477496 0.0239841 0.0513809 0.0394298 0.0165137
internal_weight=867.282 279.475 158.57 120.641 120.905 39.8531 106.682 587.807 45.26 80.7875 55.2098 542.547 203.607 70.3987
internal_count=3318 2781 2474 1342 307 831 142 537 64 511 87 473 265 158
is_linear=0
shrinkage=0.05


Tree=29
num_leaves=15
num_cat=0
split_feature=23 33 33 11 66 66 12 43 12 12 63 21 25 41
split_gain=54.02 42.6328 36.0039 34.9829 19.8103 12.4812 10.4725 37.4799 37.9373 22.5471 12.5697 11.053 11.8781 15.3175
threshold=8.6095956847640824 74.112947407006303 471.1033778113819 19.88080549309975 0.363823859128931 0.046981546362879288 8.7916117084708016 481.62876966225951 32.215600256660473 28.700304768344711 0.019242694851241623 43.411313997998903 1.0464125581834796 2.5530000000000004
decision_type=2 2 2 8 2 2 8 8 10 10 2 10 2 10
left_child=1 3 -3 -1 5 -5 -6 8 9 10 -8 12 -9 -14
right_child=-2 2 -4 4 6 -7 7 11 -10 -11 -12 -13 13 -15
leaf_value=-0.038274509285060404 0.048631941478252998 -0.049713043780143518 0.05194947895212592 0.033666935210995369 0.061154350485789155 -0.044069584620772748 -0.045253739357377934 0.047913408393220204 -0.050662330617030696 0.065393514627958504 0.034154975950287977 -0.0058547028946746675 -0.033735028003682853 0.040539651325722653
leaf_weight=14.507363982498644 498.42975417152047 29.666017917916179 7.1618918236345044 3.4846902526915065 35.158780846744776 10.138131737709044 7.9272443950176257 153.28218826279044 22.188799044117332 13.724731128662823 3.6192167550325394 10.913692981004713 9.0326296780258435 8.7767087202519161
leaf_count=615 413 822 17 6 38 130 93 274 478 20 4 27 296 50
internal_value=0.0382362 0.0220227 -0.0260962 0.0284126 0.0325038 -0.0204844 0.0355609 0.030419 -0.00845576 0.0308498 -0.0175637 0.0405111 0.0435509 0.00373145
internal_weight=828.012 329.582 36.8279 292.754 278.247 13.6228 264.624 229.465 47.46 25.2712 11.5465 182.005 171.092 17.8093
internal_count=3283 2870 839 2031 1416 136 1280 1242 595 117 97 647 620 346
is_linear=0
shrinkage=0.05


Tree=30
num_leaves=15
num_cat=0
split_feature=29 13 59 54 0 2 53 65 0 4 4 15 1 27
split_gain=57.9058 29.7858 29.2003 26.6997 19.4344 18.0674 23.9462 38.6414 22.6504 14.9163 23.7884 20.7648 39.5447 16.3455
threshold=5.6478719558257291 -36.426498153446651 -3.3501411914143131e-05 -0.52021884242772298 1.0000000180025095e-35 17008.115734856958 3.4797744165029536e-08 1.4103168605658352 129.00000000000003 38.092210155461906 22.876336434308204 33.500000000000007 1.0000000180025095e-35 0.57416574990832425
decision_type=8 10 2 2 10 10 2 2 10 10 8 10 10 2
left_child=2 3 -1 -2 -5 6 7 9 -9 10 11 12 13 -3
right_child=1 5 -4 4 -6 -7 -8 8 -10 -11 -12 -13 -14 -15
leaf_value=0.032180568251995993 0.038615701793999133 -0.013720028760954382 -0.035779461824276722 0.017458955112328582 -0.049698781879541555 -0.0029007485164236051 0.055671533986820169 -0.054089950337910302 0.024158959057529735 0.061244300857714533 -0.017641942401823318 0.048547726039898126 -0.050925979778713076 0.039610151826894806
leaf_weight=20.402552952989936 29.441685888916254 14.853156665340064 37.744163565337658 15.635178685188292 19.62036556750536 20.389203980565071 280.35213000327349 14.654995784163477 13.377637192606924 67.51638575643301 18.485480394214392 157.5514769256115 12.964862022548912 75.6658516805619
leaf_count=204 90 176 1287 26 454 37 172 47 15 51 82 152 252 252
internal_value=0.0359287 0.0396859 -0.0112737 0.00669548 -0.0214463 0.0427718 0.0442038 0.0350124 -0.0187437 0.0395592 0.0333371 0.0372109 0.018509 0.0305992
internal_weight=798.655 740.508 58.1467 64.6972 35.2555 675.811 655.422 375.07 28.0326 347.037 279.521 261.035 103.484 90.519
internal_count=3297 1806 1491 570 480 1236 1199 1027 62 965 914 832 680 428
is_linear=0
shrinkage=0.05


Tree=31
num_leaves=15
num_cat=0
split_feature=30 28 59 35 35 23 1 11 14 21 11 5 38 44
split_gain=69.8244 75.985 29.8165 22.6521 23.3617 21.4791 23.7823 17.0021 20.1287 17.2051 25.4823 16.0216 22.1381 14.5302
threshold=118.50000000000001 0.18239385569931618 -0.002745873704149927 108.50137399736596 190.38646341776789 9.1794124396097168 8.5000000000000018 204.66492444707964 -22.272523535936049 32.542783533787563 4693.4154830566813 1.7509590166776265 267.58248504930094 0.29886388602867303
decision_type=8 2 2 2 2 2 8 8 10 10 10 10 2 2
left_child=1 3 -3 -1 -5 6 -2 -8 -9 10 -10 12 -4 -14
right_child=5 2 11 4 -6 -7 7 8 9 -11 -12 -13 13 -15
leaf_value=-0.051795367534872863 -0.024742335772103604 -0.032032709892734448 0.042983071338716719 0.033034314883311898 -0.039164751616272198 0.051335764339360691 -0.016117373691393801 0.05241746858609974 0.025982110162242191 0.034165530860029818 -0.067276493580139582 0.050647064671634635 0.0080125875724701128 -0.055757140410499853
leaf_weight=41.060582614503801 15.748727325350044 14.538785062730311 43.908970594406128 20.321035950444639 15.100850548595188 343.06293247640133 12.790301993489264 90.681172417476773 11.193953802809121 28.535485237836838 9.0864140931516868 81.432273181155324 43.807989494875073 5.9610730409622184
leaf_count=1153 115 40 42 248 556 240 308 146 21 28 57 81 258 25
internal_value=0.0332376 0.0121614 0.0289436 -0.028675 0.00121761 0.043988 0.0279369 0.033998 0.0389917 0.011499 -0.0208435 0.0347549 0.0190739 -0.00401832
internal_weight=777.231 266.132 189.649 76.4825 35.4219 511.099 168.036 152.287 139.497 48.8159 20.2804 175.11 93.678 49.7691
internal_count=3318 2403 446 1957 804 915 675 560 252 106 78 406 325 283
is_linear=0
shrinkage=0.05


Tree=32
num_leaves=15
num_cat=0
split_feature=53 7 1 4 8 58 5 29 57 11 4 13 34 0
split_gain=48.2515 41.7056 59.8652 34.611 26.4831 22.8299 21.5861 20.2467 26.0178 17.5795 51.7349 14.6133 11.9433 10.8557
threshold=3.4797744165029536e-08 77.500000000000014 5.5000000000000009 1.0476568145198504 20.500000000000004 0.17384660669443078 8.8580603256950514 6702.0181114857651 0.0020329972233555532 29.542345657159501 6.4049762630266009 38.686127669490041 4.3306759446147653 47.500000000000007
decision_type=2 8 10 10 10 2 10 10 2 10 10 10 2 10
left_child=1 2 3 6 9 12 -1 -2 -9 -5 -11 -12 -3 -4
right_child=7 5 13 4 -6 -7 -8 8 -10 10 11 -13 -14 -15
leaf_value=-0.04536745074923447 0.056201979269342388 0.010784357154788336 0.022070874004342877 0.067542085072142141 -0.031990893428030867 -0.0049199990633186051 0.034971490897154789 -0.015689019581059629 0.050626264792909895 -0.045628583475440902 0.042064962242055526 -0.0082755511430523208 0.048232532475477374 -0.055274178290615185
leaf_weight=25.623466013930738 235.49489020183682 27.732233045622706 2.4752364158630362 27.246241332963109 13.258826622739432 25.991594657301903 7.3419079631566992 25.451426699757576 25.200512796640396 18.37078763358295 110.70106288231909 14.771046923473476 186.96840848401189 32.067626943811774
leaf_count=976 141 77 1 38 121 48 10 53 14 394 290 54 220 875
internal_value=0.0337074 0.0238145 0.00930186 0.0192212 0.0276255 0.038502 -0.0252255 0.0500348 0.0188886 0.0330227 0.0244349 0.0360487 0.043751 -0.0476419
internal_weight=778.695 492.548 251.856 217.313 184.348 240.692 32.9654 286.147 50.6519 171.089 143.843 125.472 214.701 34.5429
internal_count=3312 3104 2759 1883 897 345 986 208 67 776 738 344 297 876
is_linear=0
shrinkage=0.05


Tree=33
num_leaves=15
num_cat=0
split_feature=23 1 0 29 14 55 19 41 59 12 12 23 19 14
split_gain=46.9331 55.3761 40.2425 31.4215 44.592 29.9274 22.3109 17.1164 14.3342 12.8807 36.2094 23.8828 13.9517 14.8495
threshold=8.8886903811637108 183.00000000000003 553.50000000000011 7754.9252754608415 19.87281100758457 3.1526756299788601e-08 19.88080549309975 2.9950000000000006 -0.0009350339560313031 29.468116017505583 218.07082410917482 8.6457455261624609 380.74056279300197 -29.65421444694314
decision_type=2 8 10 10 10 2 8 10 2 8 8 2 8 10
left_child=1 2 5 -2 -5 8 -3 9 -1 -8 11 -11 -12 -14
right_child=3 6 -4 4 -6 -7 7 -9 -10 10 12 -13 13 -15
leaf_value=0.014337721491656619 0.047482572803869701 -0.033764883066350768 -0.053769686289486918 -0.051633162818918714 0.044633491025015543 0.049834185934025638 0.054313785536724959 -0.03210240218049918 -0.048692970636857465 -0.054713139133416626 -0.01337826172815414 0.034626270514764398 0.054436231146003558 0.020032855266212221
leaf_weight=13.384909529238941 376.46050402522087 9.5098506025969964 35.241319795139134 17.42194564640522 20.953651413321495 22.631835359148681 62.265324024483562 6.2423887755721799 14.66663455404341 16.832401215098802 11.221713291481135 7.2684742808341971 75.332729062065482 66.256815145723522
leaf_count=33 299 450 801 53 14 64 108 118 427 349 167 4 125 336
internal_value=0.0318776 0.0177404 -0.0162858 0.043144 1.58176e-05 0.0122654 0.0293016 0.0323708 -0.0209984 0.0346764 0.026462 -0.0264496 0.0353807 0.0395696
internal_weight=755.69 340.854 85.9247 414.836 38.3756 50.6834 254.93 245.42 28.0515 239.177 176.912 24.1009 152.811 141.59
internal_count=3348 2982 1325 366 67 524 1657 1207 460 1089 981 353 628 461
is_linear=0
shrinkage=0.05


Tree=34
num_leaves=15
num_cat=0
split_feature=23 1 5 4 0 53 14 1 30 13 11 3 61 14
split_gain=52.7938 37.0271 51.4968 26.6537 23.3583 42.4172 20.877 14.1919 15.9382 31.673 12.8108 10.5706 12.5646 9.55027
threshold=8.316531382355512 200.00000000000003 6.2495045888020506 50.199480725284452 11.500000000000002 8.5752556261050395e-10 8.8127816659523113 14.500000000000002 150.50000000000003 13.73567785873743 673.88567802876298 69.500000000000014 0.038976742808374938 16.155458107490986
decision_type=2 8 8 10 10 2 8 8 10 10 8 10 2 10
left_child=1 3 -3 11 5 6 -4 8 9 -2 -8 12 -1 -10
right_child=7 2 4 -5 -6 -7 10 -9 13 -11 -12 -13 -14 -15
leaf_value=-0.053774246929691828 0.033799758766901493 -0.05012893814385664 -0.049378510204905988 0.033359955001029458 0.049090218531943307 0.050429764156291385 -0.03642150169558056 0.045332122598694569 0.0082890160446732388 -0.069743413026131199 0.025745773527044932 0.0205948257667781 0.02528351133307722 0.045023044935141643
leaf_weight=37.591367425397038 11.859023816883566 17.080198177136481 20.993641666136682 13.02995655685663 88.78835348598659 36.6966607067734 6.5973209803923991 420.85865511745214 30.438835084438324 8.4030419588088971 25.402645200490952 3.9247936457395545 2.757544517517089 48.507404446601868
leaf_count=1137 16 354 512 68 428 35 168 397 46 60 40 5 1 36
internal_value=0.0321506 0.0130609 0.0233189 -0.0210084 0.0315223 0.0124572 -0.0159186 0.0412194 0.0224346 -0.0144463 0.00973914 -0.0387707 -0.0461793 0.032197
internal_weight=772.929 252.862 195.559 57.3037 178.479 89.6903 52.9936 520.067 99.2083 20.2621 32 44.2737 40.3489 78.9462
internal_count=3303 2748 1537 1211 1183 755 720 555 158 76 208 1143 1138 82
is_linear=0
shrinkage=0.05


Tree=35
num_leaves=15
num_cat=0
split_feature=23 29 14 11 32 62 31 28 65 67 67 60 62 23
split_gain=39.4302 29.6913 40.0546 23.676 24.853 41.8666 21.5487 18.3151 16.0562 22.7313 14.1559 47.0264 11.7053 11.3261
threshold=9.1794124396097168 7754.9252754608415 17.014612396460375 19.88080549309975 61.6585899805849 0.96987951807228934 6.5020331048023321 -5.3772932447501759e-05 1.3919150009929553 0.18176846947203582 0.090959667822658172 0.011905074700311401 5.623481781376519 8.4730274441565978
decision_type=2 10 10 8 2 2 2 2 2 2 2 2 2 2
left_child=3 -2 -3 -1 6 7 8 -6 10 -10 11 -5 -13 -12
right_child=1 2 -4 4 5 -7 -8 -9 9 -11 13 12 -14 -15
leaf_value=-0.037897093218086042 0.04892811693736962 -0.047568839600786249 0.042211949923195741 0.033579408968530074 0.030923685638936674 0.041883674630979362 -0.035481151571744647 -0.052018276002081636 -0.040143788437038405 0.031165679551064092 0.051611768357300095 -0.054413788745684637 0.024928099867844545 0.0013508434661511752
leaf_weight=12.226691680960355 321.44104361534119 17.148092955350876 23.320395261049271 141.63195319660008 4.6834183521568766 22.04109825566411 8.8470833376049978 30.72479201015085 15.450684625655411 19.648372059687972 114.90808787290007 17.641838836483661 2.7290253639221183 12.665744900703428
leaf_count=612 240 51 17 540 62 20 34 942 59 32 345 355 1 26
internal_value=0.0319277 0.0439183 0.00312084 0.0207588 0.0230485 -0.00682657 0.0282193 -0.0385787 0.0304669 -0.00131636 0.0342763 0.0232598 -0.0409666 0.0468609
internal_weight=765.108 361.91 40.4685 403.199 390.972 57.4493 333.523 35.4082 324.676 35.0991 289.577 162.003 20.3709 127.574
internal_count=3336 308 68 3028 2416 1024 1392 1004 1358 91 1267 896 356 371
is_linear=0
shrinkage=0.05


Tree=36
num_leaves=15
num_cat=0
split_feature=23 38 67 10 38 8 59 38 23 33 37 41 8 59
split_gain=57.0748 36.1777 20.2813 25.31 19.8282 18.9873 18.4022 17.0189 16.512 14.9805 14.3672 12.2988 24.6154 50.0239
threshold=8.316531382355512 789.12129210880732 0.0065735869705540037 6.5000000000000009 233.19824936864879 152.50000000000003 -0.00087814071595245012 1627.3926170955062 6.690212662761267 168.97223472010742 0.36831094472583137 1.6965000000000001 51.500000000000007 -2.3061606704626478e-05
decision_type=2 2 2 8 2 10 2 2 2 2 2 8 8 2
left_child=1 2 8 -4 -5 7 -6 -3 -1 11 -9 -2 13 -13
right_child=9 5 3 4 6 -7 -8 10 -10 -11 -12 12 -14 -15
leaf_value=0.016005651115334217 0.049899930988982696 -0.048794439825896069 0.048997338471930781 0.025894033313106982 0.02010021085355896 0.042851083848961934 -0.058766444624971506 0.043189105845858222 -0.049653502402786154 0.0010515356273458679 -0.021906103742199493 -0.082868701337747055 0.038437589074911287 0.028979137493267443
leaf_weight=17.754650309681896 222.33335564658046 37.405223663896322 70.749833165667951 38.181321442127228 9.1630213670432585 6.0819265842437735 13.136704564094542 8.2551692165434378 12.128504982218145 25.180105505511165 18.537244079634547 9.2274252511560899 207.6127650141716 28.709024472162127
leaf_count=27 162 1350 190 83 28 2 109 80 148 56 767 47 195 88
internal_value=0.0292967 0.00856556 0.0214446 0.0297181 0.00514635 -0.0204225 -0.0286138 -0.02908 -0.0139405 0.0388422 0.00178878 0.0408433 0.0318108 -0.00470812
internal_weight=724.456 231.394 161.114 131.231 60.481 70.2796 22.2997 64.1976 29.8832 493.063 26.7924 467.883 245.549 37.9364
internal_count=3332 2784 585 410 220 2199 137 2197 175 548 847 492 330 135
is_linear=0
shrinkage=0.05


Tree=37
num_leaves=15
num_cat=0
split_feature=53 54 59 2 29 42 4 0 14 61 2 61 35 64
split_gain=39.2878 39.5363 52.4575 35.5234 28.579 28.2959 28.907 17.9156 47.3141 19.3846 17.371 31.0046 28.8827 18.6248
threshold=3.4797744165029536e-08 0.38794621598264095 0.0010353193060100606 2867.0304297140938 7227.0575469837286 82.135000000000005 1.0476568145198504 328.00000000000006 -29.65421444694314 0.008413743027410386 3304.0509901523887 0.0027436526981376749 190.38646341776789 0.32291666666666669
decision_type=2 2 2 10 10 10 10 10 8 2 10 2 2 2
left_child=1 3 -3 5 -2 6 -1 10 -9 -10 11 12 -5 -14
right_child=4 2 -4 7 -6 -7 -8 8 9 -11 -12 -13 13 -15
leaf_value=-0.025876472568212253 0.050785187449124906 -0.081310632424338558 0.034691295690109106 -0.034643982324919873 0.0033948951692807042 -0.047867727307991062 0.038140485941030894 0.050043207548872863 -0.05834202191601371 0.010602702054255474 0.046021756981056962 0.046632254781758038 -0.031261767453724207 0.057714567494090332
leaf_weight=25.124955978244543 239.36112416908145 16.615804664790634 13.825051590800284 32.759762888774276 37.433107197284698 21.636914320290089 38.641552248969674 28.604395451024175 19.526506855152547 15.184908110648392 180.43928135558963 45.314555798657238 4.6215309593826541 15.239826569333673
leaf_count=633 170 89 11 472 62 786 257 50 400 28 152 78 77 64
internal_value=0.0297078 0.0203442 -0.0311654 0.0243336 0.0445502 -0.00431473 0.0128694 0.031453 0.00680311 -0.0306439 0.0368407 0.0185114 -0.00765 0.0348873
internal_weight=734.329 457.535 30.4409 427.094 276.794 85.4034 63.7665 341.691 63.3158 34.7114 278.375 97.9357 52.6211 19.8614
internal_count=3329 3097 100 2997 232 1676 890 1321 478 428 843 691 613 141
is_linear=0
shrinkage=0.05


Tree=38
num_leaves=15
num_cat=0
split_feature=2 23 4 5 20 67 32 59 14 58 14 28 30 63
split_gain=33.875 37.6541 28.657 24.7589 18.3907 21.9949 31.6889 23.6878 26.1121 18.9067 17.7287 18.6453 9.37211 9.18424
threshold=31267.803350797974 8.316531382355512 1.0476568145198504 15.171698059412558 8.7916117084708016 0.10478018689943464 56.869505271284389 -3.3501411914143131e-05 1.1446245970602729 0.052658024652452583 -27.238435602329893 0.057404320644068876 21.500000000000004 -0.0075880281056202835
decision_type=10 2 10 10 8 2 2 2 8 2 10 2 10 2
left_child=1 2 3 -1 -4 7 10 8 12 -9 -7 -12 -6 -3
right_child=-2 13 4 -5 5 6 -8 9 -10 -11 11 -13 -14 -15
leaf_value=-0.034750507048406896 -0.04740848773241127 0.0303189529256385 0.055312210578276691 0.048716858326861137 0.05095049084881012 0.054765639496309429 -0.041382623121229617 -0.05217449412484975 -0.046575567620657343 0.022329059917907693 -0.039999077596199015 0.034393042265215494 -0.0091175818646693201 0.04645885350637538
leaf_weight=40.360666325315833 10.024546608328817 230.43617500923574 30.600037507712841 6.4429025650024405 25.507398897781968 57.714565001428127 9.4988619508221728 25.999949964694679 7.1194266909733406 8.4969745390117151 9.4785129036754387 15.205216497182844 6.5229444829747072 226.09603243507445
leaf_count=1283 32 256 43 2 127 81 239 690 49 11 189 22 42 256
internal_value=0.0288757 0.0302977 0.0139928 -0.0196674 0.022314 0.0147716 0.0304487 -0.00548269 0.0200417 -0.0333199 0.0406232 0.00390085 0.0391383 0.0387289
internal_weight=709.504 699.48 242.947 46.8036 196.144 165.544 91.8972 73.6467 39.1498 34.4969 82.3983 24.6837 32.0303 456.532
internal_count=3322 3290 2778 1285 1493 1450 531 919 218 701 292 211 169 512
is_linear=0
shrinkage=0.05


Tree=39
num_leaves=15
num_cat=0
split_feature=23 5 23 9 12 19 0 59 42 41 12 32 33 13
split_gain=38.8272 42.3925 25.2524 29.6251 16.5594 24.9442 14.5851 16.5474 14.0244 23.558 22.7871 12.5515 23.6242 12.0845
threshold=8.316531382355512 3.3570493899108507 7.880902233111728 64.500000000000014 517.3999151665821 513.0688846897599 16325.500000000002 -0.0014128481689197525 113.14500000000002 2.5530000000000004 4659.095778037341 15.030272830594184 14.460151280134216 -32.217714376661611
decision_type=2 10 2 10 8 10 10 2 8 10 8 2 2 10
left_child=1 2 13 4 5 11 7 -5 -2 10 -10 12 -4 -1
right_child=8 -3 3 6 -6 -7 -8 -9 9 -11 -12 -13 -14 -15
leaf_value=0.0018555689428152442 0.041222701305660664 0.050892958964691405 -0.040596462683682555 0.027837175343646988 -0.051255999084184115 0.031246558911879142 0.051035330763705415 -0.044628914390587276 0.014992187723275267 0.037013067534096576 -0.052554387964995508 -0.050240922126984028 0.044643133202407703 0.054387209391719288
leaf_weight=19.744774631224573 330.88344893977046 45.338584922254086 12.297902983613314 12.984345585107805 33.694429313763976 21.101257119327784 18.328309040516615 9.0747223291546089 34.717964170500636 72.612750142812729 13.313078746199606 24.603468436747789 10.335385996848343 20.63766959682107
leaf_count=176 335 88 443 27 1198 43 17 86 77 79 44 685 20 35
internal_value=0.0273772 0.0102623 -0.000901629 -0.0109185 -0.0249706 -0.00939956 0.023422 -0.00471214 0.0358177 0.019943 -0.00691997 -0.0288096 -0.000637419 0.0317364
internal_weight=679.668 228.141 182.802 142.42 102.032 68.338 40.3874 22.0591 451.527 120.644 48.031 47.2368 22.6333 40.3824
internal_count=3353 2818 2730 2519 2389 1191 130 113 535 200 121 1148 463 211
is_linear=0
shrinkage=0.05


Tree=40
num_leaves=15
num_cat=0
split_feature=29 29 23 29 60 29 67 2 43 33 64 62 35 26
split_gain=34.747 28.6656 13.8358 20.1996 14.5568 12.3893 20.5431 33.6459 24.4202 11.0638 17.9251 10.737 8.46473 15.5643
threshold=5.6478719558257291 -0.04636751035226893 8.7774904041204014 7754.9252754608415 0.39543840350342069 1114.707014723454 0.066658894374575298 3030.4665813377073 25.234757870561225 56.092708241029676 0.04015578834273436 0.73666666666666669 190.38646341776789 0.093277196523344028
decision_type=8 10 2 10 2 10 2 8 8 2 2 2 2 2
left_child=1 -1 4 -4 5 6 7 8 -2 11 -11 -8 13 -9
right_child=2 -3 3 -5 -6 -7 9 12 -10 10 -12 -13 -14 -15
leaf_value=0.040372574803225765 0.036292421659882938 -0.034585866804250055 0.043142397975982925 0.0026986933909710128 -0.02355015363906501 -0.0090434062846531452 0.056040775510209473 0.03237040237903089 -0.04985710737581036 0.034549866114683858 -0.039261912122662432 0.016789608172946443 0.051433889128412791 -0.018579295147884686
leaf_weight=14.355879279784856 7.2901311023160842 33.138609589077532 346.3601261228323 34.605903103947639 11.591278027743099 20.546869531273842 91.804164086468518 40.79313787072897 24.659042686223984 18.690522310324017 7.7886751117184749 27.958481423556805 24.9870591070503 18.355080557987094
leaf_count=128 46 1351 298 58 89 41 131 53 757 22 182 43 28 67
internal_value=0.0301664 -0.0102413 0.0330621 0.0395512 0.0241467 0.0264763 0.0293755 0.0128679 -0.0279485 0.0416203 0.010051 0.0479177 0.0290656 0.0163437
internal_weight=722.925 47.4945 675.43 380.966 294.464 282.873 262.326 116.084 31.9492 146.242 26.4792 119.763 84.1353 59.1482
internal_count=3294 1479 1815 356 1459 1370 1329 951 803 378 204 174 148 120
is_linear=0
shrinkage=0.05


Tree=41
num_leaves=15
num_cat=0
split_feature=57 29 2 4 1 0 12 5 14 0 9 59 14 14
split_gain=27.2725 29.869 21.1515 30.8242 25.6543 27.6852 33.1578 23.9332 23.2956 18.8257 16.7363 14.4173 35.8124 23.3656
threshold=0.00053859590189105338 7754.9252754608415 3304.0509901523887 0.63621047793954999 200.00000000000003 476.50000000000006 29.468116017505583 0.1501206219148 7.0452276608282469 534.50000000000011 14.500000000000002 -0.00161965150366723 16.155458107490986 9.5060654733264229
decision_type=2 10 8 10 8 10 8 10 8 8 10 2 8 8
left_child=1 2 3 -1 7 6 -6 -5 -8 -4 -10 12 13 -2
right_child=11 -3 9 4 5 -7 8 -9 10 -11 -12 -13 -14 -15
leaf_value=-0.044623632008572063 -0.071727037813346786 -0.067480771293017633 0.041608124430360181 -0.046981117374366582 0.0364993911946924 0.053310992058416606 -0.053633702601552993 0.030687811584944047 -0.033149640658272327 -0.0044183958033818683 0.050930937879470839 0.041458774077273115 0.032882532841374115 0.014405017340550949
leaf_weight=22.131103281863034 11.222498731687663 6.1827231496572486 96.164520896971226 24.339750932529569 35.956757547333837 43.929353471845388 23.207140078768134 10.830400860868393 5.6799929095432153 27.316024918109179 9.3213322162628156 231.28741944208741 86.915604300796986 12.617055624723436
leaf_count=1058 49 26 87 863 115 126 490 51 88 62 8 213 91 18
internal_value=0.0246637 0.0134634 0.0162206 0.00478156 0.0131 0.0240943 0.00451466 -0.0222208 -0.0263257 0.0316506 0.0187668 0.0343151 0.0182506 -0.0315476
internal_weight=647.102 305.059 298.876 175.396 153.265 118.095 74.1652 35.1702 38.2085 123.481 15.0013 342.043 110.755 23.8396
internal_count=3345 2974 2948 2799 1741 827 701 914 586 149 96 371 158 67
is_linear=0
shrinkage=0.05


Tree=42
num_leaves=15
num_cat=0
split_feature=29 16 53 54 55 29 36 4 32 42 67 56 42 67
split_gain=32.4835 18.5641 17.6147 32.1521 44.071 18.055 16.3206 19.4261 14.8616 35.656 20.641 26.1154 13.4982 10.5397
threshold=5.6478719558257291 152.50000000000003 3.4797744165029536e-08 0.38794621598264095 -5.2838386036040989e-09 7227.0575469837286 0.49446841464763808 3.5715413632509003 57.46194799666609 381.34000000000009 0.094545582744791759 0.03684982648603146 39.510000000000005 0.0065735869705540037
decision_type=8 10 2 2 2 10 2 8 2 10 2 2 8 2
left_child=1 -1 3 6 -5 -4 7 -2 10 -10 11 12 -9 -8
right_child=2 -3 5 4 -6 -7 13 8 9 -11 -12 -13 -14 -15
leaf_value=-0.027084117794921193 -0.025550082223965716 0.04219418443762795 0.04793839655777108 -0.07765502033961541 0.024097537647173824 0.0086457704522460502 0.013491073827264636 -0.034893519142804551 -0.056597400294511581 0.041404244284067207 0.043070538865736474 -0.056764621121640435 0.026363958817403346 0.049431346654541478
leaf_weight=36.549970299936831 17.586304636672139 7.8286719322204581 203.36226435750723 13.206750035285948 21.570411667227745 36.905310645699501 30.592142934910953 5.8707081107422701 13.726083714514973 13.547275293618439 106.58829810097814 8.0876150364056212 69.001122191548347 108.18429517745972
leaf_count=1477 460 3 153 52 25 57 145 221 223 19 138 67 174 116
internal_value=0.0284317 -0.011828 0.0312574 0.0243785 -0.0194474 0.0422023 0.0286658 0.0199071 0.0240869 -0.00904498 0.0289641 0.00942175 0.0196771 0.0422533
internal_weight=692.607 44.3786 648.229 407.961 34.7772 240.268 373.184 234.407 216.821 27.2734 189.548 82.9594 74.8718 138.776
internal_count=3330 1480 1850 1640 77 210 1563 1302 842 242 600 462 395 261
is_linear=0
shrinkage=0.05


Tree=43
num_leaves=15
num_cat=0
split_feature=23 29 61 31 38 59 9 14 14 59 4 9 67 23
split_gain=28.8283 20.8797 19.5464 33.5935 28.8906 25.296 23.9671 26.9706 20.3631 16.8283 15.2851 15.2477 10.9147 10.1359
threshold=9.2303376154103596 7754.9252754608415 0.0025270374871339553 5.5073599362801708 1443.4341761899902 1.0000000180025095e-35 11.500000000000002 12.196941915903391 8.8127816659523113 -1.7434231676418949e-06 1.2229917860356503 5.5000000000000009 0.20594579412189126 7.8974698084786468
decision_type=2 10 2 2 2 2 10 8 8 2 8 8 2 2
left_child=2 -2 3 4 8 13 -4 9 10 12 -1 -10 -8 -6
right_child=1 -3 6 -5 5 -7 7 -9 11 -11 -12 -13 -14 -15
leaf_value=0.003274015803214222 0.041344033085678661 -0.002350895637317026 0.048097609815500916 0.038289161621315647 -0.019973085264440742 -0.03463920665394412 -0.069080180226106833 0.030269346499887557 -0.043654893528294436 0.012664675992702878 -0.059943313031600942 0.014737013831980748 -0.0056286537546633335 0.050546199978749609
leaf_weight=11.790741786360739 236.9572863727808 30.235229194164276 69.868762783706188 45.069033589214087 3.2121070194989434 10.497584363445638 11.487565835937859 69.805741615593433 10.138975296169518 23.629504539072514 36.325606196187437 37.757299560122192 13.154631711542605 30.889057835564017
leaf_count=315 219 54 121 77 197 657 48 78 363 37 738 184 32 179
internal_value=0.0239769 0.0364472 0.0146954 0.00302766 -0.00920111 0.0224443 0.0258454 0.0112592 -0.0242841 -0.0164922 -0.0456022 -0.000581807 -0.0418711 0.0421991
internal_weight=640.819 267.193 373.627 185.68 140.611 44.5987 187.946 118.077 96.0126 48.2717 48.1163 47.8963 24.6422 34.1012
internal_count=3299 273 3026 2710 2633 1033 316 195 1600 117 1053 547 80 376
is_linear=0
shrinkage=0.05


Tree=44
num_leaves=15
num_cat=0
split_feature=38 11 29 54 4 63 7 63 54 12 13 27 60 61
split_gain=22.7445 18.6538 13.4272 20.058 16.1117 14.3195 15.0257 30.6806 26.3656 12.9961 23.1131 16.3313 24.4429 11.5551
threshold=2858.6321465185847 19.88080549309975 693.97739579795712 0.27403502036106825 0.21161764970755001 -0.0025751451576836331 99.500000000000014 -0.006003271021897085 0.1367526019388762 32.215600256660473 10.613063711513506 0.56928389498432608 0.29149959538150894 0.012231636382748471
decision_type=2 8 8 2 10 2 10 2 2 10 10 2 2 2
left_child=1 -1 3 4 -3 6 7 8 -4 -6 11 12 13 -11
right_child=-2 2 5 -5 9 -7 -8 -9 -10 10 -12 -13 -14 -15
leaf_value=-0.034356298654897748 -0.03866178422613676 -0.037466465689446421 0.015383074853988236 -0.04807382165976673 0.042662008861401757 0.043810758191926473 0.030009813693554328 0.035756595549241647 -0.07868599278958234 -0.046743560367282964 -0.041700226895111714 0.03598027254402647 0.025380053233192978 0.025380178346833399
leaf_weight=8.2319940328598005 9.3199188308790308 7.1935737915337077 10.952957417815925 6.6486233333125702 56.869248433969915 184.33939874731004 202.06479641795158 22.702118646353483 11.724516123533247 20.926528925076131 11.932171621359883 72.865393282845616 38.399595362134278 3.6394065525382748
leaf_count=507 493 238 24 72 138 254 224 25 46 762 72 283 201 5
internal_value=0.0256355 0.02683 0.0278608 0.0171251 0.0202329 0.0330347 0.0242981 -0.00158886 -0.0386805 0.0231065 0.0144302 0.0206664 0.00160163 -0.0335734
internal_weight=667.81 658.49 650.258 218.475 211.826 431.784 247.444 45.3796 22.6775 204.632 147.763 135.831 62.9655 24.5659
internal_count=3344 2851 2344 1771 1699 573 319 95 70 1461 1323 1251 968 767
is_linear=0
shrinkage=0.05


Tree=45
num_leaves=15
num_cat=0
split_feature=23 29 0 1 42 5 0 36 37 5 2 2 14 25
split_gain=25.5605 21.6966 20.3909 39.4078 21.6177 18.8815 20.5317 14.134 24.0134 33.9141 16.3141 24.0187 13.3241 13.1352
threshold=9.256501414143548 7754.9252754608415 553.50000000000011 66.500000000000014 144.75000000000003 3.3570493899108507 16.500000000000004 0.5186206896551725 0.57735042735042741 3.4442429811906998 3063.5454536195271 2862.4208012401537 1.7538085084486386 1.0631472323210758
decision_type=2 10 10 10 10 8 10 2 2 8 10 10 10 2
left_child=2 -2 5 -4 -5 6 -1 8 10 -10 11 13 -12 -7
right_child=1 -3 3 4 -6 7 -8 -9 9 -11 12 -13 -14 -15
leaf_value=-0.045053282687229752 0.041149552016695068 -0.0013664272824063719 -0.057833602172464027 0.030660717841934512 -0.042391010298648363 0.031067727953993124 0.020825844246807636 0.042054267355337856 0.043951575833770726 -0.070606305102603392 0.048304272663993855 -0.043233562599602454 0.0061977521077820393 -0.029492677295401355
leaf_weight=17.273414337076247 231.28675370663404 34.011296436190605 21.612884399481118 42.829943207092583 8.211707257665692 42.149448081851006 20.774495935067534 85.214753314852715 6.0939859747886658 12.386436761356892 62.969711294397712 15.260973991826175 28.222116177901626 6.8733167303726068
leaf_count=299 217 60 677 106 242 240 130 177 3 134 60 473 51 464
internal_value=0.0239813 0.0357745 0.0151581 -0.00814732 0.0161744 0.0208956 -0.0108418 0.0256718 0.0166959 -0.0315154 0.0232299 0.0034452 0.0362726 0.020633
internal_weight=635.171 265.298 369.873 72.6545 51.0417 297.219 38.0479 259.171 173.956 18.4804 155.476 64.2837 91.1918 49.0228
internal_count=3333 277 3056 1025 348 2031 429 1602 1425 137 1288 1177 111 704
is_linear=0
shrinkage=0.05


Tree=46
num_leaves=15
num_cat=0
split_feature=53 0 54 54 4 30 14 23 5 13 63 50 37 59
split_gain=29.13 30.4292 44.1659 31.2071 26.6861 26.5021 18.0913 29.6078 17.7724 15.4128 16.1624 14.9301 28.7835 12.7649
threshold=3.4797744165029536e-08 553.50000000000011 0.40263653814646788 -0.52021884242772298 1.0476568145198504 70.500000000000014 11.401723469890674 10.910654753016543 8.8580603256950514 18.115662035648693 -0.063441085486212301 0.10867724867724869 0.78759398496240618 0.00025237912645166669
decision_type=2 8 2 2 10 8 8 2 10 8 2 2 2 2
left_child=1 2 4 -3 8 -4 7 -2 -1 10 -5 12 -6 -13
right_child=6 3 5 9 11 -7 -8 -9 -10 -11 -12 13 -14 -15
leaf_value=-0.043884308270983448 0.034265733826913655 0.033334920521388832 0.013160433828173189 0.021819896948432171 -0.051873653932601529 -0.084392330857306588 0.044036704435183711 -0.037856515689263882 0.028152866013272316 -0.0028355732968583739 -0.064457358192949052 0.038653444336999861 0.041704934450006274 0.0089580813745211343
leaf_weight=18.592029417864982 34.798900220543146 20.819242841564119 10.278997944667937 3.930391762405633 11.990800497122111 10.946393221616743 154.87599679082632 17.326683282852173 9.22645355761051 27.321045836433768 29.000801731832325 194.90831910353154 11.01947498321533 48.576903730630875
leaf_count=977 39 105 33 13 212 45 132 47 13 100 843 489 6 264
internal_value=0.0206134 0.0124165 0.0193871 -0.0142638 0.0245862 -0.0436476 0.0356551 0.00907699 -0.0193429 -0.0320049 -0.0526411 0.0294436 -0.00761448 0.0330285
internal_weight=603.612 396.611 315.539 81.0715 294.314 21.2254 207.002 52.1256 27.8185 60.2522 32.9312 266.495 23.0103 243.485
internal_count=3318 3100 2039 1061 1961 78 218 86 990 956 856 971 218 753
is_linear=0
shrinkage=0.05


Tree=47
num_leaves=15
num_cat=0
split_feature=32 53 65 0 42 1 0 67 28 27 13 67 50 59
split_gain=37.6831 31.7563 19.7503 23.9316 18.5127 20.4323 44.8071 18.0166 14.5171 13.4027 10.0716 12.6747 17.9233 14.335
threshold=150.5841134025348 3.4797744165029536e-08 1.4103168605658352 325.00000000000006 8.4000000000000004 193.00000000000003 553.50000000000011 0.076765339669898305 0.028425267995217589 0.62452779429671801 -40.275378514528505 0.083462629699644034 0.10867724867724869 0.00037738872065423088
decision_type=2 2 2 10 10 8 10 2 2 2 8 2 2 2
left_child=1 2 4 7 -1 6 8 -4 -6 -2 -7 12 -12 -14
right_child=9 -3 3 -5 5 10 -8 -9 -10 -11 11 -13 13 -15
leaf_value=-0.025125960779834214 0.0072032942022941422 0.03947156864095222 0.0040520148980054856 0.030398457022110355 -0.023416301056664562 -0.013910285273306159 -0.042320675999463792 -0.084540138010618701 0.033010138569096667 -0.074396377615340792 -0.03212875542895207 0.047444934598291535 0.031521368072755934 -0.020657697849277418
leaf_weight=19.20834328327328 6.6302649807184926 202.23465344682336 8.5737465918064171 10.185334517620502 9.9990931367501599 10.25042358599603 32.719868835993111 10.035661770030854 62.167242091149092 8.8490914860740286 10.254395402036605 78.188071426004171 119.10353777743876 11.287447835318742
leaf_count=408 116 198 13 14 353 163 751 60 125 52 188 130 611 137
internal_value=0.021433 0.0236026 0.0147993 -0.0223261 0.0180956 0.0209154 0.00245387 -0.0515098 0.0241812 -0.0462195 0.0291351 0.0314171 0.021184 0.0264083
internal_weight=599.687 584.208 381.973 28.7947 353.178 333.97 104.886 18.6094 72.1663 15.4794 229.084 218.833 140.645 130.391
internal_count=3319 3151 2953 87 2866 2458 1229 73 478 168 1229 1066 936 748
is_linear=0
shrinkage=0.05


Tree=48
num_leaves=15
num_cat=0
split_feature=53 54 27 4 29 60 67 4 19 4 12 13 35 26
split_gain=21.3627 23.7564 25.392 25.3002 17.5789 13.5516 11.504 13.9796 22.577 18.9483 14.3452 12.7207 23.1942 12.6245
threshold=3.4797744165029536e-08 0.38794621598264095 0.6724964667878055 1.0476568145198504 7227.0575469837286 0.460421275930885 0.051975657560908835 1.2229917860356503 380.74056279300197 6.8940414231244009 8.7916117084708016 -36.426498153446651 3.4232158869891767 1.6765886498933089
decision_type=2 2 2 8 10 2 2 8 8 10 10 10 2 2
left_child=1 3 -3 -1 -2 6 7 -5 9 -9 -11 12 -8 -10
right_child=4 2 -4 5 -6 -7 11 8 13 10 -12 -13 -14 -15
leaf_value=-0.038850282788480628 0.042670871802131798 -0.067290404842057061 0.010734287239023615 0.050704035372737016 0.0022417279216981009 -0.03479509750450923 0.031710567456715827 -0.049268569372426199 0.027260887688719111 0.040169410924873722 -0.030177804942791819 0.037714339518528726 -0.044390845609685418 -0.016357220200174341
leaf_weight=13.182740583550183 167.56484821811318 12.14585662819445 23.746345682069659 17.160319646820426 32.528415128588676 5.8757544150575987 21.231266697868705 21.985927206464112 88.013678540941328 12.375982325524093 7.8153150328434995 161.22193372482434 11.210951270535586 16.680958752986044
leaf_count=797 156 62 42 31 55 70 47 709 374 13 103 452 330 64
internal_value=0.0229628 0.0161319 -0.0206685 0.0198625 0.0363133 0.0224895 0.0238972 0.0135258 0.00765568 -0.0215848 0.0123553 0.0321202 0.00299636 0.0198824
internal_weight=612.74 412.647 35.8922 376.755 200.093 363.572 357.696 164.032 146.872 42.1772 20.1913 193.664 32.4422 104.695
internal_count=3305 3094 104 2990 211 2193 2123 1294 1263 825 116 829 377 438
is_linear=0
shrinkage=0.05


Tree=49
num_leaves=15
num_cat=0
split_feature=23 1 4 10 63 5 55 61 33 25 42 27 64 13
split_gain=23.998 19.804 23.7402 16.9917 16.1115 15.3438 27.0816 13.8462 13.6423 9.85294 7.57859 7.67174 11.2865 17.6974
threshold=9.07530596117053 97.000000000000014 38.092210155461906 64.500000000000014 -0.04068915278600603 3.3570493899108507 -2.2704472102846298e-08 0.0025270374871339553 126.17102773005733 1.0730551001566015 7.1150000000000011 0.72483108108108119 0.32291666666666669 8.0055913323757171
decision_type=2 8 10 10 2 8 2 2 2 2 8 2 2 8
left_child=1 2 3 4 -1 6 -3 -4 -2 10 -7 12 13 -12
right_child=8 5 7 -5 -6 9 -8 -9 -10 -11 11 -13 -14 -15
leaf_value=0.010104383055085105 0.034776463958624632 0.039412336749864045 -0.029480097966235849 0.014421841001211841 -0.062429557529954487 -0.021680171138276496 -0.048764614455334129 0.044249557611353997 -0.0035719313114940436 -0.028834722927565573 -0.039044147270328407 0.041011911146032969 0.031506070430539115 0.016669531936646439
leaf_weight=8.3528795950114709 245.28048630058765 9.7248859368264693 4.8101766007021096 13.173096589744089 27.735628014896065 5.1036262623965731 17.145974408835173 18.437515147030354 24.587069377303123 5.0767767112702122 13.958919262513517 58.167294709011912 71.332425458822399 52.665256316773593
leaf_count=29 263 10 166 20 1000 139 358 18 52 203 168 75 693 103
internal_value=0.0205094 0.0106494 -0.0115956 -0.0303467 -0.0464546 0.017665 -0.0156757 0.0264763 0.0312812 0.0222757 0.024233 0.0259371 0.0183689 0.0030858
internal_weight=575.552 305.684 72.5093 49.2616 36.0885 233.175 26.8709 23.2477 269.868 206.304 201.228 196.124 137.957 66.6242
internal_count=3297 2982 1233 1049 1029 1749 368 184 315 1381 1178 1039 964 271
is_linear=0
shrinkage=0.05


Tree=50
num_leaves=15
num_cat=0
split_feature=53 29 65 0 0 8 2 12 61 57 58 7 42 12
split_gain=18.9436 33.1963 23.6483 34.3741 26.8468 43.8972 20.6763 39.7351 21.8768 30.7676 20.6181 19.4314 19.4285 14.2465
threshold=3.4797744165029536e-08 7227.0575469837286 1.4103168605658352 476.50000000000006 553.50000000000011 140.50000000000003 3304.0509901523887 899.29986280910123 0.0027436526981376749 -3.5808993232905102e-05 0.16349127580433293 377.00000000000006 53.865000000000009 0.93437971638040995
decision_type=2 10 2 10 8 8 10 8 2 2 2 8 10 10
left_child=2 -2 4 12 6 -6 7 8 9 -1 -3 -7 -4 -11
right_child=1 10 3 -5 5 11 -8 -9 -10 13 -12 -13 -14 -15
leaf_value=0.028786397526235286 0.04062252962164007 -0.050881834146017879 0.0030500845828000649 0.031274915310290509 -0.057526073637539449 0.04090653089686741 0.035714711422208688 -0.044972734196812435 0.043154552273192773 0.018678679061299521 0.021792448287154986 -0.022416162390058746 -0.094356621873026944 -0.053647787820175367
leaf_weight=36.808289534877986 157.60796051099896 14.002773493528368 7.0380446631461444 11.906807892024515 25.786121702287346 28.513991314917803 142.50376136228442 23.544318409170955 52.2787508033216 6.4051484167575863 15.836988523602484 14.996692240238188 11.204192964360116 20.688168934546411
leaf_count=536 157 44 20 14 924 49 152 587 72 53 18 41 62 568
internal_value=0.0187687 0.0316592 0.0121104 -0.0274118 0.015837 -0.0114179 0.0226113 0.00847508 0.0207151 0.000557748 -0.014719 0.0190204 -0.0642045 -0.0363029
internal_weight=569.122 187.448 381.674 30.149 351.525 69.2968 282.228 139.725 116.18 63.9016 29.8398 43.5107 18.2422 27.0933
internal_count=3297 219 3078 96 2982 1014 1968 1816 1229 1157 62 90 82 621
is_linear=0
shrinkage=0.05


Tree=51
num_leaves=15
num_cat=0
split_feature=23 56 20 20 5 29 14 14 0 62 27 48 37 5
split_gain=17.8886 20.0976 15.2504 19.4911 30.4257 15.1749 23.7914 11.2484 37.9111 10.2655 11.9819 8.93851 10.7007 8.47247
threshold=8.9555951012363906 0.63371809205246832 32.215600256660473 218.07082410917482 15.171698059412558 7754.9252754608415 21.809511059155795 -27.238435602329893 1168.5000000000002 3.0555555555555558 0.63762626262626265 1.0000000180025095e-35 0.73341793570219982 0.26973519072070001
decision_type=2 2 8 8 10 10 10 8 10 2 2 2 2 8
left_child=1 2 11 4 -4 9 -7 -5 13 -2 -11 12 -1 -9
right_child=5 -3 3 7 -6 6 -8 8 -10 10 -12 -13 -14 -15
leaf_value=0.046152766695248981 0.043947066675193526 -0.046897355728907963 -0.059383641914730195 0.040542675680374014 0.034930900648706902 -0.037578801129608846 0.035016977048521997 -0.024029816567206777 -0.049068552841435249 -0.0091237339288441754 0.02857653059462863 -0.010483421436071639 -0.0095532406821581695 0.02007314866751506
leaf_weight=52.66281214915216 107.29648841544986 10.0897080283612 20.116625512950126 23.877764394972473 8.9679178744554502 18.110802412033081 17.075638130307198 7.7343188533559442 21.245126663241535 23.766576297581196 100.70200819522142 8.7224943651817721 8.3326441980898363 122.49169275304303
leaf_count=272 105 149 520 94 6 50 14 128 668 46 119 208 54 875
internal_value=0.0187214 0.00973211 0.0126189 0.00540756 -0.0294446 0.027938 -0.00237528 0.0118444 0.00616948 0.0324931 0.0213035 0.0319879 0.0383955 0.0166622
internal_weight=551.193 284.241 274.151 204.433 29.0845 266.952 35.1864 175.349 151.471 231.765 124.469 69.718 60.9955 130.226
internal_count=3308 2974 2825 2291 526 334 64 1765 1671 270 165 534 326 1003
is_linear=0
shrinkage=0.05


Tree=52
num_leaves=15
num_cat=0
split_feature=53 29 58 28 32 58 59 3 54 13 11 59 36 26
split_gain=21.6721 26.1069 23.1835 20.2718 28.2334 21.7233 22.9253 16.885 16.8514 14.8169 16.4187 11.2958 8.49472 8.30696
threshold=2.3962250698135944e-08 7754.9252754608415 0.27051599315363101 0.27940498878195436 56.48799201062355 -0.16017999463172231 3.9465583368810191e-05 111.50000000000001 -0.069423903111135263 -3.5173641159580238 29.041230161269784 -0.0047011836043590769 0.83360477741585248 0.17063693442885516
decision_type=2 10 2 2 2 2 2 10 2 8 10 2 2 2
left_child=2 11 3 4 5 -1 9 -6 -8 -7 -11 -2 -10 -5
right_child=1 -3 -4 13 7 6 8 -9 12 10 -12 -13 -14 -15
leaf_value=0.037672108461875714 0.0054949909274067685 -0.013421081435445346 -0.047942807917145766 0.0093091657992254006 -0.051594196865610877 -0.037076159257139051 0.0031165213013703151 0.025903640334033758 -0.080974202709526835 -0.020165968331744596 0.027382030185156166 0.042526905010043449 0.012467222131481361 0.040239822876136339
leaf_weight=53.94318093219772 25.275510139763355 25.892751380801201 11.093127468600867 35.190906791947782 25.561230470426384 9.2663060035556537 13.967500600498171 5.7679541409015647 10.909920776728539 19.134354762732983 80.433217476122081 164.55623257439584 1.4438159987330426 73.045269563794136
leaf_count=150 41 54 40 210 1063 186 191 5 271 581 301 164 2 73
internal_value=0.0192747 0.0315436 0.0111401 0.0138229 0.00486861 0.012341 0.00124761 -0.0357248 -0.0366794 0.0116284 0.0177172 0.0378638 -0.0696079 0.0310384
internal_weight=555.481 215.724 339.757 328.664 220.427 189.098 135.155 31.3292 26.3212 108.834 99.5676 189.832 12.3537 108.236
internal_count=3332 259 3073 3033 2750 1682 1532 1068 464 1068 882 205 273 283
is_linear=0
shrinkage=0.05


Tree=53
num_leaves=15
num_cat=0
split_feature=42 27 9 8 45 13 45 29 61 5 3 55 25 3
split_gain=16.5062 15.0138 22.6913 24.2285 22.6442 22.6164 26.8649 15.4776 14.96 14.921 13.6552 13.3178 11.738 11.0225
threshold=7.535000000000001 0.72086327703916642 299.50000000000006 61.500000000000007 7.0643314946319355 12.762912026396995 4.1820210059610323 4272.3976576329615 0.0027436526981376749 0.035468086260550008 3.5000000000000004 -4.679189734628578e-12 0.12664986230022787 539.50000000000011
decision_type=8 2 10 8 10 8 10 8 2 10 10 2 2 10
left_child=-1 2 3 4 5 10 -7 13 9 -3 11 -2 -10 -4
right_child=1 8 7 -5 -6 6 -8 -9 12 -11 -12 -13 -14 -15
leaf_value=-0.045920649606269612 0.023511133419001098 0.018736398848046131 -0.080083040961639762 0.026858237317719275 -0.050161877585373174 -0.059760363654917686 0.019001342813169508 0.015200527291827848 0.0060297951839847607 -0.054090233780261669 0.034531981805473309 -0.037136437434834871 0.041630127864293001 -0.0047081754891861206
leaf_weight=5.5778348217718294 13.526690043509007 15.355538116768004 8.725953087210657 193.45810047863051 14.918735884129999 18.121270475443453 16.889040285721421 10.816851377487184 30.355095431208611 5.8610261343419543 55.582752084359527 12.943042201921344 126.97576003801078 8.5267411246895772
leaf_count=339 187 61 44 523 706 111 103 15 51 53 169 769 126 16
internal_value=0.0171747 0.0182575 0.0120055 0.0158169 -0.000756965 0.00733615 -0.0241391 -0.0278951 0.0299719 -0.00786091 0.0213812 -0.00733267 0.0351588 -0.0522589
internal_weight=537.634 532.057 353.509 325.44 131.982 117.063 35.0103 28.0695 178.547 21.2166 82.0525 26.4697 157.331 17.2527
internal_count=3273 2934 2643 2568 2045 1339 214 75 291 114 1125 956 177 60
is_linear=0
shrinkage=0.05


Tree=54
num_leaves=15
num_cat=0
split_feature=22 53 58 27 42 37 5 50 53 27 19 22 22 4
split_gain=18.3658 21.232 36.7225 22.8896 13.1124 26.9522 23.7485 19.413 18.801 18.3877 14.4939 13.9159 13.5576 8.01601
threshold=10.350375076589135 2.3962250698135944e-08 0.17384660669443078 0.73710792131844771 94.155000000000015 0.3697141155449673 1.7509590166776265 0.10867724867724869 6.6977493976214696e-09 0.65657045506667111 19.88080549309975 7.9634063660261996 9.1045582958167657 6.4049762630266009
decision_type=2 2 2 2 10 2 10 2 2 2 8 2 2 10
left_child=1 2 4 -4 7 11 9 8 -1 12 -9 -6 -7 -12
right_child=-2 -3 3 -5 5 6 -8 10 -10 -11 13 -13 -14 -15
leaf_value=-0.050720505370784069 -0.040541580916559142 0.032164002106471017 -0.076373746127388911 0.012952925499924051 -0.029901740833021176 -0.064729441359771614 0.023048659128557931 -0.031274816058556462 0.029142008567936237 0.012430976977830436 0.015736322663773915 0.036433749465106122 0.021061869397344179 0.039506427672472075
leaf_weight=12.408519705291839 8.7755342423915845 189.46222623903304 13.690663035959007 9.5874224752187711 5.4540789877064517 29.600341549608856 19.483264400623739 5.8726178300566962 8.5013560205697996 11.514194043818859 65.783503356855363 46.687134203035384 2.9072232246398917 110.71428396459669
leaf_count=402 28 230 59 13 211 1041 52 421 17 48 492 123 2 201
internal_value=0.0175646 0.0188925 0.0111873 -0.0437981 0.0158147 0.00221337 -0.0190282 0.0233137 -0.0188929 -0.0381021 0.0285279 0.0274856 -0.055272 0.0313245
internal_weight=540.442 531.667 342.205 23.2781 318.927 115.646 63.505 203.28 20.9099 44.0218 182.37 52.1412 32.5076 176.498
internal_count=3340 3312 3082 72 3010 1477 1143 1533 419 1091 1114 334 1043 693
is_linear=0
shrinkage=0.05


Tree=55
num_leaves=15
num_cat=0
split_feature=53 54 55 0 0 2 61 57 26 25 60 20 2 63
split_gain=14.4909 22.1686 27.5201 15.6036 28.3315 17.7083 18.3173 28.2235 13.9051 13.8285 13.0676 12.6963 11.0004 8.95958
threshold=3.4797744165029536e-08 0.38794621598264095 -6.7880098598397857e-09 553.50000000000011 16325.500000000002 3304.0509901523887 0.0027436526981376749 -3.5808993232905102e-05 0.48301247550364806 0.59240222597169356 0.29815022070045022 0.93437971638040995 10624.561509775283 -0.063441085486212301
decision_type=2 2 2 8 8 10 2 2 2 2 2 8 10 2
left_child=1 3 -3 5 9 6 7 8 -1 -5 -6 -9 -2 -10
right_child=12 2 -4 4 10 -7 -8 11 13 -11 -12 -13 -14 -15
leaf_value=0.033501738387465424 0.034969876878423553 -0.076155158283574359 0.0098119827981379554 0.0079510952622258331 -0.0082458427685954197 0.033929402164575413 0.029299476219738864 0.015392854611786029 0.028098351187869536 -0.059697795105934905 0.043905240567608778 -0.052595177523117792 -0.00019945401395900621 -0.039862259259994343
leaf_weight=33.00755782937631 149.8839280679822 10.413302288390698 21.068572629243135 9.4590503061190265 19.417030170559883 135.40316927805543 53.717245722655207 6.3076530657708636 2.9819481577724209 19.062952086795121 21.664601448923349 26.899659499060363 25.894957989454269 10.072769640479235
leaf_count=454 171 68 35 47 146 152 116 54 2 759 46 914 48 292
internal_value=0.0182046 0.0123027 -0.0251637 0.0161084 -0.00472046 0.0214976 0.00806916 -0.00720244 0.0175622 -0.0394231 0.0210361 -0.0393566 0.0299267 -0.0208563
internal_weight=545.254 369.476 31.4819 337.994 69.6036 268.39 132.987 79.2696 46.0623 28.522 41.0816 33.2073 175.779 13.0547
internal_count=3304 3085 103 2982 998 1984 1832 1716 748 806 192 968 219 294
is_linear=0
shrinkage=0.05


Tree=56
num_leaves=15
num_cat=0
split_feature=53 54 55 67 55 13 34 32 53 38 2 59 55 41
split_gain=21.4766 15.7359 33.8581 14.657 23.8498 14.0366 15.2331 13.5083 12.6288 15.454 17.2705 11.0085 8.79429 9.81299
threshold=3.4797744165029536e-08 0.38794621598264095 -6.7880098598397857e-09 0.053767093089976882 9.0654704918267705e-09 -36.426498153446651 7.7656550705212632 76.292270817076741 1.0539965602362131e-08 1443.4341761899902 2966.5538176553659 1.0000000180025095e-35 8.5996812130390722e-10 1.4765000000000004
decision_type=2 2 2 2 2 10 2 2 2 2 8 2 2 8
left_child=1 3 -3 4 8 6 -5 -2 9 10 -1 -11 13 -12
right_child=7 2 -4 5 -6 -7 -8 -9 -10 11 12 -13 -14 -15
leaf_value=-0.046126883709489142 0.036682245033779391 -0.07692128802803902 0.015434014927243465 0.020529507807420896 -0.077543083864842002 0.029983290697252325 -0.041832359444956141 -0.0021394187658313473 0.033586256436547682 0.036547998505394495 -0.043116447325451696 -0.025888764194725612 0.031302814098998086 0.0048371092996852419
leaf_weight=22.189089545980096 152.89223490282893 10.954487361013888 22.847214084118605 18.360342375934128 3.9676187224686137 135.81798674771562 12.003798377234487 25.492301031947136 28.214373213239014 28.452569941058755 9.919143680483101 5.1114739421755067 13.484719091095029 34.555455518886447
leaf_count=953 173 69 33 50 51 547 440 48 31 347 43 409 23 86
internal_value=0.017332 0.00982272 -0.0205518 0.0133849 0.00168045 0.0233112 -0.00655276 0.0312273 0.00645863 -0.00140339 -0.013241 0.0249157 0.00201237 -0.00913451
internal_weight=524.263 345.878 33.8017 312.077 145.894 166.182 30.3641 178.385 141.927 113.712 80.1484 33.564 57.9593 44.4746
internal_count=3303 3082 102 2980 1943 1037 490 221 1892 1861 1105 756 152 129
is_linear=0
shrinkage=0.05


Tree=57
num_leaves=15
num_cat=0
split_feature=42 33 41 5 57 27 11 14 54 14 7 23 33 5
split_gain=19.8407 18.635 31.9533 24.9387 19.5686 18.0123 16.7496 15.7854 18.5365 14.7253 10.8082 8.77867 5.87831 5.50836
threshold=94.155000000000015 45.879113442787293 2.5530000000000004 49.247973164244634 0.0010224211613164029 0.87288559346248373 19.88080549309975 -1.206168780458621 -0.083426900956728764 4.488666218902444 85.500000000000014 8.7774904041204014 38.317816169874554 1.7509590166776265
decision_type=10 2 10 8 2 2 8 8 2 10 10 2 2 8
left_child=6 9 3 11 5 -5 -1 8 12 -2 -4 -3 -8 -9
right_child=1 2 10 4 -6 -7 7 13 -10 -11 -12 -13 -14 -15
leaf_value=-0.033610650773672979 -0.066033122535960706 -0.0053789896525896115 -0.010977818728819005 -0.061856123358389616 0.0075556028868955585 0.024534124242984404 -0.0082937641257872265 0.0094529011535943643 -0.050328896355528709 0.005250118124570778 0.042375678416166629 0.041600411992947443 0.037513627221942014 0.033088307146790917
leaf_weight=7.5418275306001297 10.186182022094728 14.80098460242152 8.9478478720411641 29.814544110093266 23.274347012862563 4.4839335829019538 9.2498896969482356 32.37935531232506 9.5952243171632272 12.557715706527231 62.529026504606009 20.010421335697174 12.240967610850928 277.7175121200271
leaf_count=623 139 76 242 942 39 3 67 156 160 22 67 15 22 700
internal_value=0.0187017 0.00534752 0.0114604 -0.00794018 -0.0272831 -0.0488775 0.025671 0.0274479 -0.00570789 -0.032822 0.0354156 0.023459 0.0199535 0.0308095
internal_weight=535.33 186.605 163.861 92.3842 57.5728 34.2985 348.725 341.183 31.0861 22.7439 71.4769 34.8114 21.4909 310.097
internal_count=3273 1545 1384 1075 984 945 1728 1105 249 161 309 91 89 856
is_linear=0
shrinkage=0.05


Tree=58
num_leaves=15
num_cat=0
split_feature=4 1 5 4 32 53 4 5 30 53 59 9 2 33
split_gain=15.7509 12.3294 34.3041 20.49 16.4117 17.1935 15.6556 29.6047 16.9978 13.2376 12.2442 10.5503 9.69932 9.62384
threshold=53.599637655073302 14.500000000000002 1.4876100000000002e-10 18.974953940850956 145.43942256537841 3.4797744165029536e-08 24.137193161244753 3.3570493899108507 8.5000000000000018 6.2514170175912009e-08 0.0010353193060100606 277.00000000000006 8881.2523714237122 8.3258657482757936
decision_type=10 8 10 10 2 2 10 8 8 2 2 8 10 2
left_child=1 2 3 -1 5 6 7 -3 -8 -5 -10 13 -2 -9
right_child=12 4 -4 9 -6 -7 8 11 10 -11 -12 -13 -14 -15
leaf_value=-0.074916774089086632 0.04536488586719626 -0.050554350730341681 0.022384929418516483 -0.032091662080484938 -0.048872254430121546 0.037986986173104129 0.032413720419651827 -0.030974518584122996 -0.064614699540777087 0.035146847088573151 0.0081016071219683957 -0.0052044159841163375 0.0073531898077838637 0.025791869459649886
leaf_weight=15.62757568573579 57.904227934777737 11.523178516887127 43.577492425218225 11.584940120577814 5.0168913574889293 71.343136508017778 6.3784361146390465 3.7143762167543164 13.408332628663631 8.1277804374694806 6.9688628744333974 35.283088326454163 25.907413229346275 183.54151007626206
leaf_count=562 57 314 153 166 107 79 23 235 152 6 27 95 41 1304
internal_value=0.0154224 0.0111756 -0.00630124 -0.0400639 0.0152984 0.016978 0.0106249 0.0148411 -0.0227885 -0.00286647 -0.0430497 0.0192638 0.0346904 0.0238896
internal_weight=499.907 416.096 78.9178 35.3403 337.178 332.161 260.818 234.062 26.7556 19.7127 20.3772 222.539 83.8116 187.256
internal_count=3321 3223 887 734 2336 2229 2150 1948 202 172 179 1634 98 1539
is_linear=0
shrinkage=0.05


Tree=59
num_leaves=15
num_cat=0
split_feature=14 29 65 66 53 54 0 0 67 2 35 4 4 5
split_gain=13.3217 24.669 16.5629 14.3096 12.1017 20.4823 21.2084 11.8846 13.0757 28.0019 9.91485 9.81642 12.9191 8.80062
threshold=10.627025673381594 8315.0137478371034 1.3854632587507083 0.363823859128931 6.933371198815278e-08 0.60642193682256951 323.00000000000006 4624.0000000000009 0.085242057539684959 3304.0509901523887 0.89782482929120966 98.859595070568773 1.2229917860356503 0.2188011002121
decision_type=8 10 2 2 2 2 10 10 2 8 2 10 8 10
left_child=1 2 3 -1 5 7 -7 8 9 11 -5 12 -2 -12
right_child=4 -3 -4 10 -6 6 -8 -9 -10 -11 13 -13 -14 -15
leaf_value=-0.039187977635724396 0.017745970360286762 -0.06449079585139933 -0.03824307631295272 -0.025365533932411085 0.038066867948290291 -0.063077869402992245 0.017904742279011135 -0.03095267366319426 0.040244086020392256 0.028094175840500626 0.011084695066053439 0.027443229956084982 -0.056963366943977391 0.034252467433114844
leaf_weight=7.8280442128889254 5.1030418658629122 6.8405744284391394 12.154315671883522 9.6018004226498288 82.916793346405029 11.399722445756199 12.583728000521658 6.2333198087289921 66.464067469350994 63.349734574556351 145.50568967266008 2.9152324199676505 17.969227059278637 57.246568573173136
leaf_count=132 117 29 62 124 92 45 16 116 122 78 1636 1 596 140
internal_value=0.0149507 0.00617453 0.0095699 0.0129998 0.0225007 0.0147473 -0.0248289 0.0211731 0.0241561 0.0106886 0.0157808 -0.0294279 -0.0402218 0.018293
internal_weight=508.112 239.177 232.336 220.182 268.935 186.018 23.9835 162.035 155.801 89.3372 212.354 25.9875 23.0723 202.752
internal_count=3306 2123 2094 2032 1183 1091 61 1030 914 792 1900 714 713 1776
is_linear=0
shrinkage=0.05


Tree=60
num_leaves=15
num_cat=0
split_feature=23 30 29 14 25 14 34 23 3 14 4 53 21 62
split_gain=14.9072 19.9716 17.1308 28.5138 11.692 17.0265 28.1701 10.2459 12.5778 19.8835 10.4559 9.80779 8.49988 7.78233
threshold=9.256501414143548 840.00000000000011 7754.9252754608415 17.014612396460375 0.77259710720908814 17.014612396460375 190.72356863344376 8.316531382355512 8.5000000000000018 -35.151671521549126 0.21161764970755001 3.4797744165029536e-08 -36.426498153446651 5.623481781376519
decision_type=2 10 10 10 2 8 2 2 8 10 10 2 10 2
left_child=1 4 13 -4 5 6 11 8 10 -10 -6 -1 -12 -2
right_child=2 -3 3 -5 7 -7 -8 -9 9 -11 12 -13 -14 -15
leaf_value=-0.080509189158548863 0.04108431660624115 -0.063196740364967571 -0.048276480800111182 0.032903299272995283 -0.021986396572749135 0.01086784234267146 0.03093788936129524 0.032659051941337051 0.018533420106026061 -0.051855609651894424 -0.017181631532614206 -0.0051071626123039343 0.024140134304976493 0.016729445937298051
leaf_weight=13.706117169931536 95.304983109235764 4.7378590404987326 15.638244062662123 17.849823072552681 12.669143398990853 51.06695777643472 8.3783344058319908 58.817943722009659 16.159324273467067 15.1426420584321 10.403189181815831 6.5333074741065493 109.06695857876912 64.892731018364429
leaf_count=125 109 27 49 16 731 132 19 68 46 87 465 17 1329 98
internal_value=0.0146843 0.00762074 0.0253955 -0.00635281 0.0097433 -0.00639658 -0.0342384 0.0155432 0.00859709 -0.0179702 0.0153162 -0.0620029 0.0199963 0.0320236
internal_weight=500.368 306.682 193.686 33.4881 301.944 79.6847 28.6178 222.259 163.441 31.302 132.139 20.2394 119.47 160.198
internal_count=3318 3046 272 65 3019 293 161 2726 2658 133 2525 142 1794 207
is_linear=0
shrinkage=0.05


Tree=61
num_leaves=15
num_cat=0
split_feature=55 29 13 59 55 5 45 27 13 5 35 5 29 29
split_gain=12.0885 19.5956 11.7204 10.0632 11.3011 15.7748 10.1459 15.049 19.8047 16.475 15.0263 10.5246 10.3724 9.33001
threshold=2.5867724751801154e-08 8833.2854784032988 -36.426498153446651 -0.0076472404431368159 -3.3530821287698489e-08 0.26973519072070001 2.524928003624769 0.69261053906723202 38.686127669490041 3.3570493899108507 3.2477306192262154 2.8560160190383006 575.80838799432115 760.5672387645468
decision_type=2 10 8 2 2 8 8 2 8 10 2 10 10 8
left_child=1 2 -1 13 -5 -6 7 8 9 10 -7 12 -9 -4
right_child=-2 -3 3 4 5 6 -8 11 -10 -11 -12 -13 -14 -15
leaf_value=-0.030535523391635972 0.028515755310173214 -0.048528229284704863 0.014443460565925995 0.030316982613605926 -0.045465429059102863 0.02266702355060532 0.021158966696922799 -0.0046902188456138163 -0.079678906987450962 0.032794359068395305 -0.047774248605479096 -0.014956921613895214 0.047251152654312942 -0.042219285059947778
leaf_weight=10.744980512419714 121.70387311698869 8.8234559893608075 10.120939161628483 96.645542366430163 7.3973912918008864 7.7934390325099256 139.13776018493809 13.018741071224211 5.7827721522189668 14.827405061572788 17.452685810159892 14.316971287131308 24.480573102831841 10.440148930996658
leaf_count=377 442 31 29 137 225 48 1198 71 140 23 513 34 17 33
internal_value=0.0150165 0.0103906 0.0124124 0.0140885 0.0161794 0.0100884 0.012728 0.000272257 -0.0194981 -0.0029384 -0.0258767 0.0179448 0.0307882 -0.0169583
internal_weight=502.687 380.983 372.159 361.414 340.853 244.208 236.81 97.6726 45.8563 40.0735 25.2461 51.8163 37.4993 20.5611
internal_count=3318 2876 2845 2468 2406 2269 2044 846 724 584 561 122 88 62
is_linear=0
shrinkage=0.05


Tree=62
num_leaves=15
num_cat=0
split_feature=25 2 2 1 33 0 14 36 59 19 7 19 63 36
split_gain=18.9549 14.6391 15.7715 24.7729 24.9295 21.2234 24.269 20.3789 15.8753 13.0921 25.2007 10.2885 8.15908 7.94343
threshold=1.0625815314346199 17008.115734856958 5051.2641546914174 183.00000000000003 74.112947407006303 427.50000000000006 -1.0598919051093911 0.37477272727272731 -0.0009350339560313031 587.1765385526686 5.5000000000000009 3818.7189636383177 -0.032272075760742723 0.69895833333333346
decision_type=2 10 8 8 2 10 8 2 2 10 10 10 2 2
left_child=1 2 3 7 5 6 -5 8 11 10 -8 -1 -4 -12
right_child=-2 -3 12 4 -6 -7 9 -9 -10 -11 13 -13 -14 -15
leaf_value=0.0194206057845457 -0.025381124929701949 -0.028428759724378347 -0.00326504891879849 -0.044507093364534719 -0.03963807186672684 0.047530422816532025 0.029202126293463068 0.01288109852857304 -0.06624995522273501 0.035729186817784413 -0.058966944594828055 -0.036170466709307673 0.031463103364005603 0.0007524602346795406
leaf_weight=13.6734452880919 26.872253000037745 14.4146127179265 17.88017250597477 12.735460851341484 12.481797829736022 56.279857145622373 26.420363035984337 34.161701137199998 17.977415186353028 49.604962315410376 11.125321104191245 10.205906187184153 157.8410057425499 8.3148980736732465
leaf_count=46 1508 39 34 211 189 78 114 115 560 57 94 42 193 16
internal_value=0.0122967 0.0148393 0.0166051 0.00834513 0.0184546 0.0239024 0.0100559 -0.0148752 -0.0364858 0.0191876 -0.000458126 -0.00648751 0.0279368 -0.0384956
internal_weight=469.989 443.117 428.702 252.981 176.963 164.481 108.201 76.0185 41.8568 95.4655 45.8606 23.8794 175.721 19.4402
internal_count=3296 1788 1749 1522 759 570 492 763 648 281 224 88 227 110
is_linear=0
shrinkage=0.05


Tree=63
num_leaves=15
num_cat=0
split_feature=30 0 0 55 35 60 9 14 33 37 59 56 34 57
split_gain=14.8915 18.3169 32.2691 18.1178 18.6356 25.7179 11.6927 9.71754 19.2468 10.6973 8.51339 7.97916 7.8672 6.82871
threshold=130.50000000000003 553.50000000000011 13.500000000000002 1.2705093761262904e-09 1088.6680118537556 0.11281347072150549 12.500000000000002 10.627025673381594 60.262821064058016 0.34086052836052844 6.28295584786924e-05 0.11805919109701586 75.021811376599175 -0.00051287076270809071
decision_type=8 10 10 2 2 2 10 8 2 2 2 2 2 2
left_child=1 2 3 4 5 -1 -5 8 9 11 -9 -2 -8 -4
right_child=7 -3 13 6 -6 -7 12 10 -10 -11 -12 -13 -14 -15
leaf_value=-0.065724131507349418 0.0097189789526704318 -0.039919692508038035 -0.015188193040827823 -0.034693092494181808 0.028591871560348866 0.02208673580433404 -0.013497442123934555 0.032641138627306984 -0.04517280130589324 0.022159827372957974 0.0012954745401912359 -0.052620694675704321 0.035807801415154016 0.032015616392804057
leaf_weight=30.106077201664448 8.3154118503443879 17.209794745314866 5.4973988258279851 6.5745911551639429 6.6312709059566251 8.2079555704258365 8.1390073001384717 150.78103337902576 9.753901105374096 89.165793860331178 25.65185366012156 4.58903476409614 24.349243522621691 83.778128274716437
leaf_count=546 71 854 146 167 22 27 74 461 71 184 50 28 48 546
internal_value=0.0139635 0.00299364 0.00825563 -0.0136056 -0.0336976 -0.0465345 0.0107127 0.0210383 0.00894552 0.0159851 0.028245 -0.020954 0.023303 0.0284575
internal_weight=478.75 190.493 173.284 84.0081 44.9453 38.314 39.0628 288.257 111.824 102.07 176.433 12.9044 32.4883 89.2755
internal_count=3295 2430 1576 884 595 573 289 865 354 283 511 99 122 692
is_linear=0
shrinkage=0.05


Tree=64
num_leaves=15
num_cat=0
split_feature=42 1 5 5 42 42 5 37 60 32 0 2 56 2
split_gain=13.3241 13.1014 38.0403 18.0202 27.1008 18.4051 12.4573 11.3622 20.9114 11.4447 10.5475 12.5759 9.66508 9.28398
threshold=7.535000000000001 14.500000000000002 1.4876100000000002e-10 2.1846474721926001 14.975000000000003 96.595000000000013 25.314869666348056 0.395476616406849 0.044804909912661235 42.568053953923531 64.500000000000014 5294.0627899454612 0.03366243365601345 5051.2641546914174
decision_type=8 8 10 8 8 8 10 2 2 2 10 10 2 10
left_child=-1 2 10 4 -3 -5 7 9 -9 -7 -2 -12 13 -4
right_child=1 3 12 5 -6 6 -8 8 -10 -11 11 -13 -14 -15
leaf_value=-0.045260474821364194 -0.074210005617893815 0.035465836198944424 -0.039804915473419772 0.030469294020251621 -0.059147699486072382 -0.0016122039853514543 -0.046452190642844449 0.013066135218222297 -0.046514508712714557 0.035234426685770912 -0.041532627887731176 0.018244076850886613 0.036334342739323885 0.018119259398700502
leaf_weight=4.6710543152876189 9.5798586169257742 8.6880176784470695 6.3224594290368286 221.22618243936449 13.09510477632284 32.167353191412985 5.1669424772262564 43.215968182776123 16.287760632345453 53.869850842747837 15.121921789599584 11.727599665522574 37.591559748165309 12.997176833450792
leaf_count=348 160 54 71 794 207 137 20 249 465 210 524 16 51 19
internal_value=0.0138158 0.0148365 -0.00192765 0.0187852 -0.0218356 0.0214223 0.0075902 0.0109879 -0.00558407 0.0221264 -0.0389218 -0.0166576 0.0229836 -0.00512319
internal_weight=491.729 487.058 93.3406 393.717 21.7831 371.934 150.708 145.541 59.5037 86.0372 36.4294 26.8495 56.9112 19.3196
internal_count=3325 2977 841 2136 261 1875 1081 1061 714 347 700 540 141 90
is_linear=0
shrinkage=0.05


Tree=65
num_leaves=15
num_cat=0
split_feature=32 36 28 23 25 3 32 9 53 13 27 11 12 33
split_gain=14.3812 18.0523 24.3174 16.9055 17.0435 21.4876 16.6963 18.5529 14.8107 12.3252 11.2893 10.9616 15.2776 8.03511
threshold=220.67365037740481 0.50238095238095248 0.52816976227369306 9.256501414143548 0.80840032518763005 118.50000000000001 57.46194799666609 260.50000000000006 2.3962250698135944e-08 113.45418647236475 0.87288559346248373 380.74056279300197 29.468116017505583 38.317816169874554
decision_type=2 2 2 2 2 8 2 8 2 10 2 10 8 2
left_child=1 2 3 4 5 8 7 11 9 -1 -8 12 -6 -13
right_child=-2 -3 -4 -5 6 -7 10 -9 -10 -11 -12 13 -14 -15
leaf_value=-0.075076979704213717 -0.039758230425426547 0.025763455981624252 -0.053611682377001584 0.026274352212327184 0.027718088004019589 0.015026627156423942 -0.045417591961748355 -0.045585591372197982 -0.0014698287926765263 0.0076026052374097118 0.026253509013505739 0.0048408545364109724 -0.0333446343575056 0.039667896093724016
leaf_weight=20.337961869779978 9.1616199752315861 148.49081270582974 12.029070019721983 82.861761771142483 15.474280208814891 24.562947779893875 15.478387514362113 6.4714028416201463 16.083893345668912 4.4349804120138279 3.8144127130508414 24.084972394630313 15.549490585923193 61.538878343999386
leaf_count=187 88 399 54 125 314 36 932 68 37 23 2 142 711 188
internal_value=0.010337 0.0117788 0.00461186 0.00788699 0.00011098 -0.0201268 0.00977497 0.0167002 -0.040595 -0.0614843 -0.0287604 0.0218874 -0.00326749 0.030679
internal_weight=460.375 451.213 302.722 290.693 207.832 65.4198 142.412 123.119 40.8568 24.7729 19.2928 116.648 31.0238 85.6239
internal_count=3306 3218 2819 2765 2640 283 2357 1423 247 210 934 1355 1025 330
is_linear=0
shrinkage=0.05


Tree=66
num_leaves=15
num_cat=0
split_feature=13 8 55 29 22 5 55 44 14 1 33 33 5 54
split_gain=13.0333 12.6443 12.5618 14.2888 11.9083 11.7765 17.0426 12.8456 11.1077 16.3225 11.6709 9.25811 18.6807 10.2377
threshold=-36.426498153446651 285.00000000000006 2.5867724751801154e-08 8833.2854784032988 8.6263924224045567 3.3570493899108507 -2.0651732255077142e-08 2.9919208989037802 1.5583717403916242 14.500000000000002 11.357288891718891 46.979706546782083 25.314869666348056 0.079395453970353733
decision_type=8 10 2 10 2 8 2 2 8 8 2 2 8 2
left_child=1 -1 3 4 5 6 -2 8 10 -10 -7 13 -13 -11
right_child=2 -3 -4 -5 -6 7 -8 -9 9 11 -12 12 -14 -15
leaf_value=-0.046357682763391098 0.021319340641008974 0.014284920498847851 0.029842829240840231 -0.043023047390155555 0.024707295420670697 -0.024101309567263599 -0.053786602624561801 -0.032935033056576718 -0.052517685894722901 -0.0047332369625380259 0.029216553021858657 0.016634087934645884 -0.061258484041918408 0.034227895812262918
leaf_weight=13.690191353438424 8.9327082820236701 12.549668621271847 93.95429727435112 7.7897061109542838 103.99489314109087 7.792790339794009 14.155406072270123 12.499041965696959 8.0775918378494662 28.486869171261787 85.529228072380647 14.627629148773847 8.2464410993270594 32.814587458968163
leaf_count=560 14 28 217 27 145 242 409 83 189 282 876 42 144 39
internal_value=0.011942 -0.01971 0.0140932 0.00927301 0.0111584 0.00438211 -0.026106 0.00849116 0.0120722 -0.000369773 0.0237651 0.00729845 -0.0173986 0.017131
internal_weight=453.141 26.2399 426.901 332.947 325.157 221.162 23.0881 198.074 185.575 92.2531 93.322 84.1755 22.8741 61.3015
internal_count=3297 588 2709 2492 2465 2320 423 1897 1814 696 1118 507 186 321
is_linear=0
shrinkage=0.05


Tree=67
num_leaves=15
num_cat=0
split_feature=59 13 55 23 8 61 1 0 0 4 42 27 37 63
split_gain=13.4652 10.5077 10.5923 12.5057 10.5271 8.80618 11.0857 20.2016 13.0544 13.7881 14.9645 13.797 9.3993 6.96689
threshold=-0.0113731801557729 -55.744968119033665 -1.5057393197621137e-06 9.8453994788671206 470.50000000000006 0.0078870422327950215 200.00000000000003 328.00000000000006 11.500000000000002 33.566479474675909 42.725000000000001 0.54803677386272076 0.47413024085637828 -0.011550425876435193
decision_type=2 8 2 2 10 2 8 10 8 8 10 2 2 2
left_child=-1 -2 -3 4 5 6 7 12 9 10 -8 -12 -4 -7
right_child=1 2 3 -5 -6 13 8 -9 -10 -11 11 -13 -14 -15
leaf_value=-0.034415736738173136 -0.029665946281064223 -0.033345788057508964 0.029547223689218 0.029964041851138063 -0.030306532497158107 0.011408386656354077 -0.04111354446884443 -0.048207499025003236 0.024994934948892895 -0.052352152634962457 -0.035284191891283123 0.02678987042529888 -0.031685385048072924 0.036368752297855751
leaf_weight=10.073280022479592 8.8587035653181356 6.4429015517234793 18.877029300201688 120.36136753112078 10.174467295408247 68.877594421617687 9.1064759218133968 18.93115669535473 82.247861665207893 7.3084899173118165 6.4026289321482173 44.838185994885862 3.9793447707779697 51.724056431092322
leaf_count=50 215 21 161 166 28 126 325 798 580 227 227 137 192 63
internal_value=0.0127796 0.0141777 0.0153592 0.0164322 0.011001 0.0128032 0.00588009 -0.0156596 0.0121962 -0.00401231 0.00539975 0.0165863 0.0151127 0.0231351
internal_weight=468.204 458.13 449.272 442.829 322.467 312.293 191.691 41.7875 149.904 67.6558 60.3473 51.2408 22.8564 120.602
internal_count=3316 3266 3051 3030 2864 2836 2647 1151 1496 916 689 364 353 189
is_linear=0
shrinkage=0.05


Tree=68
num_leaves=15
num_cat=0
split_feature=14 65 23 2 23 1 0 67 14 2 42 56 27 61
split_gain=12.7797 18.9007 12.5474 13.9243 11.9363 13.5733 14.4883 12.7272 15.4263 18.6929 9.35366 9.65635 8.73491 7.05818
threshold=8.8127816659523113 1.3854632587507083 11.086733148838261 2858.1889364715239 11.086733148838261 4.5000000000000009 4624.0000000000009 0.053767093089976882 13.172475709644326 3304.0509901523887 9.3950000000000014 0.63371809205246832 0.76663208852005549 0.0025270374871339553
decision_type=8 2 2 10 2 8 10 2 10 8 10 2 2 2
left_child=1 2 3 -1 5 12 7 8 9 -7 -5 13 -2 -12
right_child=4 -3 -4 10 -6 6 -8 -9 -10 -11 11 -13 -14 -15
leaf_value=-0.031657197785948339 -0.047142630200808527 -0.049438845202875642 -0.039226914501126801 -0.042872401533185056 0.037255948296287249 -0.030722160741243038 -0.037860955300333836 0.030279444331508445 -0.051471384148344769 0.028882583206556036 0.0057907885552172019 -0.032258358884690162 0.013774740565690044 0.027118851207074069
leaf_weight=14.062186843948437 10.433924368582668 11.592812609858809 9.3506745100021345 2.3940700520761302 60.894142434000969 14.15605050162412 7.1117677364964029 100.00338185555302 6.6058828830718985 38.838014498353004 70.852253725053743 5.5698066917248061 6.5794060351327053 90.811045385431498
leaf_count=581 180 71 30 92 77 511 133 197 24 47 1093 95 19 156
internal_value=0.011185 0.00187397 0.00612591 0.00941287 0.0187804 0.0118321 0.0163128 0.0198034 0.00124255 0.0116846 0.0136265 0.0156565 -0.0258067 0.0182255
internal_weight=449.255 204.633 193.04 183.689 244.623 183.728 166.715 159.603 59.5999 52.9941 169.627 167.233 17.0133 161.663
internal_count=3306 2118 2047 2017 1188 1111 912 779 582 558 1436 1344 199 1249
is_linear=0
shrinkage=0.05


Tree=69
num_leaves=15
num_cat=0
split_feature=53 65 63 29 67 59 35 13 53 4 0 0 61 55
split_gain=10.1005 26.9545 20.9897 18.3668 16.9257 15.4171 9.02434 16.794 13.4245 13.0476 8.96508 28.2247 14.8946 10.5064
threshold=3.4797744165029536e-08 1.4103168605658352 5.3420112231071823e-34 7754.9252754608415 0.05507765095410886 0.00039868152937414685 60.558257612506118 21.987026058096394 1.154688201438789e-08 1.0476568145198504 553.50000000000011 16325.500000000002 -0.001722206959332186 -9.4090787329979592e-08
decision_type=2 2 2 10 2 2 2 8 2 10 10 10 2 2
left_child=1 4 -3 -2 5 6 7 8 -1 -8 12 13 -6 -12
right_child=3 2 -4 -5 10 -7 9 -9 -10 -11 11 -13 -14 -15
leaf_value=-0.0609836725089999 0.030189111596257995 -0.066791611819799299 0.016531572856904719 -0.018579789608197443 -0.02052364388775469 -0.052836114395150229 -0.03294393618053907 0.0093549223167309539 0.014123477994553605 0.023813163126454956 0.010847461213515493 0.036668324715061165 0.034118141116615507 -0.056958733245410953
leaf_weight=15.592730683973061 113.03720838390291 16.15866414830089 9.1832341160625202 19.574334889650345 10.733935009688137 8.6459829264786077 7.5617074149195096 39.223123353905976 6.1048585027456275 57.81742732366547 6.2738943602889803 21.832101240288466 105.40290818316862 13.34146499307826
leaf_count=379 166 75 25 47 286 324 550 331 9 404 14 86 216 429
internal_value=0.011217 0.00620159 -0.0388489 0.022577 0.0106916 -0.00231681 0.00302188 -0.0103955 -0.0411641 0.0153746 0.0215599 0.00132353 0.0284292 -0.0374731
internal_weight=450.484 317.872 25.3419 132.612 292.53 134.946 126.3 60.9207 21.6976 65.3791 157.584 41.4475 116.137 19.6154
internal_count=3341 3128 100 213 3028 1997 1673 719 388 954 1031 529 502 443
is_linear=0
shrinkage=0.05


Tree=70
num_leaves=15
num_cat=0
split_feature=45 12 63 18 18 37 63 67 53 45 15 4 13 4
split_gain=13.6278 19.5102 15.8765 12.6565 15.0821 10.5034 10.4595 18.6917 15.5279 11.8846 15.0535 10.335 14.2055 10.0303
threshold=2.524928003624769 15951.446521369351 0.0070170335227573277 27.500000000000004 127.50000000000001 0.57558539944903597 -0.02821209150821705 0.20986067830300964 2.3962250698135944e-08 3.0201273556387074 39.500000000000007 24.137193161244753 6.9215206690784745 53.599637655073302
decision_type=10 10 2 8 10 2 2 2 2 10 10 8 10 10
left_child=1 2 3 11 -5 -4 7 -2 9 -8 13 12 -1 -11
right_child=6 -3 5 4 -6 -7 8 -9 -10 10 -12 -13 -14 -15
leaf_value=-0.047577469486776096 0.019683016807198309 0.026698966519118579 -0.020264019879996261 0.0086226619801959871 -0.041153250661800402 0.038162886826424949 0.037217130175371899 -0.053829805575908711 0.041344010112920188 -0.030511890962844332 0.017329802291929475 -0.067494251609348285 0.0079480126553201271 0.024596816835455344
leaf_weight=15.482891961932181 17.9840373066254 49.20394267141819 7.1337262634187963 64.733997779432684 14.484069876372812 21.931831102352589 29.672406021039933 9.0480704433284682 65.748667369130999 32.997378599829972 66.939741733949631 11.755494516808538 23.611394420266151 6.504613831639289
leaf_count=466 50 69 205 167 43 42 139 50 88 1422 244 265 52 8
internal_value=0.010023 0.000705678 -0.00789993 -0.015389 -0.0023812 0.0229533 0.0183071 -0.00948454 0.0221681 0.0117686 0.00332287 -0.0336263 -0.0169437 -0.0196934
internal_weight=437.232 208.337 159.133 130.068 79.2181 29.0656 228.895 27.0321 201.863 136.114 106.442 50.8498 39.0943 39.502
internal_count=3310 1309 1240 993 210 247 2001 100 1901 1813 1674 783 518 1430
is_linear=0
shrinkage=0.05


Tree=71
num_leaves=15
num_cat=0
split_feature=29 14 53 58 67 27 9 44 62 26 59 59 65 13
split_gain=11.866 25.054 23.1347 14.3383 10.8033 9.90841 16.9034 13.0446 15.4635 12.7624 8.93651 14.5779 13.3822 11.4722
threshold=7754.9252754608415 17.014612396460375 6.933371198815278e-08 0.27051599315363101 0.1416428243475524 0.72253433208489393 282.00000000000006 0.15956976018512484 0.96987951807228934 3.6297774724491716 0.00013385400008732127 0.0033190591242725372 0.98998334398108612 0.97486764910543733
decision_type=10 10 2 2 2 2 10 2 2 2 2 2 2 8
left_child=2 -2 3 5 -5 6 9 8 -7 10 12 -12 -1 -14
right_child=1 -3 -4 4 -6 7 -8 -9 -10 -11 11 -13 13 -15
leaf_value=0.031502163906666013 -0.058583001524082384 0.026347247131452024 0.03610004221303164 -0.049772255913058214 0.0035248230752998443 -0.048545439296318452 -0.039062798651985843 0.033902434345922279 0.025576472207759361 0.030961242201020513 -0.044527151759124979 0.011074280893794333 -0.041050901800050416 0.0052598173505063245
leaf_weight=37.115369471022859 13.091651976108553 12.555684626102446 81.92164546251297 13.441867607645692 18.364078097045422 8.271784860640766 15.399968467652796 67.924908937886357 10.366886734962462 44.158827744890004 18.761402187636122 20.255186135182157 11.194832871668043 72.365009004250169
leaf_count=395 48 13 111 49 36 140 53 86 14 151 807 260 603 562
internal_value=0.010977 -0.0194901 0.0130471 0.00700826 -0.0227012 0.0104137 0.00452901 0.0242572 -0.0106289 0.00867851 0.00176386 -0.017683 0.00850477 -0.002912
internal_weight=445.189 25.6473 419.542 337.62 31.8059 305.814 219.251 86.5636 18.6387 203.851 159.692 39.0166 120.675 83.5598
internal_count=3328 61 3267 3156 85 3071 2831 240 154 2778 2627 1067 1560 1165
is_linear=0
shrinkage=0.05


Tree=72
num_leaves=15
num_cat=0
split_feature=0 0 42 42 58 37 4 67 14 33 54 61 42 14
split_gain=9.48492 23.12 9.88289 25.6218 25.4131 15.76 11.8665 11.0756 15.7254 15.0406 15.8259 8.98857 8.66367 8.4111
threshold=16325.500000000002 4624.0000000000009 96.595000000000013 167.58000000000001 0.13040862817685886 0.5131670131670133 9.4541776909920028 0.17375084341836838 -1.206168780458621 6.6132216718989243 0.65941683488769376 -0.0013747787180391727 149.58500000000001 -0.85498048459955089
decision_type=10 10 8 10 2 2 10 2 8 2 2 2 10 10
left_child=1 2 7 4 6 11 -4 8 -1 -10 -11 -5 -2 -7
right_child=12 -3 3 5 -6 13 -8 -9 9 10 -12 -13 -14 -15
leaf_value=-0.038280996288628424 0.043928527206809974 -0.055860880110256916 -0.019817765126413658 -0.022939478231854944 0.016114735310179446 0.018200727727828447 -0.077937100027426071 0.033631994598230817 -0.032793303814630595 0.022767851071212302 -0.029219223149957747 0.03549305203964194 -0.01135450995655193 -0.043294614053951561
leaf_weight=11.02838826086372 30.080845355521888 8.6543907430022937 27.473460823530331 3.9654419175349167 24.264824032783508 5.4683512013871232 12.698654946405439 64.268584172707051 11.406853780383242 145.56905570300296 11.936471104621885 56.214308217633516 6.6593800394330165 9.4019732633605564
leaf_count=218 66 261 425 364 37 52 115 194 501 707 34 164 132 50
internal_value=0.0109191 0.00838359 0.0105326 -0.000119835 -0.0223417 0.0191633 -0.0447828 0.0164973 0.0096336 0.0137726 0.0180502 0.0301784 0.0337483 -0.0217911
internal_weight=429.091 392.351 383.696 139.487 64.4369 75.0501 40.1721 244.209 179.941 168.912 157.506 60.1798 36.7402 14.8703
internal_count=3320 3122 2861 1207 577 630 540 1654 1460 1242 741 528 198 102
is_linear=0
shrinkage=0.05


Tree=73
num_leaves=15
num_cat=0
split_feature=42 33 41 56 27 33 38 41 1 5 61 29 5 42
split_gain=10.1222 15.4594 24.2031 19.698 16.1436 12.6552 14.1513 12.9133 11.7595 27.8199 17.0552 9.99815 8.30488 15.9643
threshold=96.595000000000013 46.681604521027019 2.5530000000000004 0.0049983101562651637 0.83156028368794332 278.53794536981519 188.40974233091131 1.9240000000000002 14.500000000000002 0.26973519072070001 0.053013796107365764 7227.0575469837286 2.3435685267142001 15.420000000000002
decision_type=8 2 10 2 2 2 2 10 8 10 2 8 8 10
left_child=8 3 4 -2 5 6 7 -3 9 10 -1 -4 13 -10
right_child=1 2 11 -5 -6 -7 -8 -9 12 -11 -12 -13 -14 -15
leaf_value=-0.072416991212898393 0.0053809807929069359 0.020492583814760879 0.038527794314579956 -0.063736695710461769 0.030838607161637246 0.022412677588483882 -0.055641743593193939 -0.040339360502087439 0.030495158976809919 0.021963963531754362 0.023403132890541425 -0.014055445834905977 0.024371361746359014 -0.04688697720485005
leaf_weight=12.5976599897258 20.985094442497939 17.032545514404777 51.840819273376837 14.002565678674726 14.162076637148855 9.7551104151643795 23.983416926581413 9.5000322451814991 8.5373583040200192 30.156664453912526 3.5938060879707328 8.0936908870935422 189.44512249436229 8.3850608188658935
leaf_count=335 89 28 293 153 14 46 901 67 153 57 3 21 960 149
internal_value=0.0101462 0.0006315 0.00847715 -0.0267917 -0.0103795 -0.021685 -0.0314523 -0.00423112 0.0163865 -0.00586327 -0.0506453 0.0308913 0.0214041 -0.00979642
internal_weight=422.071 169.355 134.368 34.9877 74.4332 60.2711 50.516 26.5326 252.716 46.3481 16.1915 59.9345 206.368 16.9224
internal_count=3269 1612 1370 242 1056 1042 996 95 1657 395 338 314 1262 302
is_linear=0
shrinkage=0.05


Tree=74
num_leaves=15
num_cat=0
split_feature=42 1 29 42 0 36 2 50 3 3 62 5 42 28
split_gain=13.158 14.2695 13.1571 15.7546 18.9098 34.6994 11.6348 9.64678 9.13528 8.81801 8.44554 8.0382 7.88371 7.28681
threshold=94.155000000000015 1.5000000000000002 7227.0575469837286 179.27500000000001 16325.500000000002 0.33415435139573074 3063.5454536195271 0.10310928212162783 288.50000000000006 115.50000000000001 1.4534161490683231 8.8580603256950514 149.58500000000001 -5.3772932447501759e-05
decision_type=8 8 10 10 8 2 10 2 8 8 2 10 8 2
left_child=1 8 3 4 5 11 13 9 -1 -3 -7 -2 -6 -5
right_child=2 7 -4 6 12 10 -8 -9 -10 -11 -12 -13 -14 -15
leaf_value=-0.047839165325606781 -0.066460184713753145 -0.048562250958961134 -0.035445370236587191 0.024981853604096212 0.038086410252954124 -0.016100156161705868 0.036074962652224755 0.022846961400973677 0.013784193024284325 0.020375748579987744 0.038261178068035501 -0.00044533466829000729 -0.0063425612754933504 -0.035078084447404123
leaf_weight=8.7965094530954975 25.632452354300771 5.2889306959696087 18.386905878782272 3.7718295035883775 18.064526850357652 7.7910335671622333 42.852961236611009 230.86649594432674 7.5429755970835677 4.6024064272642145 14.333303010091184 5.5081413388252249 15.428401858545838 8.2122443288099003
leaf_count=137 623 195 54 57 40 66 62 1327 11 6 14 12 51 631
internal_value=0.0106446 0.017542 -0.000635534 0.0049395 -0.00825939 -0.0258602 0.0247668 0.0206904 -0.0228271 -0.0204144 0.0196789 -0.0564606 0.0194549 -0.0143855
internal_weight=417.079 257.097 159.982 141.595 86.7579 53.2649 54.837 240.758 16.3395 9.89134 22.1243 31.1406 33.4929 11.9841
internal_count=3286 1676 1610 1556 806 715 750 1528 148 201 80 635 91 688
is_linear=0
shrinkage=0.05


Tree=75
num_leaves=15
num_cat=0
split_feature=23 29 14 8 55 2 7 60 55 61 1 42 1 12
split_gain=11.7464 13.2859 18.7024 12.8305 8.7776 11.4241 20.3985 14.2692 11.9969 10.3611 9.3658 7.69451 14.5055 12.9832
threshold=9.8453994788671206 7754.9252754608415 10.627025673381594 470.50000000000006 1.2705093761262904e-09 5051.2641546914174 7.5000000000000009 0.040199101965064328 -4.170826216891238e-09 0.035876196815660739 2.5000000000000004 93.365000000000023 200.00000000000003 962.90743178160278
decision_type=2 10 10 10 2 8 8 2 2 2 10 10 10 8
left_child=3 -2 -3 4 5 6 8 9 -1 -8 -9 -6 13 -13
right_child=1 2 -4 -5 11 -7 7 10 -10 -11 -12 12 -14 -15
leaf_value=0.038488995177261467 0.031388492524782416 -0.041569434841342234 0.028152919909207624 -0.043926030025452666 0.026355242814779141 0.015392191263013387 -0.058774605303934357 0.020519984276236341 -0.0076952103890604757 0.014138593993609547 -0.028582069776841596 0.010112884718991336 0.030996195027548176 -0.05070829806169859
leaf_weight=19.499042615294456 87.108319249004126 13.792307004332544 14.865867272019385 8.6873834282159788 66.979543450754136 59.448208630084991 28.567332693608478 16.058180930558596 29.882347628008574 3.7082416266202918 13.061315905535592 14.75312554719858 17.279234108980745 12.616100107086821
leaf_count=60 132 44 16 31 331 95 368 58 1154 4 101 386 78 411
internal_value=0.00898286 0.0221025 -0.00659285 0.00346982 0.00567087 -0.00152596 -0.0108777 -0.0291272 0.0124034 -0.0496246 -0.00246534 0.0162404 -5.94155e-05 -0.0214253
internal_weight=406.307 115.766 28.6582 290.54 281.853 170.225 110.776 61.3951 49.3814 32.2756 29.1195 111.628 44.6485 27.3692
internal_count=3269 192 60 3077 3046 1840 1745 531 1214 372 159 1206 875 797
is_linear=0
shrinkage=0.05


Tree=76
num_leaves=15
num_cat=0
split_feature=0 53 67 41 14 29 54 0 27 53 50 12 63 33
split_gain=10.3221 16.8483 14.192 21.7624 15.9669 15.204 14.1405 12.9757 14.3278 21.8507 12.7629 12.6524 12.1531 11.589
threshold=11.500000000000002 2.3962250698135944e-08 0.052856231753067619 1.6625000000000003 54.878453178192373 7754.9252754608415 0.65941683488769376 19.500000000000004 0.81991893456861631 1.0000000180025095e-35 0.14419119974675534 14750.909355085307 -0.024878472922580976 74.112947407006303
decision_type=8 2 2 8 8 8 2 8 2 2 2 8 2 2
left_child=2 7 3 5 6 -1 11 -2 9 13 -11 -4 -5 -9
right_child=1 -3 4 12 -6 -7 -8 8 -10 10 -12 -13 -14 -15
leaf_value=0.016472177640246981 0.034338429179049085 0.035928940152347683 -0.0085514368080694073 0.010592916402757181 0.040137043708877954 -0.047528170293244965 -0.041153226739989342 0.012674182902198209 0.034500638276829823 -0.05517436615803456 0.022279637612219554 0.031559274098510198 -0.062377476525420486 -0.036660456997734028
leaf_weight=43.360598902683705 28.492409551981837 68.357929310761392 42.155769910430536 5.6183566288091269 29.335620530880988 6.5184811274521044 12.28572456538677 73.182754386216402 19.078409235924482 23.536929267691452 3.6644469690509132 29.406318295747042 21.35925234737806 9.1211438886821252
leaf_count=182 132 105 234 15 44 174 40 799 24 259 9 39 564 689
internal_value=0.00897792 0.0160923 0.000342307 -0.0156688 0.0114175 0.00454002 -0.000323863 0.00661755 -0.000580391 -0.00793196 -0.0429008 0.00891549 -0.0479005 0.00542032
internal_weight=415.474 225.434 190.04 76.8567 113.183 49.8791 83.8478 157.076 128.584 109.505 27.2014 71.5621 26.9776 82.3039
internal_count=3309 2017 1292 935 357 356 313 1912 1780 1756 268 273 579 1488
is_linear=0
shrinkage=0.05


Tree=77
num_leaves=15
num_cat=0
split_feature=55 29 53 65 63 14 45 2 42 45 4 57 12 54
split_gain=9.73878 15.7305 10.6699 14.1773 13.671 18.6064 13.405 13.2721 16.6562 12.4405 10.6124 10.2423 8.08743 7.923
threshold=3.0387689672613707e-08 7754.9252754608415 1.0229117194949389e-07 1.4103168605658352 5.3420112231071823e-34 40.581811539269374 6.2830435037004779 3030.4665813377073 30.210000000000004 6.1682740618002603 1.0476568145198504 -0.0017775102987191785 178.95683839453906 0.34080932498746719
decision_type=2 10 2 2 2 10 10 8 8 10 10 2 8 2
left_child=1 2 3 6 5 -5 7 8 10 -10 -1 -8 -9 -13
right_child=-2 -3 -4 4 -6 -7 11 12 9 -11 -12 13 -14 -15
leaf_value=-0.029469201511176237 0.022933596535960277 -0.038985134710452479 0.032888453347792022 -0.067061083170917801 0.020421970549047458 0.0025288116002476599 0.010619747324764076 -0.0049869283834435077 -0.046278441597665726 0.029668608803502857 0.029312990925735673 -0.05470709512424593 0.025663641660430864 0.01338226552247841
leaf_weight=5.7645568714942774 84.931686167605221 14.893144875764845 30.205709397792816 16.19852492492646 11.314299723133443 16.923565179109573 13.60360896959901 23.996017202734947 22.460247331531722 3.0773382568731895 26.356912710238248 13.821699037915097 126.07817322853953 3.3450788632035247
leaf_count=573 370 47 47 75 28 34 124 61 913 5 134 697 204 7
internal_value=0.00832946 0.0042608 0.00689793 0.00360035 -0.0208952 -0.0358363 0.00849955 0.0131155 -0.00685028 -0.0337674 0.0162155 -0.0201406 0.02076 -0.0414135
internal_weight=412.971 328.039 313.146 282.94 44.4364 33.1221 238.504 207.733 57.6591 25.5376 32.1215 30.7704 150.074 17.1668
internal_count=3319 2949 2902 2855 137 109 2718 1890 1625 918 707 828 265 704
is_linear=0
shrinkage=0.05


Tree=78
num_leaves=15
num_cat=0
split_feature=42 12 4 27 42 31 33 57 2 61 13 33 66 13
split_gain=13.9999 12.2151 12.2518 11.3296 16.0537 17.5556 13.8194 10.5048 17.9605 10.041 9.73085 8.8568 8.23748 8.12656
threshold=7.535000000000001 8.7916117084708016 90.432739867484614 0.72253433208489393 241.55500000000004 4.8559213341406453 30.123557352437405 0.0021517171114032066 3996.4234408733178 0.016508052807003997 113.45418647236475 38.317816169874554 0.9896602184705191 71.171406080466042
decision_type=10 10 8 2 10 2 2 2 10 2 10 2 2 10
left_child=-1 -2 3 4 5 6 12 8 11 13 -8 -7 -3 -10
right_child=1 2 -4 -5 -6 7 10 -9 9 -11 -12 -13 -14 -15
leaf_value=-0.032289333741801825 0.029060260651049902 0.018230730458195912 -0.04174402899691404 0.01906309893452076 0.031451095212423841 -0.01623525833229358 -0.050815604306074673 0.02382476446890679 -0.070390789043115173 0.00061171384179561786 0.017991981455598518 0.02787573751500004 -0.030723493678356719 -0.0070496454014588915
leaf_weight=18.157914900919423 52.799137996509671 19.731538613559682 9.0702332064975035 104.97741011017933 28.443565724417567 12.495645153336225 35.175878359703347 42.678685870021582 11.278632074594499 16.818750187754631 3.3671679943799964 32.395082582719624 8.1771122054196876 9.1336593106389028
leaf_count=425 255 313 203 224 333 59 1005 64 46 33 3 128 219 21
internal_value=0.00563841 0.00780965 0.00406843 0.00596197 -0.000583052 -0.00602718 -0.0258215 0.00510126 -0.00543822 -0.0291766 -0.0434287 0.0152006 0.00139863 -0.0490118
internal_weight=404.7 386.542 333.743 324.673 219.696 191.252 66.4517 124.8 82.1218 37.231 38.543 44.8907 27.9087 20.4123
internal_count=3331 2906 2651 2448 2224 1891 1540 351 287 100 1008 187 532 67
is_linear=0
shrinkage=0.05


Tree=79
num_leaves=15
num_cat=0
split_feature=2 53 58 54 32 58 67 59 28 32 4 32 32 57
split_gain=11.1331 11.0244 10.0643 7.61204 11.6501 8.29674 6.4792 11.5055 13.2169 8.55957 14.5129 10.8147 10.9621 14.9596
threshold=31267.803350797974 1.2727811035957529e-07 1.0050947144634115 0.45654447429092504 51.665835896561035 0.56095812875373074 0.051975657560908835 0.00039868152937414685 0.57865193221582856 28.753733592452217 11.161168785343902 17.068329602701052 13.001163420913166 1.0000000180025095e-35
decision_type=8 2 2 2 2 2 2 2 2 2 8 2 2 2
left_child=1 2 3 6 5 -5 7 9 -9 11 -11 12 13 -1
right_child=-2 -3 -4 4 -6 -7 -8 8 -10 10 -12 -13 -14 -15
leaf_value=0.0097879817647427841 -0.024918934920831293 0.028002191676284316 -0.048924341058005867 -0.048824310183775969 0.019487828644348046 0.0035861800837704572 0.015862731076088207 -0.071890833816529595 0.019986160183643718 0.028390907944436501 -0.025964526776523056 -0.053431887315371712 0.031114498211559555 -0.059116840211188119
leaf_weight=18.018516030861068 21.532625287771225 57.172733820974827 3.5382791459560385 15.927043443545701 14.28327640891075 10.80770844966173 153.59419302595779 5.6154101288411749 3.4271760620176792 50.761038655648008 11.519222759408875 6.232602131785824 14.389121027663348 7.586429785238578
leaf_count=608 56 92 16 79 21 20 1096 285 5 508 98 153 53 223
internal_value=0.00659068 0.00871594 0.00484111 0.00621221 -0.0128052 -0.0304102 0.00926889 0.000357467 -0.0423514 0.00562548 0.017155 -0.0100663 0.00187842 -0.0169504
internal_weight=394.405 372.873 315.7 312.162 41.018 26.7348 271.144 117.55 9.04259 108.507 62.2803 46.2267 39.9941 25.6049
internal_count=3313 3257 3165 3149 120 99 3029 1933 290 1643 606 1037 884 831
is_linear=0
shrinkage=0.05


Tree=80
num_leaves=15
num_cat=0
split_feature=53 53 45 65 27 2 10 15 5 15 45 1 27 43
split_gain=7.31562 8.00759 14.6529 13.1113 13.0571 10.2445 10.2287 18.0929 13.0553 10.9827 10.8227 10.6048 21.2261 10.0562
threshold=7.3014422087786629e-06 2.3962250698135944e-08 0.89587973461402759 1.4103168605658352 0.74239631336405543 9614.0717676438708 8.5000000000000018 35.500000000000007 3.3570493899108507 107.50000000000001 2.8617925509761908 193.00000000000003 0.72086327703916642 646.26836297439934
decision_type=2 2 10 2 2 10 8 8 10 8 10 8 2 10
left_child=1 3 -3 5 -5 6 8 -8 10 -9 13 12 -11 -1
right_child=-2 2 -4 4 -6 -7 7 9 -10 11 -12 -13 -14 -15
leaf_value=-0.038654240863960299 -0.033563591382314732 -0.010680207864759698 0.027916805412811736 -0.056047034753174678 0.015358997929755709 0.039123826779367286 -0.047319077798710668 0.025557696792991271 0.035288566571844489 -0.06673295001640385 0.015385921847797274 0.0054229213707273974 0.021563401435867602 0.014416404401169376
leaf_weight=19.525542058283467 5.9141700230538836 29.820201877504587 93.049512095749378 12.34597657248378 7.3658817484974852 17.059083513915539 17.848413361236453 28.651236087782308 38.520439313258976 12.550291385501625 47.248576992074959 42.017762492410839 7.9766097888350478 10.71473030024208
leaf_count=763 21 69 155 69 14 17 458 81 88 85 1233 105 12 129
internal_value=0.00718005 0.00822904 0.0184981 0.00315363 -0.0316554 0.0065708 0.00330659 -0.00751907 0.0133725 0.00232504 0.000999241 -0.00942175 -0.0349186 -0.0204728
internal_weight=390.608 384.694 122.87 261.825 19.7119 242.113 225.054 109.044 116.009 91.1959 77.4888 62.5447 20.5269 30.2403
internal_count=3299 3278 224 3054 83 2971 2954 741 2213 283 2125 202 97 892
is_linear=0
shrinkage=0.05


Tree=81
num_leaves=15
num_cat=0
split_feature=5 4 34 4 0 60 36 1 61 13 1 0 0 5
split_gain=8.93165 8.16135 9.60315 15.9686 16.9795 13.7684 11.5275 10.2513 8.32823 8.16629 9.53231 11.093 8.84095 10.7392
threshold=50.000000710110108 51.152806578673477 5.0000491137441507 23.284082909957249 19.500000000000004 9.0787211775061839e-05 0.57537784444696038 1.5000000000000002 0.0018188200130730087 21.987026058096394 200.00000000000003 328.00000000000006 476.50000000000006 3.3570493899108507
decision_type=10 10 2 8 10 2 2 8 2 10 8 10 10 10
left_child=1 2 5 7 8 -1 -7 -4 -5 10 11 -9 13 -12
right_child=-2 -3 3 4 -6 6 -8 9 -10 -11 12 -13 -14 -15
leaf_value=0.00291202926605726 -0.026573380346946996 0.026012862317726856 -0.028375669223081545 -0.031398874464481169 -0.050982532580219356 -0.068314374484571602 0.012867035230525134 0.0099305846702251906 0.016671835990222674 0.028382078792304411 -0.003838764299566662 -0.04643854058510246 0.038367104089294592 0.035435591702170754
leaf_weight=38.678502738010138 15.499394867569206 46.414695175830275 9.1469760639592987 7.2704682422336182 16.350720793707296 10.628292905632405 4.1474095154553643 16.397197679616514 29.481664984486997 82.132349126040936 66.064462240086868 10.786292565404436 24.796774888876826 18.257568273693323
leaf_count=408 45 118 170 115 382 101 12 100 58 122 914 624 145 24
internal_value=0.00577621 0.00742129 0.00449332 0.00821397 -0.0154712 -0.014075 -0.0480356 0.0139543 0.00454094 0.0163222 0.00830812 -0.0161762 0.0148491 0.00617256
internal_weight=396.053 380.553 334.139 280.684 53.1029 53.4542 14.7757 227.582 36.7521 218.435 136.302 27.1835 109.119 84.322
internal_count=3338 3293 3175 2654 555 521 113 2099 173 1929 1807 724 1083 938
is_linear=0
shrinkage=0.05


Tree=82
num_leaves=15
num_cat=0
split_feature=0 38 0 55 12 62 27 23 0 1 0 35 7 27
split_gain=8.67783 15.6947 13.3213 12.2522 10.8915 9.87765 9.43188 8.61529 9.36096 14.1587 8.19732 8.29778 9.29033 10.5337
threshold=13.500000000000002 162.52898006018106 3.5000000000000004 1.2705093761262904e-09 8.7916117084708016 2.2093750000000005 0.72483108108108119 9.8453994788671206 553.50000000000011 66.500000000000014 273.50000000000006 44.568710061744376 220.50000000000003 0.84663064208518757
decision_type=8 2 10 2 10 2 2 2 10 10 10 2 8 2
left_child=1 2 5 4 -3 -1 -5 8 10 -10 11 12 13 -2
right_child=7 3 -4 6 -6 -7 -8 -9 9 -11 -12 -13 -14 -15
leaf_value=0.032820159011915706 -0.053072934498133599 0.004080239442912934 -0.027747844416089813 -0.020997187173143361 -0.048950306677368882 0.0018365060949286699 0.027138939525041157 0.035193496296173826 -0.045402616771801893 0.007544507371672492 0.034497689002745593 0.021704699852261585 0.0076593259277509713 0.022574999239272083
leaf_weight=43.72717060148716 11.439986979123203 12.258657885249702 15.779051363468168 14.63469850132242 30.944486929103732 55.827179126441479 16.300130551680923 30.916826654225588 13.583520303829571 35.95796910172794 33.423558948095888 40.144415676593781 32.377289998345077 3.1721260547637931
leaf_count=79 248 325 55 286 470 109 21 52 652 332 225 360 69 2
internal_value=0.00567405 -0.00199986 0.00942688 -0.0192485 -0.0350407 0.0163641 0.00461362 0.0127802 0.00781781 -0.00980415 0.0151614 0.00627455 -0.00772749 -0.035082
internal_weight=390.487 189.471 115.333 74.138 43.2031 99.5543 30.9348 201.016 170.099 49.5415 120.557 87.1338 46.9894 14.6121
internal_count=3285 1345 243 1102 795 188 307 1940 1888 984 904 679 319 250
is_linear=0
shrinkage=0.05


Tree=83
num_leaves=15
num_cat=0
split_feature=0 4 54 5 26 58 51 38 12 62 55 4 27 55
split_gain=8.91741 14.942 13.0742 11.055 9.66272 18.7406 9.20334 8.11476 16.052 11.3043 12.3558 7.96452 12.0563 7.8343
threshold=11.500000000000002 3.4654253363408505 0.73080549932285854 9.0234912489708012 2.0320691373319661 -0.27334200858376717 -1.0000000180025095e-35 162.52898006018106 615.12745616585221 0.51086956521739146 1.2705093761262904e-09 20.158203286540857 0.72086327703916642 -9.6942072252899542e-09
decision_type=8 10 2 10 2 2 2 2 10 2 2 10 2 2
left_child=1 -1 3 7 6 -6 -2 13 9 10 -9 12 -7 -3
right_child=4 2 -4 -5 5 11 -8 8 -10 -11 -12 -13 -14 -15
leaf_value=-0.040563316686695113 -0.029276322466838547 0.035897393052031705 -0.035302993691428218 -0.031963338080858432 0.028767903183255134 -0.065237143591887356 0.02328002019440311 -0.045465317212531685 -0.042431399382919475 0.034101376706600559 0.020937265798820628 -1.707233828415396e-05 0.011440923229923452 0.0049316133812422822
leaf_weight=15.981939717894418 4.6637064404785624 43.773174356669188 13.779822901356964 10.300034910440443 23.530531318858266 12.003222715109588 147.58592529525049 8.8817251767031866 12.617820249171926 23.005643935874104 9.8548784654121828 18.921934949699789 5.4604097530245772 38.295270562171936
leaf_count=751 337 57 47 30 139 126 1356 119 84 37 85 50 10 75
internal_value=0.00749046 -0.00083426 0.0042275 0.00898098 0.0142752 -0.00260659 0.0207904 0.0130929 -0.00189748 0.0135833 -0.0134862 -0.0239207 -0.0440519 0.0225609
internal_weight=388.656 176.49 160.508 146.729 212.166 59.9161 152.25 136.429 54.3601 41.7422 18.7366 36.3856 17.4636 82.0684
internal_count=3303 1285 534 487 2018 325 1693 457 325 241 204 186 136 132
is_linear=0
shrinkage=0.05


Tree=84
num_leaves=15
num_cat=0
split_feature=0 63 12 53 58 48 4 54 67 29 66 22 61 63
split_gain=9.87472 11.4366 17.0567 11.5942 21.8056 10.9063 8.08002 8.57332 9.46811 14.1903 9.75688 10.7476 8.35591 5.70338
threshold=11.500000000000002 -0.02821209150821705 1085.0011255536103 6.6977493976214696e-09 0.0032161197366086451 1.0000000180025095e-35 5.1712676817328012 0.60642193682256951 0.085242057539684959 7754.9252754608415 0.99726549525967334 9.1045582958167657 -0.0017954777640091367 0.013698268745354332
decision_type=10 2 10 2 2 2 10 2 2 8 2 2 2 2
left_child=5 2 -2 4 -3 6 13 8 9 10 11 12 -8 -1
right_child=1 3 -4 -5 -6 -7 7 -9 -10 -11 -12 -13 -14 -15
leaf_value=-0.025093557383918438 0.024615915653294997 0.016423151619146155 -0.049285230429850169 0.032435345626523511 -0.046792950607191713 -0.052373579753884514 0.01118360651003842 -0.020639126966721141 0.026492917971708236 -0.046830129735313336 0.021296038041906856 0.022501138204551074 -0.057957086008155592 0.019542150963931689
leaf_weight=32.926752766827121 10.428478328511121 76.760365674039349 11.673505999846382 80.448949337005615 11.437768603907896 4.860735470429062 4.2926285029388955 19.572310484945774 54.675003183074296 8.6799525246024114 44.701242514420301 7.4952845871448508 9.1710282131098229 4.9148261635564259
leaf_count=667 25 1656 71 157 81 160 40 52 128 37 87 11 58 74
internal_value=0.00693516 0.0148312 -0.0163077 0.0192641 0.00615454 -0.00111575 0.00155374 0.0068716 0.0116594 -0.000232199 0.00880568 -0.0168045 -0.038854 -0.0176922
internal_weight=382.039 190.749 22.102 168.647 88.1981 191.29 186.429 148.587 129.015 74.3401 65.6602 20.9589 13.4637 37.8416
internal_count=3304 1990 96 1894 1737 1314 1154 413 361 233 196 109 98 741
is_linear=0
shrinkage=0.05


Tree=85
num_leaves=15
num_cat=0
split_feature=0 33 0 58 14 0 54 67 29 42 53 53 60 53
split_gain=8.71008 15.4503 11.9021 10.2913 8.96912 9.96122 12.2979 14.0957 13.5978 14.4201 13.4217 10.8286 9.77639 11.0862
threshold=16325.500000000002 54.868905010444173 4624.0000000000009 1.0050947144634115 -3.532866941248106 273.50000000000006 0.60642193682256951 0.083462629699644034 7754.9252754608415 14.975000000000003 3.4797744165029536e-08 6.2514170175912009e-08 0.011905074700311401 -2.4249287340347268e-08
decision_type=10 2 10 2 8 10 2 2 10 8 2 2 2 2
left_child=2 -2 3 4 -1 6 7 8 9 -6 12 -8 -11 -14
right_child=1 -3 -4 -5 5 -7 11 -9 -10 10 -12 -13 13 -15
leaf_value=-0.020128682246823598 0.041649385716563014 -0.033253314363035837 -0.047791419692406766 -0.047802958965981121 -0.052515306999639924 0.026249057344819422 -0.057923395898367314 0.024414122509201847 -0.053991972044416928 0.0039007453011807554 0.033663712273243239 0.0052520170612778555 0.021371186957644575 -0.058610632279787224
leaf_weight=27.092427313677035 27.296873550396413 4.7376059012021861 6.6283156678546211 4.4718484506011 6.1975297932513049 53.697102397447452 9.6689992342144269 70.867544746724889 6.6432318687438956 93.520939352922142 29.28315183147788 11.20595460385084 3.2501767873764029 8.812826936831696
leaf_count=494 55 151 251 18 428 571 45 242 31 620 44 24 4 320
internal_value=0.00457067 0.027578 0.00196938 0.00369449 0.00513743 0.00777091 0.00317501 0.00689118 -0.00204012 0.00217095 0.00647143 -0.0295484 -0.0022513 -0.0371132
internal_weight=363.375 32.0345 331.34 324.712 320.24 293.147 239.45 218.575 147.708 141.065 134.867 20.875 105.584 12.063
internal_count=3298 206 3092 2841 2823 2329 1758 1689 1447 1416 988 69 944 324
is_linear=0
shrinkage=0.05


Tree=86
num_leaves=15
num_cat=0
split_feature=4 7 8 9 12 12 43 22 48 37 32 42 32 14
split_gain=8.11914 8.69255 11.1332 7.74151 7.33689 12.706 12.8079 10.5504 8.69568 7.21966 17.0367 8.66479 17.4749 7.46125
threshold=98.859595070568773 79.500000000000014 20.500000000000004 113.00000000000001 8.7916117084708016 191.96525416537835 62.310105501608369 8.1853354399404221 1.0000000180025095e-35 0.73341793570219982 32.166255835505005 96.595000000000013 48.946872162773069 10.627025673381594
decision_type=10 10 10 10 8 10 10 2 2 2 2 10 2 10
left_child=1 2 4 -3 -1 6 -6 -8 -7 10 -5 -12 -13 -14
right_child=-2 3 -4 9 5 8 7 -9 -10 -11 11 12 13 -15
leaf_value=0.025481520229860895 0.039420833354966135 0.026668992690255966 -0.03339918605112055 -0.039957946572506453 0.0014265278472947406 0.021069275969788581 -0.06101260428284995 -0.0030220383266156637 -0.023407073058013081 0.029698291367144025 0.023349517683649627 -0.047611664882355298 -0.008686798097126058 0.03304116118176182
leaf_weight=22.892743897158653 13.236578792333601 59.308455526828766 20.566002320731059 17.102478176355362 44.482040943345055 53.822740278788842 16.144857158651579 13.336715310811995 9.1554832693655026 19.411740757524967 44.587487537413836 12.284801222383974 18.194154739379883 16.391102753579617
leaf_count=237 23 145 457 52 738 503 473 30 445 28 80 52 56 21
internal_value=0.00675248 0.00506331 -0.00275107 0.0124664 0.00208593 -0.00258497 -0.0161458 -0.0390213 0.0133574 0.00512896 -0.000378478 0.00871046 -0.00612404 0.012765
internal_weight=380.917 367.681 180.401 187.28 159.835 136.942 73.9636 29.4816 62.9782 127.972 108.56 91.4575 46.8701 34.5853
internal_count=3340 3317 2883 434 2426 2189 1241 503 948 289 261 209 129 77
is_linear=0
shrinkage=0.05


Tree=87
num_leaves=15
num_cat=0
split_feature=4 36 65 4 53 62 5 0 1 36 4 12 7 63
split_gain=8.26303 8.97165 10.048 12.9276 15.6171 10.9575 9.78681 9.77854 15.3658 7.84581 7.61411 9.04362 7.1446 8.36909
threshold=98.859595070568773 0.54006410256410264 0.99408074714366057 27.912168742124649 2.3962250698135944e-08 4.0714285714285721 6.6343657981765007 553.50000000000011 200.00000000000003 0.047782126549249841 83.845492297165492 5685.3275768166523 1856.0000000000002 -0.024126291244887146
decision_type=10 2 2 10 2 2 10 8 10 2 8 8 8 2
left_child=1 2 7 4 6 -5 12 9 -9 -1 -3 -12 13 -4
right_child=-2 10 3 5 -6 -7 -8 8 -10 -11 11 -13 -14 -15
leaf_value=-0.02725047079529537 0.038585561175270844 0.018791354021021611 0.0016399639051688127 -0.061410776352923024 0.018825047057348145 0.00064587479665621555 0.01830626985350858 -0.046408801362139422 0.018586411063377894 0.026432118104268865 -0.048258958418727085 0.024571925403657588 0.0039808123444373799 -0.043855838852703888
leaf_weight=3.5922953642439088 12.310028076171873 99.507718015229329 12.970852453261612 14.745517792878674 46.893194139003754 10.957874551415442 13.145643565338103 11.933559430763125 15.412039096001536 56.90250130253844 5.4075374163221541 3.2310635447502145 16.260995075106621 35.797856263117865
leaf_count=162 22 324 32 156 82 22 28 625 112 618 77 2 44 1016
internal_value=0.00483156 0.00310185 -0.00235101 -0.0100681 -0.00281425 -0.0391579 -0.0161459 0.0107237 -0.0125668 0.0214074 0.0147052 -0.0219967 -0.0239201 -0.0327282
internal_weight=359.069 346.759 238.612 150.772 125.069 25.7034 78.1753 87.8404 27.3456 60.4948 108.146 8.6386 65.0297 48.7687
internal_count=3322 3300 2897 1380 1202 178 1120 1517 737 780 403 79 1092 1048
is_linear=0
shrinkage=0.05


Tree=88
num_leaves=15
num_cat=0
split_feature=58 29 23 35 13 55 63 30 61 32 4 34 50 63
split_gain=5.97074 12.6652 10.951 11.4056 13.5464 16.4634 10.7931 15.5289 10.3117 9.33577 8.67501 8.61343 8.48768 7.39218
threshold=0.099668569836557683 7754.9252754608415 9.2850113310882794 72.747787392514013 -3.187768970029579 -9.6942072252899542e-09 -0.0017736386885785541 155.50000000000003 0.005580318970332814 50.622759604298047 1.0476568145198504 270.74334493536304 0.10867724867724869 -0.016959726649072679
decision_type=2 10 2 2 10 2 2 8 2 2 10 2 2 2
left_child=1 2 3 4 9 -6 7 8 -2 -1 -5 -7 -12 -9
right_child=6 -3 -4 10 5 11 -8 13 -10 -11 12 -13 -14 -15
leaf_value=0.010156437871642797 0.0060903020244145074 -0.041887786197865345 0.027588658319938321 -0.026148065731975995 0.0049026869004583796 -0.070516372118483786 0.033172293028965863 0.023245459731804596 -0.057456787070155349 -0.032329032919136677 -0.020661737256140827 0.012301086987193286 0.026874871287363884 -0.0069501201781437859
leaf_weight=58.777093350887299 9.7488824278116244 10.857163965702055 36.240470157936215 7.421677417936734 14.742984187323598 16.894359086407352 45.343398001044989 59.710923783481121 9.7073683366179448 11.229495537467299 7.3122701592510557 2.1017341976985326 55.644170483807102 26.736007834784687
leaf_count=627 22 39 67 621 62 293 70 94 40 626 258 10 420 65
internal_value=0.00658578 0.00127071 0.00441895 -0.00103886 -0.0113724 -0.0351004 0.0140704 0.004765 -0.0308802 0.00164071 0.0139378 -0.0606995 0.0202396 0.0140373
internal_weight=372.468 221.221 210.364 174.124 103.746 33.7391 151.247 105.903 19.4563 70.0066 70.3781 18.9961 62.9564 86.4469
internal_count=3314 3023 2984 2917 1618 365 291 221 62 1253 1299 303 678 159
is_linear=0
shrinkage=0.05


Tree=89
num_leaves=15
num_cat=0
split_feature=42 1 5 5 42 37 33 42 61 42 5 12 61 62
split_gain=9.16354 8.45583 15.6837 10.5864 10.3112 15.296 12.3667 9.66647 13.2896 9.48947 8.41232 8.31 11.3057 7.46065
threshold=7.535000000000001 14.500000000000002 3.921820157994151 2.1846474721926001 96.595000000000013 0.39885174370919591 47.872017387559097 167.58000000000001 0.053013796107365764 14.975000000000003 8.6984463172807516 4995.8110256720374 0.0057939141059740263 0.96987951807228934
decision_type=10 8 8 8 10 2 2 10 2 10 10 10 2 2
left_child=-1 2 -2 9 -5 6 -6 8 10 -3 -4 12 -7 -9
right_child=1 3 7 4 5 11 -8 13 -10 -11 -12 -13 -14 -15
leaf_value=-0.027157063956322149 0.018695693890623519 0.020376158642024841 -0.064358074686979627 0.020542459829641063 -0.021399192831821456 -0.034482243234004346 0.02932112777843885 -0.029397631345213018 0.024233301244962577 -0.044297770611031906 -0.00033209890820347409 -0.05382918535592645 0.016386098749916395 0.029240385126240023
leaf_weight=17.354482563678175 27.553281203377992 5.0843836448621031 20.56733153609094 153.42763314745389 12.145088228862731 14.649770290940067 41.646559863584116 4.05450531002134 3.9721092581748954 11.374192629707975 6.4832995012402526 8.8624882660806161 19.996101893484592 8.9825925398617965
leaf_count=430 94 51 443 784 82 633 217 271 4 197 16 54 33 12
internal_value=0.00396959 0.00593577 -0.00888324 0.00999789 0.0126742 -0.000130472 0.0170235 -0.0262777 -0.0397486 -0.0242262 -0.0514585 -0.0209074 -0.00675933 0.00791011
internal_weight=356.154 338.799 71.6131 267.186 250.728 97.3 53.7916 44.0598 31.0227 16.4586 27.0506 43.5084 34.6459 13.0371
internal_count=3321 2891 840 2051 1803 1019 299 746 463 248 459 720 666 283
is_linear=0
shrinkage=0.05


Tree=90
num_leaves=15
num_cat=0
split_feature=41 41 24 42 37 1 45 45 63 36 56 33 5 58
split_gain=10.3736 11.8434 8.56022 7.88257 6.81977 16.8638 15.127 9.45108 9.35199 11.5272 12.1168 11.6341 11.2235 15.0025
threshold=2.9950000000000006 4.6845000000000008 1.7005986908310777 177.51500000000001 0.395476616406849 193.00000000000003 7.1002521075818015 2.6735537653587347 0.0070170335227573277 0.66545012165450135 0.21005473510760911 46.560995903627422 8.6984463172807516 0.052658024652452583
decision_type=8 10 2 8 2 8 10 10 2 2 2 2 8 2
left_child=4 3 -3 -2 5 -1 7 8 9 10 11 12 -6 -14
right_child=1 2 -4 -5 6 -7 -8 -9 -10 -11 -12 -13 13 -15
leaf_value=-0.029452858554603334 -0.067529458448948088 -0.02836118603576402 0.029348890034651298 -0.01280205144403466 -0.050064814058161912 0.031259633762173715 -0.038432071966064046 0.017800208397979207 0.023532654512303065 0.013236065783389076 0.014893463936729016 -0.058277493012933383 -0.046823122000492309 0.02330537407412446
leaf_weight=10.056947957724331 8.024608790175991 5.1450043458025929 13.676299048587678 19.621998976683244 7.9878696340601891 52.873972917441279 16.130224363761954 90.065636535640806 22.141145270317793 34.556505363434553 15.871977797243742 18.767021117033437 5.4563156866934177 23.500564478337765
leaf_count=205 146 224 29 161 64 371 574 641 235 131 63 147 249 35
internal_value=0.00264804 -0.0181541 0.0109316 -0.0365967 0.00614465 0.0201035 0.00205674 0.00584123 -0.00290788 -0.00923401 -0.0202372 -0.0306481 -0.0113391 0.00514237
internal_weight=343.876 46.4679 18.8213 27.6466 297.408 62.9309 234.477 218.347 128.281 106.14 71.5837 55.7118 36.9447 28.9569
internal_count=3275 560 253 307 2715 576 2139 1565 924 689 558 495 348 284
is_linear=0
shrinkage=0.05


Tree=91
num_leaves=15
num_cat=0
split_feature=34 44 2 45 12 45 67 12 2 61 8 9 28 65
split_gain=7.76973 8.33224 9.98826 9.13116 8.71816 8.42475 8.37803 7.90383 7.30004 9.83676 11.5951 9.83439 9.85256 8.02062
threshold=26.15144156848179 1.6530009333544566 1203.5579454673623 1.4978661367769956 458.09944171283996 5.6149496020273224 0.26812415468896994 8.7916117084708016 31267.803350797974 0.0025270374871339553 20.500000000000004 84.500000000000014 0.21466788561797198 0.99358098923505611
decision_type=2 2 10 10 10 10 2 8 10 2 10 10 2 2
left_child=1 5 4 -4 -3 -1 -5 -2 9 13 -11 12 -12 -9
right_child=7 2 3 6 -6 -7 -8 8 -10 10 11 -13 -14 -15
leaf_value=0.0093713426423977543 0.022028629588784973 0.012131216814978403 0.020161820540455101 0.0033345637202384991 -0.069159503842919232 0.041984612699013275 -0.039078761605630147 -0.00020786303910766115 -0.048791684036505356 0.019699973952682255 0.0028635550092391045 0.0087147062874384767 -0.065479283499455879 -0.038135547262260705
leaf_weight=58.309794817119837 20.438088279683143 3.2488020439632228 50.881805263459682 40.000473394524306 3.7372256843373179 28.524552006041631 11.045712013263254 25.210117538226768 5.3696073442697516 51.517734942492098 8.0792252621613461 18.920780539512634 8.2843341454863531 26.331117079011165
leaf_count=441 229 32 100 142 54 86 60 1185 26 115 29 39 37 732
internal_value=0.0040808 0.0106915 0.00127724 0.00607595 -0.0420652 0.0217872 -0.00851065 -0.00388545 -0.00818755 -0.00496461 0.00533174 -0.0154882 -0.0389633 -0.0212431
internal_weight=359.899 195.748 108.914 101.928 6.98603 86.8343 51.0462 164.151 143.713 138.343 86.8021 35.2843 16.3636 51.5412
internal_count=3307 915 388 302 86 527 202 2392 2163 2137 220 105 66 1917
is_linear=0
shrinkage=0.05


Tree=92
num_leaves=15
num_cat=0
split_feature=4 4 2 0 61 63 54 53 0 42 42 5 0 61
split_gain=6.66379 8.02518 8.38023 11.2587 16.6782 9.49885 6.60803 13.3191 12.1975 6.66919 10.4854 7.97913 13.1569 8.82242
threshold=98.859595070568773 90.432739867484614 3030.4665813377073 16.500000000000004 0.027353063803669277 -0.0005859923244004153 0.45654447429092504 6.2514170175912009e-08 323.00000000000006 179.27500000000001 94.155000000000015 2.4073433902327506 26105.500000000004 0.023667554777279394
decision_type=10 10 8 10 2 2 2 2 10 10 10 10 10 2
left_child=1 2 3 4 -1 -5 9 8 -8 10 -4 12 13 -12
right_child=-2 -3 6 5 -6 -7 7 -9 -10 -11 11 -13 -14 -15
leaf_value=-0.051968055684717088 0.036682202565006476 -0.037714401353861116 0.015533005739351659 0.020522381915445115 0.022370989042550599 -0.01919101040862399 -0.051600424187729435 0.017240366672508313 0.0095064581315135108 0.030713370720445218 -0.059006824368768675 0.017569776510534638 0.022489030859579807 0.0054584984956001616
leaf_weight=20.592726727249104 10.765683889389036 6.5761101245880118 119.02411201037467 32.558923641685396 7.3845315873622885 20.329421719070524 15.579060245305302 27.281556107103825 11.319586455821989 38.992116956971586 15.319918917492037 11.403742745518683 7.153545854613184 6.1125738471746436
leaf_count=989 22 23 236 352 9 1293 57 48 19 87 105 21 17 11
internal_value=0.00485117 0.00332461 0.00468076 -0.00894711 -0.0319296 0.00491811 0.00913964 -0.00591753 -0.0284259 0.013304 0.00822883 -0.0128212 -0.0257558 -0.0430665
internal_weight=350.394 339.628 333.052 80.8656 27.9773 52.8883 252.186 54.1802 26.8986 198.006 159.014 39.9898 28.586 21.4325
internal_count=3289 3267 3244 2643 998 1645 601 124 76 477 390 154 133 116
is_linear=0
shrinkage=0.05


Tree=93
num_leaves=15
num_cat=0
split_feature=58 25 55 53 54 25 25 63 13 63 63 26 28 55
split_gain=6.77424 6.81876 16.0631 8.72877 12.4018 7.79306 10.7866 16.6838 7.3233 7.02415 6.92095 7.64271 5.53798 9.41035
threshold=1.0050947144634115 0.39970534510549299 -1.0734648341823303e-07 3.4797744165029536e-08 0.38794621598264095 0.12664986230022787 0.032108703545687685 -0.026287524412961508 5.5087996890092521 0.000662357739404527 -0.0038939191046782448 5.7052002826645181 0.9106287986307926 1.7870799336715372e-09
decision_type=2 2 2 2 2 2 2 2 10 2 2 2 2 2
left_child=1 5 -3 4 10 6 8 -8 -1 -6 11 -4 13 -12
right_child=-2 2 3 -5 9 -7 7 -9 -10 -11 12 -13 -14 -15
leaf_value=-0.0061266520797341999 -0.037589826883257071 -0.051608403654824858 0.016421321884826603 0.02348358047561995 -0.054396829565408006 0.030847212015730863 0.017920969578308521 -0.048392264156230679 0.033735856416220768 0.0026669213748720302 -0.031606857868796134 -0.028672430687156254 0.01761327324379942 0.0041878896793988152
leaf_weight=16.366540542803705 4.9107067286968222 9.4579205028712732 83.584828334860504 36.525613963603973 11.121137369889768 39.261324447579682 14.421358846127989 14.780405716039239 25.508466232568026 7.4303468624129883 30.970786467893049 5.9388667512685052 13.250161423347889 35.414172398741357
leaf_count=105 19 47 478 63 56 77 24 66 49 25 1290 30 46 931
internal_value=0.00328299 0.00439654 -0.00050257 0.00273164 -0.00181091 0.0143447 0.00380083 -0.017811 0.0191642 -0.0358274 0.00284113 0.0120714 -0.00763546 -0.0135557
internal_weight=348.943 344.032 233.694 224.236 187.71 110.338 71.0768 29.2018 41.875 18.5515 169.159 89.5237 79.6351 66.385
internal_count=3306 3287 2966 2919 2856 321 244 90 154 81 2775 508 2267 2221
is_linear=0
shrinkage=0.05


Tree=94
num_leaves=15
num_cat=0
split_feature=42 32 67 4 36 41 36 13 64 53 54 67 28 0
split_gain=8.38055 7.81015 15.8194 14.0224 16.1593 7.36453 9.96047 7.8081 6.80533 6.78279 11.7346 9.90218 11.5477 6.64645
threshold=96.595000000000013 48.946872162773069 0.019061384413105006 5.4942488932258184 0.33415435139573074 2.5530000000000004 0.31267746143810921 -38.531229468926064 0.018991899189918993 4.3032962539621027e-08 0.38794621598264095 0.090959667822658172 0.9106287986307926 335.50000000000006
decision_type=8 2 2 10 2 10 2 10 2 2 2 2 2 10
left_child=9 3 -3 -2 -5 6 8 -7 -4 10 11 12 -1 -13
right_child=1 2 5 4 -6 7 -8 -9 -10 -11 -12 13 -14 -15
leaf_value=-0.0084278028362247178 0.0032900459777365876 -0.043780649890737648 0.0053420782025288714 -0.076189007889798363 0.015898922498077908 -0.01886701188006943 0.015582415430670522 0.035021334329415003 -0.045503634919823843 0.027190805604261504 -0.024050023002047588 0.034727888919580348 0.032008624464638119 -0.0061981061483232609
leaf_weight=70.308166063623503 25.990704877534881 10.044608045020139 9.69303842703812 10.894302355358375 4.6797929480671874 4.8438711159396908 32.043734580744058 33.205780242336914 10.726477880380115 50.239468444138765 21.921890883240849 46.445097457617521 18.069126025773585 10.599369287490843
leaf_count=1247 154 391 28 120 7 126 81 128 594 96 86 124 45 99
internal_value=0.00583151 -0.0035438 0.00410905 -0.0205115 -0.0513788 0.0114372 -0.00104223 0.0267666 -0.0250642 0.0118974 0.00665037 0.011924 0.00111085 0.0272368
internal_weight=359.705 142.122 100.558 41.5648 15.5741 90.5129 52.4633 38.0497 20.4195 217.583 167.344 145.422 88.3773 57.0445
internal_count=3326 1629 1348 281 127 957 703 254 622 1697 1601 1515 1292 223
is_linear=0
shrinkage=0.05


Tree=95
num_leaves=15
num_cat=0
split_feature=59 5 5 5 25 61 28 56 25 30 58 58 29 58
split_gain=9.3055 8.61906 6.19763 22.1726 6.23436 7.60391 8.01171 10.5421 10.2553 10.8711 15.0592 6.4114 12.8627 6.3336
threshold=-0.0113731801557729 50.000000710110108 8.6984463172807516 6.6564296604915016 0.39970534510549299 0.012231636382748471 0.9106287986307926 0.10032175268824642 0.80840032518763005 38.500000000000007 -0.009904283535776123 0.092159281628313119 6047.2510172969587 -0.016739110238677236
decision_type=2 10 10 10 2 2 2 2 2 10 2 2 10 2
left_child=-1 2 3 4 11 6 7 8 -6 10 13 12 -2 -10
right_child=1 -3 -4 -5 5 -7 -8 -9 9 -11 -12 -13 -14 -15
leaf_value=-0.030867308384299127 0.018201289854215933 -0.023570222007125812 0.027667315379797715 -0.06976956049229692 -0.051955931154142147 0.017738033944881545 0.028179764766568544 0.0078048097776885405 -0.022818469558432974 0.02214898288223845 -0.045921010635997621 0.031514693680020453 -0.038973623598332285 0.032741847455888561
leaf_weight=11.257969779428093 36.612770662643015 15.845647465437649 38.053451141342521 4.1726173912174991 13.88316592085175 63.96791732031852 13.672837714664636 60.246458422509022 3.638351986417546 15.963019635062663 20.298338949447505 48.089575852267444 7.9443191811442366 9.6379115976160303
leaf_count=59 147 48 65 32 108 121 48 1005 308 77 1073 86 32 98
internal_value=0.0063714 0.00797791 0.00978854 0.00708775 0.00932736 0.00418034 -0.0025356 -0.00689464 -0.0204083 -0.00761415 -0.0228017 0.0197244 0.00510359 0.0154385
internal_weight=363.284 352.026 336.181 298.127 293.955 201.308 137.34 123.667 63.4208 49.5376 33.5746 92.6467 44.5571 13.2763
internal_count=3307 3248 3200 3135 3103 2838 2717 2669 1664 1556 1479 265 179 406
is_linear=0
shrinkage=0.05


Tree=96
num_leaves=15
num_cat=0
split_feature=42 21 55 41 65 57 33 61 2 53 11 32 12 17
split_gain=9.47481 9.93474 8.96432 8.04195 5.97807 14.8045 12.021 6.50929 5.62688 8.31834 4.76165 7.00371 19.7854 10.0085
threshold=11.200000000000001 30.73934537492492 -1.5057393197621137e-06 1.3265000000000002 1.4103168605658352 0.0021517171114032066 24.901014235968486 0.017620536857440239 3304.0509901523887 1.7072416945542735e-09 46.486242465812872 28.753733592452217 727.6782598481301 43.500000000000007
decision_type=8 10 2 10 2 2 2 2 8 2 10 2 10 10
left_child=1 -1 -2 8 10 6 -6 -7 9 -4 -5 12 -12 -13
right_child=2 -3 3 4 5 7 -8 -9 -10 -11 11 13 -14 -15
leaf_value=-0.059451022710499214 -0.03955963364232086 0.019790064989771865 -0.034754935366573488 0.028840235156384276 0.0091910022073053189 0.025642431800199064 -0.058564333626011447 -0.012599625358639148 0.032106549289305307 0.022226772315778427 0.0029726991399531 -0.0072233834081970707 -0.086223805872603337 0.01796062585266869
leaf_weight=6.3392117051407677 5.698296580463647 3.0583212971687317 5.8784572526346919 17.960949734551832 7.9319640847388682 20.716456443071365 15.041569978930054 15.5270824059844 41.546860851347446 10.590328637510536 29.545369371073321 58.853165563195944 2.7730471217073491 102.41882880369667
leaf_count=468 24 6 151 274 38 39 63 36 52 26 351 1420 33 319
internal_value=0.00410946 -0.0357459 0.00573921 0.00710514 0.00329508 -0.0101852 -0.0377093 0.00971786 0.0232149 -0.00146992 0.0072165 0.00453468 -0.0152077 0.00882935
internal_weight=343.88 9.39753 334.482 328.784 270.768 59.2171 22.9735 36.2435 58.0156 16.4688 211.551 193.59 32.3184 161.272
internal_count=3300 474 2826 2802 2573 176 101 75 229 177 2397 2123 384 1739
is_linear=0
shrinkage=0.05


Tree=97
num_leaves=15
num_cat=0
split_feature=53 58 5 53 65 63 67 33 67 37 62 67 43 14
split_gain=8.90138 10.2701 7.64744 9.11321 6.13378 11.0698 5.98445 7.31109 8.49611 9.76059 6.74724 7.35478 5.65884 5.63942
threshold=7.3014422087786629e-06 1.0050947144634115 50.000000710110108 3.4797744165029536e-08 1.4103168605658352 5.3420112231071823e-34 0.083462629699644034 64.552481788560215 0.0262913220564964 0.7638980716253444 0.96987951807228934 0.0041480906260026934 21007.870404823498 9.5060654733264229
decision_type=2 2 10 2 2 2 2 2 2 2 2 2 10 8
left_child=1 2 3 4 6 -6 7 8 10 12 11 -1 -10 -5
right_child=-2 -3 -4 13 5 -7 -8 -9 9 -11 -12 -13 -14 -15
leaf_value=0.0032256340633952624 -0.041290581323010667 -0.045001458913668808 -0.022945370651808766 0.00027253674336554727 -0.038439476336436761 0.021061102199819 0.017386546542518942 0.019579588048035709 -0.055863963114271345 0.021193308259961744 0.025491463702064478 -0.040397927060703276 -0.00092173407193061111 0.031801110496531428
leaf_weight=40.071727579692379 4.5906953997910014 4.1195855662226668 13.187163677066563 18.198493277654052 14.749709568452092 8.8428987357765418 96.042136420262977 32.642100003547966 13.775940374936914 4.6730258911848059 18.418928944971412 7.4801732245832673 6.4720614850521079 60.699596332386136
leaf_count=885 21 19 40 48 66 27 841 671 183 7 55 308 15 107
internal_value=0.00653885 0.00777595 0.00907624 0.0107181 0.00568119 -0.0163546 0.00836027 0.000939379 -0.00642677 -0.0285575 0.00335623 -0.00682731 -0.0419626 0.0249784
internal_weight=343.964 339.374 335.254 322.067 243.169 23.5926 219.576 123.534 90.8919 24.921 65.9708 47.5519 20.248 78.8981
internal_count=3293 3272 3253 3213 3058 93 2965 2124 1453 205 1248 1193 198 155
is_linear=0
shrinkage=0.05


Tree=98
num_leaves=15
num_cat=0
split_feature=55 61 3 53 65 3 10 35 45 13 48 43 4 33
split_gain=8.0666 18.4412 10.1887 8.39253 12.7522 9.29649 21.2319 8.50884 6.46137 6.08906 5.56494 10.1433 8.08871 6.68356
threshold=-1.1756214766593064e-07 0.0017194847626259438 222.50000000000003 3.4797744165029536e-08 1.4103168605658352 24.500000000000004 8.5000000000000018 11.374795621783848 2.8617925509761908 30.73934537492492 1.0000000180025095e-35 1333.474608115823 6.4049762630266009 17.970425814187369
decision_type=2 2 10 2 2 8 10 2 10 8 2 10 10 2
left_child=1 -1 -3 4 5 6 10 -6 -5 -8 12 -12 13 -2
right_child=3 2 -4 8 7 -7 9 -9 -10 -11 11 -13 -14 -15
leaf_value=0.029283125456446447 0.016430007553158106 -0.064074231899657691 -0.0009413905327442843 0.0051336457092872947 -0.058313770685931181 0.016899409533588386 -0.050933033466297753 0.0010119926024904982 0.033908821741854757 0.00093653550447387549 -0.035400303241492126 0.021629161942372816 0.027061155990919114 -0.024132227114452249
leaf_weight=9.6892425296828133 14.748493880499156 12.705321319401266 10.23680819571018 43.217320332303643 9.4365934166125971 82.360378154786304 20.227162060444243 10.108300913590936 34.088955372571945 7.0642753392457989 13.434467684826815 9.1415499920258281 41.463608334772289 16.216524134622887
leaf_count=23 514 58 25 94 41 157 186 50 69 17 922 155 285 711
internal_value=0.00281191 -0.0190971 -0.0411135 0.00545591 0.00043319 0.00441604 -0.00432447 -0.0336755 0.0191114 -0.0394407 0.00723075 -0.0125731 0.0138169 -0.00521435
internal_weight=334.139 32.6314 22.9421 301.508 224.201 204.656 122.296 19.5449 77.3063 27.2914 95.0046 22.576 72.4286 30.965
internal_count=3307 106 83 3201 3038 2947 2790 91 163 203 2587 1077 1510 1225
is_linear=0
shrinkage=0.05


Tree=99
num_leaves=15
num_cat=0
split_feature=42 27 67 36 59 1 54 0 33 3 33 37 0 42
split_gain=8.29421 7.57514 11.9848 11.5154 21.7074 25.7025 12.9165 9.04029 7.52473 7.08853 6.84472 4.76623 4.21371 4.11299
threshold=7.535000000000001 0.7501891074130107 0.071484712068527009 0.25026315789473691 0.00012650593001942262 7.5000000000000009 0.73080549932285854 24.500000000000004 74.112947407006303 67.500000000000014 471.1033778113819 0.67405881006116519 328.00000000000006 167.58000000000001
decision_type=10 2 2 2 2 8 2 10 2 10 2 2 10 10
left_child=-1 3 7 8 6 -6 11 9 13 -3 -10 12 -5 -2
right_child=1 2 -4 4 5 -7 -8 -9 10 -11 -12 -13 -14 -15
leaf_value=-0.030663998391997599 0.0078681282442776765 0.00014603572852306756 0.035047953638119279 0.014035746589511393 0.014416053998902518 -0.090125395826804608 -0.045386418034028583 0.022671346594444551 -0.036157590198781807 -0.048163853486438334 0.020842302993694509 -0.025444035661666271 -0.020828099584431138 0.032486792406766683
leaf_weight=14.441567159956319 96.040192507673055 18.888008479727436 36.38418460264802 65.270404939074069 7.1889853850007084 11.744877454591913 9.3721288517117483 16.799013146199286 11.584556980058549 7.6641152948141089 3.8627333641052237 5.9038138519972554 5.4084641297813496 17.303645737934858
leaf_count=402 1118 61 51 361 52 161 36 55 738 31 3 41 97 100
internal_value=0.00106054 0.0029809 0.0157925 -0.00162986 -0.0135924 -0.0557128 -0.00176162 -0.00232158 0.0082564 -0.019221 -0.020293 0.00603157 0.0101681 0.0128403
internal_weight=327.857 313.415 79.7353 233.68 104.889 18.9339 85.9548 43.3511 128.791 26.5521 15.4473 76.5827 70.6789 113.344
internal_count=3307 2905 198 2707 748 213 535 147 1959 92 741 499 458 1218
is_linear=0
shrinkage=0.05


Tree=100
num_leaves=15
num_cat=0
split_feature=58 14 2 9 7 24 34 42 12 5 11 41 27 13
split_gain=8.43879 10.8958 9.52037 6.09904 16.6588 8.87778 6.34768 5.72259 7.64445 7.35886 9.10762 7.73173 12.2982 7.50474
threshold=1.0050947144634115 40.581811539269374 31267.803350797974 120.50000000000001 265.50000000000006 3.9219243190762363 3.1922587021620665 7.535000000000001 32.215600256660473 0.26973519072070001 513.0688846897599 2.5530000000000004 0.73942823108993461 33.721590774606589
decision_type=2 10 10 8 8 2 2 10 10 10 8 10 2 10
left_child=1 2 3 5 -5 7 -6 -1 -9 10 -10 12 13 -12
right_child=-2 -3 -4 4 6 -7 -8 8 9 -11 11 -13 -14 -15
leaf_value=-0.038218873853832838 -0.043771812844271382 0.028832225379168699 -0.046837750534407599 -0.051210030431848935 -0.019623958278232351 0.029539189158910524 0.0094643991546628295 0.018210297581878823 -0.043813746346006294 0.013750120016349419 -0.047012388458138078 0.021620868558889634 0.025947571734945881 0.0058121151935780933
leaf_weight=3.2653879162389776 4.4007273688912383 34.916591323912144 5.0746408551931372 12.860307219671084 20.629558359272778 32.770455051213503 65.167416023090482 57.303496317239478 13.356455797213128 33.403262568172067 17.268195465556349 16.800994582241401 8.8566160351037961 8.1938034892082197
leaf_count=333 19 60 26 84 65 56 149 552 775 149 755 246 12 18
internal_value=0.00304451 0.00431333 0.000978521 0.0025956 -0.00726903 0.0077407 0.00177472 0.0024666 0.00448896 -0.00403882 -0.0135811 -0.00248211 -0.0155309 -0.0318494
internal_weight=334.268 329.867 294.951 289.876 98.6573 191.219 85.797 158.448 155.183 97.8793 64.4761 51.1196 34.3186 25.462
internal_count=3299 3280 3220 3194 298 2896 214 2840 2507 1955 1806 1031 785 773
is_linear=0
shrinkage=0.05


Tree=101
num_leaves=15
num_cat=0
split_feature=58 14 58 5 25 43 7 2 5 11 63 63 44 5
split_gain=8.21369 8.58379 14.8987 12.1671 8.19593 9.89863 7.20455 6.75279 5.91223 9.77589 5.62241 6.42909 9.63362 5.41039
threshold=1.0050947144634115 8.8127816659523113 0.15427507975752627 19.491028859058353 0.12664986230022787 1333.474608115823 14.500000000000002 5575.9235118531224 3.3570493899108507 29.542345657159501 -0.013166423707525405 -0.063441085486212301 2.8196278721074068 8.6984463172807516
decision_type=2 8 2 10 2 10 10 10 10 10 2 2 2 10
left_child=1 2 4 13 -1 6 8 -8 9 -6 11 -7 -13 -3
right_child=-2 3 -4 -5 5 10 7 -9 -10 -11 -12 12 -14 -15
leaf_value=-0.033504083342696743 -0.044770914952547682 0.0094435304175197587 -0.054829943652958402 -0.040055979428101518 0.018232340701524984 0.024623445148681727 -0.055047722915760655 0.015445023824431881 0.022091826027891739 -0.034508016429885512 0.022828618612167558 -0.053298232684401071 0.0072282803697772298 0.035590240295445844
leaf_weight=12.053926116554065 4.3158960863947859 146.00954671890941 9.0489158770069462 6.5266903303563586 10.766975496662782 8.3915499802678841 9.1562579958699626 2.0605355501174918 12.405155932530759 16.4923800684046 52.506001198198646 6.107451600488278 13.649806927889584 19.493811750784516
leaf_count=101 19 1109 40 26 315 15 325 3 33 850 363 52 41 29
internal_value=0.00156522 0.00285087 -0.00568545 0.0103716 -0.000847617 0.00326235 -0.0132405 -0.0413287 -0.00156005 -0.0140793 0.0138384 -0.00384495 -0.0184674 0.0134766
internal_weight=328.985 324.669 152.639 172.03 143.59 131.536 50.8813 11.2168 39.6645 27.2594 80.6548 28.1488 19.7573 165.503
internal_count=3321 3302 2138 1164 2098 1997 1526 328 1198 1165 471 108 93 1138
is_linear=0
shrinkage=0.05


Tree=102
num_leaves=15
num_cat=0
split_feature=5 14 25 23 32 14 5 60 57 27 41 59 25 34
split_gain=6.40135 8.34316 8.85609 6.43626 6.48104 7.22659 7.37768 11.0708 9.82413 7.18716 7.02121 7.92055 12.3068 5.90119
threshold=19.491028859058353 10.627025673381594 0.78839758928169568 11.086733148838261 66.675220347976989 73.063916725043228 8.6984463172807516 0.074549085223846359 0.0058134990978432385 0.58241556534508088 1.9200000000000002 -0.00027339802054902976 0.6095747125518004 22.913811189926044
decision_type=10 8 2 2 2 10 8 2 2 2 8 2 2 2
left_child=1 2 13 4 5 6 7 8 9 -3 -8 -12 -13 -1
right_child=-2 3 -4 -5 -6 -7 10 -9 -10 -11 11 12 -14 -15
leaf_value=-0.0059961650404456923 -0.020887501266185073 0.00020741108528549921 0.0045120359696699851 0.031733649945398838 -0.027834094602343096 -0.03070592297540585 0.032321997279700365 0.026528240739810457 0.022731553429997567 -0.068877663533028349 0.023625298501249271 0.010036698563034387 -0.053060708916268975 -0.044780272234567264
leaf_weight=26.700438346015289 19.692107789218426 5.3793384090531671 105.70643999206368 31.883198034018278 7.1653475794009855 5.2769568040966979 47.843210756545886 9.1769146434962732 3.4385245433077207 7.313991199247539 24.413062843494117 18.660120991058651 6.8742290174122891 12.446629970334468
leaf_count=128 58 182 1883 62 265 20 248 13 4 71 43 37 210 97
internal_value=0.00374181 0.00559962 -0.00314864 0.0130403 0.00767056 0.0106214 0.0135224 -0.00917546 -0.0309573 -0.047815 0.0195573 0.00550175 -0.0128572 -0.0220025
internal_weight=331.971 312.278 144.854 167.425 135.542 128.376 123.099 25.3088 16.1319 12.6933 97.7906 49.9474 25.5344 39.1471
internal_count=3321 3263 2108 1155 1093 828 808 270 257 253 538 290 247 225
is_linear=0
shrinkage=0.05


Tree=103
num_leaves=15
num_cat=0
split_feature=0 12 11 67 4 55 14 2 53 1 33 4 54 61
split_gain=10.4064 10.7975 10.8591 15.5585 12.1749 9.26377 8.44847 8.21094 7.77156 6.73675 7.2533 5.76343 5.17401 13.5669
threshold=11.500000000000002 15951.446521369351 1804.7343034336611 0.19294140983457472 6.4049762630266009 -1.0734648341823303e-07 -0.1067624679129804 3110.1275601201164 2.3962250698135944e-08 1.5000000000000002 90.601343988645922 8.2222775770985042 0.00021621593373928461 0.0074709295493169264
decision_type=10 10 10 2 10 2 8 8 2 8 2 10 2 2
left_child=1 2 4 9 7 -2 11 -1 12 -4 -11 -6 -7 -14
right_child=5 -3 3 -5 6 8 -8 -9 -10 10 -12 -13 13 -15
leaf_value=-0.049077575312296048 -0.029824999285324949 0.016858978947590638 -0.0050748858059957783 0.010473253569833923 0.016185803506995038 0.01443952295424967 0.027068994905321282 0.0015232206120522093 0.031238071690121518 -0.06738723526454525 -0.010645478241804533 -0.040216968882411587 -0.042620879206947793 0.012614445816720655
leaf_weight=10.924997153459119 8.2147975759580714 34.358201824128628 10.459257830167187 16.796423491323367 4.2678200565278512 69.871320866979659 34.078031710814685 15.559661552309988 42.858859564177692 21.269745822064582 9.9084071293473226 5.5373125351034105 12.137390444055198 27.28488876670599
leaf_count=816 39 68 34 73 15 1535 94 29 88 88 33 84 251 59
internal_value=0.00236522 -0.00643316 -0.0130442 -0.028047 0.000448309 0.0112407 0.0160389 -0.0238289 0.0143362 -0.0430428 -0.0533182 -0.0184917 0.00663162 -0.00727461
internal_weight=323.527 163.16 128.802 58.4338 70.3678 160.367 43.8832 26.4847 152.152 41.6374 31.1782 9.80513 109.294 39.4223
internal_count=3306 1334 1266 228 1038 1972 193 845 1933 155 121 99 1845 310
is_linear=0
shrinkage=0.05


Tree=104
num_leaves=15
num_cat=0
split_feature=25 28 63 54 67 55 2 58 25 32 66 63 27 64
split_gain=6.37864 8.00308 7.11227 10.9071 11.512 13.1882 9.50638 7.76411 7.22988 6.71793 6.2655 6.47229 5.82719 9.4116
threshold=0.025824222460025675 0.0077519716918994759 0.0052926905722040238 0.60642193682256951 0.083462629699644034 9.0654704918267705e-09 3489.512777582439 0.50636206050677757 0.81551648908551155 52.469316412494358 0.99999993140894194 -0.0014059129580517049 0.62273368798176099 0.39491525423728818
decision_type=2 2 2 2 2 2 10 2 2 2 2 2 2 2
left_child=-1 -2 3 4 5 6 10 -5 -8 -7 -3 -12 13 -6
right_child=1 2 -4 7 12 9 8 -9 -10 -11 11 -13 -14 -15
leaf_value=0.019769774974307458 -0.023267476313150862 -0.039901567980960673 0.0209064211495168 -0.049887696939217629 -0.019602743705434328 -0.07083221879350042 -0.0084093738856794598 -0.0022710396460155803 0.027273318237048334 -0.0019738104315174319 0.022552079086299498 -0.030796956321407321 0.028379457022351298 0.022778298134174129
leaf_weight=43.641653389902785 27.41148775012698 13.742364658042789 41.00556707335636 12.510420633479955 20.147462592809461 6.1756525263190252 20.943934611976147 17.733962900936604 29.497348200529814 5.6170939325820655 10.1210566367954 4.1446433858945975 44.344386160373688 22.427365235053003
leaf_count=161 1822 268 320 53 102 40 58 41 46 25 41 157 73 80
internal_value=0.00307569 0.000129324 0.00311924 -0.000806763 0.00413822 -0.00817215 0.00041006 -0.0262505 0.0130351 -0.0483871 -0.0208575 0.00308237 0.0166685 0.00277015
internal_weight=319.464 275.823 248.411 207.406 177.161 90.2421 78.4493 30.2444 50.4413 11.7927 28.0081 14.2657 86.9192 42.5748
internal_count=3287 3126 1304 984 890 635 570 94 104 65 466 198 255 182
is_linear=0
shrinkage=0.05


Tree=105
num_leaves=15
num_cat=0
split_feature=63 33 4 11 5 30 21 58 37 62 22 41 11 62
split_gain=6.05709 8.41814 8.93772 12.9972 12.3634 9.71038 6.6543 12.4254 8.98071 6.51674 6.48086 5.89894 5.30904 5.01774
threshold=-0.032272075760742723 30.123557352437405 89.701715661622856 5359.2096240176852 6.2495045888020506 34.500000000000007 18.115662035648693 -0.27334200858376717 0.5009727626459145 5.6770833333333348 8.2096723132432228 2.9950000000000006 19.88080549309975 3.3257575757575766
decision_type=2 2 10 10 10 8 10 2 2 2 2 10 8 2
left_child=9 11 3 4 10 -6 7 -5 -9 -1 -3 12 -2 -8
right_child=1 2 -4 6 5 -7 13 8 -10 -11 -12 -13 -14 -15
leaf_value=0.0038097310922077035 -0.023068068473418357 -0.039915236169507838 -0.049489594004102293 0.022326540774577703 0.031694821736116027 -0.017583709401495919 0.035818325038635378 -0.056863426083252615 0.0085050556733153523 -0.035467768591427216 -0.0024488100961492128 -0.015766453621349166 0.019869652479383201 0.0045841020386202577
leaf_weight=18.619203013833612 3.6319454036420202 33.66284482262563 4.9574657529592505 16.303575994446877 16.615701558999721 14.195738308131693 27.950490564107895 8.2736339811235649 6.8080595061182967 17.01576292142272 17.434284208342433 11.319540654891169 101.60058981622569 23.825503524392843
leaf_count=88 541 1429 24 60 39 45 46 51 15 53 42 297 516 53
internal_value=0.00110351 0.00360777 -0.0034837 -0.000687664 -0.0143898 0.00970566 0.0128588 -0.0049119 -0.0325847 -0.0170018 -0.0284894 0.0136706 0.0174086 0.0231149
internal_weight=322.214 286.579 170.027 165.07 81.9086 30.8114 83.1613 31.3853 15.0817 35.635 51.0971 116.552 105.233 51.776
internal_count=3299 3158 1804 1780 1555 84 225 126 66 141 1471 1354 1057 99
is_linear=0
shrinkage=0.05


Tree=106
num_leaves=15
num_cat=0
split_feature=5 14 23 14 17 10 36 28 13 33 42 41 4 0
split_gain=7.12077 6.39097 6.0793 9.43152 6.81793 10.4371 5.4197 10.2611 5.32951 4.73371 11.0315 5.87762 5.03343 10.4147
threshold=50.000000710110108 93.032380896034795 9.8453994788671206 7.0452276608282469 302.50000000000006 550.50000000000011 0.5186206896551725 0.49943608854540827 0.97486764910543733 74.112947407006303 431.93000000000006 1.4765000000000004 23.284082909957249 78.500000000000014
decision_type=10 10 2 8 10 10 2 2 10 2 10 8 10 10
left_child=1 2 4 -4 6 -6 7 9 -8 11 -11 -1 -13 -14
right_child=-2 -3 3 -5 5 -7 8 -9 -10 10 -12 12 13 -15
leaf_value=-0.032178373253936396 -0.024607205856304458 -0.030105149185535054 -0.012726355037763648 0.029403707498348933 -0.04587797455320064 0.01511956366703752 -0.011665561554172881 -0.041292946058772706 0.026922975546649925 -0.042990368478243064 0.024864756716415855 0.014905780098176256 0.017398210299278665 -0.03281544233744179
leaf_weight=3.9105252437293521 15.215953864157198 6.9523930675350121 14.146595381200312 52.389345545321703 11.310638546943666 8.9539573490619642 8.0988520928658527 7.8864960949867955 40.683242375496775 9.7936248892219719 5.8641864894889286 111.9614543489879 17.428041046485308 14.408218124648554
leaf_count=249 46 27 40 104 52 15 195 50 100 744 65 1272 112 212
internal_value=0.00430634 0.00607235 0.00736164 0.0201828 0.0034726 -0.0212678 0.00617304 0.00177033 0.0200275 0.00501375 -0.0177099 0.00792357 0.0100588 -0.0066967
internal_weight=329.004 313.788 306.835 66.5359 240.299 20.2646 220.035 171.253 48.7821 163.366 15.6578 147.708 143.798 31.8363
internal_count=3283 3237 3210 144 3066 67 2999 2704 295 2654 809 1845 1596 324
is_linear=0
shrinkage=0.05


Tree=107
num_leaves=15
num_cat=0
split_feature=0 53 13 27 28 14 67 54 5 13 63 14 4 29
split_gain=6.54248 8.4414 11.6725 13.2245 8.96562 8.18524 8.82588 12.2246 8.00124 6.8033 6.61413 5.62589 5.63532 6.61151
threshold=11.500000000000002 2.3962250698135944e-08 -0.012898986476854718 0.72086327703916642 0.12478762722356908 0.40824912663632862 0.061037722379073275 0.60642193682256951 3.3570493899108507 18.115662035648693 0.008368890739651972 0.76782044503949187 6.8128878972236508 7754.9252754608415
decision_type=10 2 10 2 2 8 2 2 10 10 2 8 8 10
left_child=5 2 10 4 -4 8 11 -8 -1 -5 -2 -7 -13 -14
right_child=1 -3 3 9 -6 6 7 -9 -10 -11 -12 12 13 -15
leaf_value=-0.044171597144391068 0.019617173014095386 0.024836889489123819 -0.066755568290404757 -0.017967506500049739 -0.0095880461257155016 0.023220300102537301 0.02589087135240821 -0.01887330868890482 0.0066782653616586198 0.030543521604657065 -0.02369232287621072 -0.046288132024904061 -0.0002987980360489753 -0.044641962542209264
leaf_weight=17.809179006959315 58.295896528754383 49.652008790522814 9.66162861895282 8.0842181830666977 16.692838130053133 5.5589908703695983 45.89575610938482 17.589686679188162 9.9349752292036992 12.39512179000303 5.9247399552259585 8.4693526008632016 45.39701152802445 5.3353500664234152
leaf_count=644 960 114 334 55 81 18 83 54 20 21 442 164 273 27
internal_value=0.00179858 0.00874873 0.000795612 -0.0171803 -0.0378491 -0.00541102 0.000275102 0.0130158 -0.0277234 0.0116258 0.0141989 -0.0122524 -0.0171323 -0.00854887
internal_weight=316.697 160.706 111.054 46.8338 26.3545 155.99 128.246 63.4854 27.7442 20.4793 64.2206 64.7607 59.2017 50.7324
internal_count=3290 2007 1893 491 415 1283 619 137 664 76 1402 482 464 300
is_linear=0
shrinkage=0.05


Tree=108
num_leaves=15
num_cat=0
split_feature=63 67 67 0 4 29 63 55 38 28 27 23 23 19
split_gain=6.80857 13.0858 9.51692 8.72654 5.64616 8.82659 7.48863 11.9308 8.63253 10.1701 6.68877 5.42613 8.19504 10.2837
threshold=-0.02821209150821705 0.20986067830300964 0.079766940346097021 11.500000000000002 88.753846501498899 4889.3303326069881 0.0070170335227573277 7.1487075469499976e-09 138.21397187467468 0.9106287986307926 0.59964747356051717 8.6095956847640824 7.9083461680444795 470.96741604280123
decision_type=2 2 2 10 8 8 2 2 2 2 2 2 2 10
left_child=1 2 -1 4 5 6 7 8 -2 -10 -9 12 -5 -14
right_child=3 -3 -4 11 -6 -7 -8 10 9 -11 -12 -13 13 -15
leaf_value=-0.024546960722624959 0.012855947566837674 -0.052328672692348026 0.022233685579609939 0.024868249054466642 -0.022822098256708931 0.021437478213221069 0.01910346816869021 -0.0080648236142168983 -0.044376476759327738 0.020596070542026612 -0.079539592167108819 0.025071929561177354 -0.044268291111955162 0.0054709737742575336
leaf_weight=13.607451453106476 32.015220686793327 9.9363580611534399 21.271685733925551 27.623393922811374 21.674372979672626 36.393865861813538 16.984381070826203 6.9421336231753212 13.712729545775803 5.3579692635685197 4.4811804238706827 68.466354597825557 8.8324829981429485 38.361386733828112
leaf_count=52 63 62 56 902 254 120 221 74 457 12 30 165 254 578
internal_value=0.00402474 -0.0131333 0.00319365 0.00694454 -0.00205562 0.00261162 -0.00676582 -0.014689 -0.00251767 -0.0256358 -0.0517825 0.0153633 0.00546467 -0.00718689
internal_weight=325.661 44.8155 34.8791 280.845 137.562 115.887 79.4936 62.5092 51.0859 19.0707 11.4233 143.284 74.8173 47.1939
internal_count=3300 170 108 3130 1231 977 857 636 532 469 104 1899 1734 832
is_linear=0
shrinkage=0.05


Tree=109
num_leaves=15
num_cat=0
split_feature=4 42 32 33 13 8 54 5 13 4 11 3 8 27
split_gain=5.08352 8.97241 8.85999 8.1918 18.381 7.53831 7.44675 9.61133 7.14119 8.7824 9.69958 7.86481 7.10957 7.83342
threshold=51.152806578673477 137.44500000000002 42.187843891642785 30.123557352437405 91.028079044753525 49.500000000000007 -0.46983605237356491 6.2495045888020506 -40.275378514528505 23.284082909957249 3283.1606326253973 315.50000000000006 59.500000000000007 0.59268041010779615
decision_type=10 10 2 2 8 8 2 10 10 8 10 10 10 2
left_child=2 -2 3 5 6 -1 -5 -8 -4 11 -11 12 13 -10
right_child=1 -3 8 4 -6 -7 7 -9 9 10 -12 -13 -14 -15
leaf_value=0.011054248911751654 0.026880118421444291 -0.018232683147201747 -0.028271997915304877 0.013429238693561314 0.021666028712174421 -0.015744324203759371 -0.062886664312419668 0.0014951416328750349 -0.025872208827396076 0.015686079924194254 -0.036119763251792739 -0.027588786061581102 0.037202909719706995 0.018909732627344553
leaf_weight=52.536105948267505 35.899902359349653 11.11350113712251 7.4584786702180272 3.1784517467021933 11.625108903273938 43.280262482934631 23.811235040426258 6.9711197298020116 8.7999104190384951 13.788950953050518 13.188354723155497 4.0639925412833682 40.340720490086824 29.66799475485459
leaf_count=909 80 67 327 11 49 405 265 20 749 102 47 15 88 115
internal_value=0.00121773 0.0154884 -0.00162005 -0.0098908 -0.0261716 -0.00123117 -0.0432258 -0.0501349 0.0083462 0.011955 -0.0113278 0.0197476 0.0236889 0.00686779
internal_weight=305.724 47.0134 258.711 141.402 45.5859 95.8164 33.9608 30.7824 117.308 109.85 26.9773 82.8726 78.8086 38.4679
internal_count=3249 147 3102 1659 345 1314 296 285 1443 1116 149 967 952 864
is_linear=0
shrinkage=0.05


Tree=110
num_leaves=15
num_cat=0
split_feature=41 41 1 4 5 5 5 33 2 2 3 41 25 43
split_gain=7.46905 12.1929 7.18442 12.4365 9.5409 9.50461 9.91345 9.06865 8.38106 7.29689 6.60929 6.10598 6.50417 8.40743
threshold=2.9950000000000006 4.6335000000000006 14.500000000000002 4.9034455840428848 2.3435685267142001 1.9542825928870502 8.6984463172807516 74.112947407006303 64.049441320854513 5294.0627899454612 4.5000000000000009 1.2230000000000001 0.39970534510549299 146.48571288880552
decision_type=8 8 8 10 8 8 10 2 10 10 10 10 2 8
left_child=2 -2 3 -1 8 -5 9 -6 -4 -7 -3 -9 -13 -14
right_child=1 10 4 5 7 6 -8 11 -10 -11 -12 12 13 -15
leaf_value=-0.060002771916806655 -0.045747931782674403 -0.014369715092094752 0.019849720922712616 0.029444331388613472 0.01600625289452812 -0.054936343335087436 0.01986203532199543 0.016785684572121231 -0.045900799267471766 -0.00061333524673125176 0.027580645724326433 0.0094031611138873355 0.017302525032038687 -0.059837403635075059
leaf_weight=5.4181262138299635 14.948388121090828 16.593873753678057 3.9208568334579459 13.706760523840783 184.79822146915831 9.7768643669551292 10.172802440822123 7.609024751000109 9.0878142024157551 10.824083678424357 11.773989877663551 6.2230954102706191 2.2062387126497898 9.4337989871855825
leaf_count=442 233 291 6 25 1222 183 18 25 292 28 29 41 3 472
internal_value=0.00246314 -0.015735 0.00557968 -0.0108279 0.00940332 0.00062001 -0.0145394 0.0121528 -0.0260744 -0.0320884 0.00456546 -0.0138425 -0.0277067 -0.0444107
internal_weight=316.494 43.3163 273.178 49.8986 223.279 44.4805 30.7738 210.27 13.0087 20.6009 28.3679 25.4722 17.8631 11.64
internal_count=3310 553 2757 696 2061 254 229 1763 298 211 320 541 516 475
is_linear=0
shrinkage=0.05


Tree=111
num_leaves=15
num_cat=0
split_feature=14 14 54 23 29 29 63 7 7 8 2 23 67 50
split_gain=5.72839 6.33952 5.66015 5.79297 6.86567 6.39332 4.84633 4.06938 9.23718 7.54452 6.65429 8.79804 11.4759 5.87609
threshold=93.032380896034795 40.581811539269374 0.65941683488769376 9.8453994788671206 7754.9252754608415 2214.3004938553399 -0.023451827688282308 124.50000000000001 79.500000000000014 19.500000000000004 3304.0509901523887 7.9083461680444795 0.016316287003913889 0.10867724867724869
decision_type=10 10 2 2 10 10 2 10 10 10 10 2 2 2
left_child=1 2 3 5 -5 7 -4 8 9 10 11 -1 -13 -14
right_child=-2 -3 6 4 -6 -7 -8 -9 -10 -11 -12 12 13 -15
leaf_value=0.014185477905029255 -0.030469890769710836 0.027463767454141908 0.0063965979101031347 0.028887183386853928 -0.008145387765545898 -0.035893974219736426 -0.035872067232965286 -0.0087942850766115077 0.030671072128252316 -0.025541962178659245 0.02368421423035439 -0.048568899122868027 -0.031472576745363239 0.014008021874086764
leaf_weight=39.021732856868766 6.2058548755012444 26.295754820108414 9.4807834895327705 41.177424613386393 14.624672353267668 5.7705289572477332 11.092356577049939 46.145449957810342 28.851912283804268 17.143954803352244 32.413432753644884 12.751736992504446 4.5846127192489829 22.638420236413367
leaf_count=1360 24 52 21 85 38 21 56 160 81 471 59 461 220 199
internal_value=0.00488151 0.0060542 0.00364516 0.00571692 0.0193099 0.00172727 -0.0189511 0.00362879 0.00742939 0.00126018 0.00630446 -0.00181205 -0.0172691 0.0026536
internal_weight=318.199 311.993 285.697 265.124 55.8021 209.322 20.5731 203.551 157.406 128.554 111.41 78.9965 39.9748 27.223
internal_count=3308 3284 3232 3155 123 3032 77 3011 2851 2770 2299 2240 880 419
is_linear=0
shrinkage=0.05


Tree=112
num_leaves=15
num_cat=0
split_feature=42 12 12 5 27 59 59 63 28 67 61 14 11 26
split_gain=9.6946 6.28919 13.2973 9.90229 6.99987 10.6344 9.01369 18.0735 10.0188 8.46813 6.12552 10.0636 14.4413 5.07153
threshold=7.535000000000001 32.215600256660473 191.96525416537835 15.171698059412558 0.73942823108993461 -0.00072270894662613335 -0.00032107042027587797 -0.012204513811311629 0.16713705339973431 0.049129382647624696 0.0014746865758706216 4.488666218902444 3667.1460580798744 3.0716885327270682
decision_type=10 10 10 10 2 2 2 2 2 2 2 8 10 2
left_child=-1 -2 3 -3 6 -6 10 8 -8 -9 -4 12 -12 -13
right_child=1 2 4 -5 5 -7 7 9 -10 -11 11 13 -14 -15
leaf_value=-0.028650280295895739 0.019790491825600023 -0.046765866292794223 0.032496029788631052 0.015945376130677157 -0.01126196280476063 0.034414030175792747 -0.076515141108574922 -0.030974717261668963 0.0032348487970724469 0.010436862946985542 0.019436272512185798 -0.001479738272542003 -0.053403662555093212 0.027866290083332936
leaf_weight=16.52799940307159 61.149058017414063 16.758336743805561 20.400118629331701 5.9636434167623511 15.326494997367261 37.462498530279845 8.6951139966258761 10.780578566889742 4.9783230721950522 51.836683821049519 8.4901636620052177 26.092958010733128 10.652214422821997 27.418384589254856
leaf_count=415 577 546 140 12 43 67 80 535 11 725 18 70 50 46
internal_value=0.00390764 0.0060985 0.00235152 -0.0303993 0.00629704 0.0213257 0.00113499 -0.0112092 -0.0543877 0.00154395 0.011311 0.00365319 -0.0237627 0.0146531
internal_weight=322.533 306.005 244.856 22.722 222.134 52.789 169.345 76.2907 13.6734 62.6173 93.0538 72.6537 19.1424 53.5113
internal_count=3335 2920 2343 558 1785 110 1675 1351 91 1260 324 184 68 116
is_linear=0
shrinkage=0.05


Tree=113
num_leaves=15
num_cat=0
split_feature=55 57 60 54 54 62 13 18 10 55 62 67 32 55
split_gain=6.58328 7.50347 6.90755 5.65039 6.91778 11.163 8.2331 5.74088 13.816 8.40429 6.52063 5.46916 5.11778 5.22605
threshold=-1.4232148849530926e-07 0.0021517171114032066 0.032427117467993684 0.42100121345445052 0.2045426587993249 2.5166666666666671 4.1674888505756487 29.500000000000004 6.5000000000000009 -1.5623530908243896e-08 0.96987951807228934 0.092301565871161034 61.6585899805849 2.0888059065434166e-08
decision_type=2 2 2 2 2 2 8 8 10 2 2 2 2 2
left_child=2 3 -1 4 5 7 -7 8 10 -10 12 -5 13 -2
right_child=1 -3 -4 11 -6 6 -8 -9 9 -11 -12 -13 -14 -15
leaf_value=-0.040344637004655959 -0.0034979966933402964 0.021649157404715142 0.0056343102084413605 0.0062895379893499531 0.022812091042326441 0.0035507083324118334 -0.054996115594111418 0.017722089971327466 0.012444395675695779 -0.044849120433822137 0.034241754097309146 -0.037855706302310242 -0.030359066645145219 0.030115104788975489
leaf_weight=11.403449746314438 35.050157212652266 57.6149957110174 14.154603220522402 10.127508241683246 37.148510796017945 9.2053184993565065 9.6589193381369132 51.577598011586815 6.2656320971436825 18.742905359598808 14.530334752518682 11.368754427181555 6.1516420089174053 11.650110410992054
leaf_count=53 1210 123 35 19 107 22 39 508 30 218 46 75 749 89
internal_value=0.00404482 0.00635832 -0.0181251 0.00199043 0.00475797 8.22137e-05 -0.0316685 0.00516581 -0.00239376 -0.030813 0.00955378 -0.0197955 0.000393609 0.00698883
internal_weight=304.65 279.092 25.5581 221.477 199.981 162.833 18.8642 143.968 92.3908 25.0085 67.3822 21.4963 52.8519 46.7003
internal_count=3323 3235 88 3112 3018 2911 61 2850 2342 248 2094 94 2048 1299
is_linear=0
shrinkage=0.05


Tree=114
num_leaves=15
num_cat=0
split_feature=55 62 53 0 67 13 11 30 29 58 14 29 0 25
split_gain=8.33949 11.1359 6.49904 6.76536 8.55066 8.93822 8.10987 9.56131 7.2504 7.24419 7.12754 7.09004 5.80119 5.22294
threshold=-1.1756214766593064e-07 0.96987951807228934 3.4797744165029536e-08 553.50000000000011 0.05507765095410886 35.997441492786912 470.96741604280123 4.5000000000000009 2214.3004938553399 0.27051599315363101 0.65726473848923817 575.80838799432115 16.500000000000004 1.096580079789925
decision_type=2 2 2 10 2 10 8 8 8 2 8 8 10 2
left_child=1 -1 3 4 5 6 7 -2 -5 10 11 13 -4 -6
right_child=2 -3 12 8 9 -7 -8 -9 -10 -11 -12 -13 -14 -15
leaf_value=0.014341191138496813 0.011175453895259426 -0.045039039028955383 0.00070461562927864744 -0.034727396022105381 -0.040752303521188291 -0.056595448912091242 0.0090549602069892772 -0.039099643980545211 0.016611337548633288 -0.021814550829775972 0.028723529748000989 0.020129789987811508 0.030330086478303122 0.010733830223756607
leaf_weight=9.4575318731367606 12.277845820412038 16.40523699298501 31.472520524635911 21.17125325469533 8.4982774722157064 3.7554607205092898 50.705053883837536 20.096391048631631 5.9466094349045333 8.7410813421010953 49.453057748964056 13.219935886561869 30.367769761011004 5.0709069692529729
leaf_count=36 419 62 77 948 281 26 256 801 34 31 127 22 74 85
internal_value=8.39155e-05 -0.0245193 0.00293934 -0.00155539 0.00231776 -0.00848572 -0.0032217 -0.0210886 -0.0226361 0.0132147 0.0183262 -0.00236631 0.0164333 -0.0238021
internal_weight=286.639 25.8628 260.776 198.936 171.818 86.8348 83.0793 32.3742 27.1179 84.9833 76.2422 26.7891 61.8403 13.5692
internal_count=3279 98 3181 3030 2048 1502 1476 1220 982 546 515 388 151 366
is_linear=0
shrinkage=0.05


Tree=115
num_leaves=15
num_cat=0
split_feature=55 61 14 42 5 50 27 30 10 22 1 1 58 55
split_gain=5.76786 10.7566 4.85876 10.7015 6.60848 9.37834 9.02145 6.54659 4.90397 4.96147 4.21661 3.95107 7.53024 4.08744
threshold=-1.1756214766593064e-07 0.004831125711935177 -1.206168780458621 87.485000000000014 19.491028859058353 0.10867724867724869 0.79914441275602821 383.50000000000006 85.500000000000014 8.0716661788013635 200.00000000000003 1.5000000000000002 0.56095812875373074 -3.1254521269721873e-08
decision_type=2 2 8 10 10 2 2 8 8 2 10 8 2 2
left_child=1 -1 3 -2 5 6 7 -4 9 10 -5 12 -7 -13
right_child=2 -3 4 8 -6 11 -8 -9 -10 -11 -12 13 -14 -15
leaf_value=0.021134662069835192 -0.04766558024664911 -0.034298999226708933 -0.05075437423338805 -0.026127651256865982 -0.021628338421711437 -0.035377911101609837 0.021216775973879581 0.0024256840853254672 -0.031750580912864805 0.027431286049692635 0.01617138728644732 0.032589999163878419 0.021913203104449719 0.011345225859078281
leaf_weight=8.9536475455388445 8.970007341122253 21.913459368050098 11.155556388548581 8.2231888253008965 14.225018128752707 7.1889917723601666 7.5914837485179296 8.3359019212657568 3.0739686656743279 15.891442553140221 6.1617060808930537 25.341747619677335 6.2675175741314888 143.32158561027609
leaf_count=29 228 76 541 561 42 120 28 110 116 36 77 51 9 1231
internal_value=0.00135485 -0.0175146 0.00382954 -0.0108654 0.00678987 0.00918195 -0.0162225 -0.0321588 0.00395656 0.0115683 -0.0085113 0.0132924 -0.00998638 0.0153837
internal_weight=296.615 30.8671 265.748 42.3203 223.428 209.203 27.0829 19.4915 33.3503 30.2763 14.3849 182.12 13.4565 168.663
internal_count=3255 105 3150 1018 2132 2090 679 651 790 674 638 1411 129 1282
is_linear=0
shrinkage=0.05


Tree=116
num_leaves=15
num_cat=0
split_feature=33 31 67 9 14 4 14 23 33 32 25 55 5 13
split_gain=6.49532 6.65738 9.64385 7.16498 8.77669 7.22729 6.58029 10.51 9.66177 7.04991 5.79586 4.73523 7.4568 4.65739
threshold=3.3064160864019363 2.524928003624769 0.10216646069949772 24.500000000000004 15.335401079254911 20.902557269943301 27.554873857713318 9.2850113310882794 38.317816169874554 56.869505271284389 0.78839758928169568 -6.7880098598397857e-09 6.2495045888020506 -0.024711529090403205
decision_type=2 2 2 10 10 10 8 2 2 2 2 2 8 8
left_child=-1 11 3 -3 5 -5 7 8 -4 10 -10 -2 -13 -14
right_child=1 2 6 4 -6 -7 -8 -9 9 -11 -12 12 13 -15
leaf_value=-0.032956193968764425 0.03435085494151336 -0.036669330490595967 -0.045048132042249535 0.012085589676726634 -0.035527800715712841 -0.024290299448977381 0.02111122968103871 0.022036887446441781 -0.021243188685711931 -0.031253513888949869 0.024026079079287027 -0.033617462094023526 -0.021993128131756075 0.020351555303039989
leaf_weight=10.129761747317387 16.249020193237811 22.260423317027744 13.507355302805079 47.812618743395433 14.406217616051434 13.46894405223429 41.322927726083435 22.8813801035285 5.4121216088533428 7.865617867500986 20.724446875043213 5.4591818414628506 3.5973796196631156 31.841192654334009
leaf_count=400 50 679 163 185 49 48 134 42 20 272 95 245 415 441
internal_value=-0.00108405 0.000709996 -0.00347532 -0.0145649 -0.00619431 0.00286136 0.00645516 -0.00297818 -0.015977 -0.000133963 0.0127461 0.0151094 0.00455537 0.0138653
internal_weight=276.939 266.809 209.662 97.9482 75.6878 61.2816 111.714 70.3909 47.5095 34.0022 26.1366 57.1468 40.8978 35.4386
internal_count=3238 2838 1687 961 282 233 726 592 550 387 115 1151 1101 856
is_linear=0
shrinkage=0.05


Tree=117
num_leaves=15
num_cat=0
split_feature=53 5 27 5 58 58 59 34 62 9 24 59 43 61
split_gain=5.74308 4.68405 8.54454 6.73572 6.56828 9.72716 6.89192 13.7569 5.95569 7.5977 4.95486 6.95668 6.45895 4.86803
threshold=7.3014422087786629e-06 6.4003918332421001 0.61503175723359227 1.7509590166776265 1.0050947144634115 0.092159281628313119 0.00025237912645166669 11.743237417143773 1.7168989547038329 50.500000000000007 0.89587973461402759 0.00012650593001942262 25.234757870561225 0.014340646750517065
decision_type=2 10 2 10 2 2 2 2 2 10 2 2 8 2
left_child=1 3 -3 4 5 6 8 -8 9 10 -1 12 -12 -4
right_child=-2 2 13 -5 -6 -7 7 -9 -10 -11 11 -13 -14 -15
leaf_value=0.013259966914394229 -0.038299722598794432 0.015385899397193406 -0.040128002139958596 0.028756032626719625 -0.040897747235083548 0.016671302306803786 0.009800359821944854 -0.050045918150739124 -0.021512804592656001 0.028588634522517687 0.013167566244285528 0.02267444269925728 -0.035201030049866147 -0.0017568549762526132
leaf_weight=24.866415694123134 3.7523743957281104 16.357710340293124 16.487886704038832 22.981421791948378 3.3897271603345862 87.345683767460287 15.377814039122315 15.662621072202453 16.45602959394455 24.55151562881656 6.333977592643353 6.197904188768006 21.862975631142035 14.209442280232905
leaf_count=504 19 57 61 82 17 197 107 940 57 66 210 97 860 33
internal_value=0.00166496 0.00281434 -0.0109001 0.00561339 0.00263763 0.00421176 -0.00438372 -0.0231509 0.00224975 0.00786382 -0.00227866 -0.0137697 -0.0239891 -0.0251003
internal_weight=295.833 292.081 47.055 245.026 222.045 218.655 131.309 31.0404 100.269 83.8128 59.2613 34.3949 28.197 30.6973
internal_count=3307 3288 151 3137 3055 3038 2841 1047 1794 1737 1671 1167 1070 94
is_linear=0
shrinkage=0.05


Tree=118
num_leaves=15
num_cat=0
split_feature=42 63 67 56 55 42 38 7 53 63 25 37 34 65
split_gain=7.28029 6.77197 8.61729 7.23125 4.08089 9.1203 5.77103 8.01924 6.97462 5.849 7.33141 5.66877 5.42965 4.84406
threshold=7.535000000000001 -0.02821209150821705 0.20986067830300964 0.017031615938544506 -2.5376730465416758e-08 114.73500000000001 365.65802071669719 33.500000000000007 4.3032962539621027e-08 -0.01085390015100215 0.83103294237471481 0.52512626262626283 7.1310785161255454 1.2229564395043802
decision_type=10 2 2 2 2 10 2 10 2 2 2 2 2 2
left_child=-1 2 3 -2 5 -3 7 8 -6 10 -9 12 -11 -14
right_child=1 4 -4 -5 6 -7 -8 9 -10 11 -12 -13 13 -15
leaf_value=-0.026999990693232636 -0.019248383743957237 0.029725969031484764 -0.046837663580224002 0.022517756858786014 -0.04439279595949535 -0.012502915169426513 0.012435346929220359 -0.03033050320980581 0.015216057311573151 0.017704391455796841 0.0095457774945291521 0.028240603027011285 -0.040990036402940876 0.007402122706607752
leaf_weight=16.313192410045303 17.423310802783821 39.001532841473818 9.1660058326087874 14.269167646532877 14.11889753281139 14.744510416407136 81.495620526082348 19.224797207862139 3.8078665882349005 11.686611650511624 18.499471608549356 23.410784736275673 7.0258913231082243 6.7956268712878227
leaf_count=420 52 85 58 50 148 69 2170 62 7 41 44 39 48 15
internal_value=0.00121543 0.00329925 -0.0144186 6.23e-05 0.0065508 0.0180629 0.0028398 -0.00486461 -0.0311741 0.00198275 -0.0119471 0.0128366 -0.00361224 -0.0215513
internal_weight=296.983 280.67 40.8585 31.6925 239.812 53.746 186.066 104.57 17.9268 86.6432 37.7243 48.9189 25.5081 13.8215
internal_count=3308 2888 160 102 2728 154 2574 404 155 249 106 143 104 63
is_linear=0
shrinkage=0.05


Tree=119
num_leaves=15
num_cat=0
split_feature=14 58 5 23 4 67 42 55 33 57 25 8 23 14
split_gain=4.87445 12.3923 9.49773 8.96885 6.45606 6.60575 11.9561 8.45684 8.20035 4.91682 4.91151 8.28398 4.37546 5.42351
threshold=10.627025673381594 0.14241566602884451 19.491028859058353 10.910654753016543 20.158203286540857 0.052856231753067619 229.12000000000003 -1.0554298207356925e-08 15.523682174729766 0.0018222008341301943 0.59240222597169356 20.500000000000004 9.256501414143548 1.7538085084486386
decision_type=8 2 10 2 10 2 8 2 2 2 2 10 2 10
left_child=1 3 4 12 5 6 7 -2 -9 -7 -6 -12 13 -1
right_child=2 -3 -4 -5 10 9 -8 8 -10 -11 11 -13 -14 -15
leaf_value=0.0052961630886335063 0.013145987959323266 -0.044555275555422574 -0.040393966323510035 -0.036828560843061589 0.032424204836684269 0.027602263461655521 0.011176389471357325 0.0056168457670062203 -0.065462423193938343 -0.008377908467271206 0.028090782147631735 -0.018747369636372919 0.021655730111336917 -0.02235890065871711
leaf_weight=83.035033396678045 4.9017075262963798 12.191399415954946 4.7697734832763663 9.4753198325633985 38.251701844856143 23.831330551067367 26.685679890331812 4.3842412017984342 11.659153867629355 11.318726845085619 13.417185514816085 14.542919805971904 24.332185294479132 17.199667520006187
leaf_count=1929 12 48 23 42 78 148 168 364 247 34 65 48 52 83
internal_value=0.00186991 -0.00458876 0.00796341 0.000517774 0.0107728 0.00120247 -0.0105174 -0.0349843 -0.049319 0.0164157 0.0218135 0.00458053 0.00467016 -0.000286144
internal_weight=299.996 146.234 153.762 134.042 148.993 82.7808 47.6308 20.9451 16.0434 35.1501 66.2118 27.9601 124.567 100.235
internal_count=3341 2154 1187 2106 1164 973 791 623 611 182 191 113 2064 2012
is_linear=0
shrinkage=0.05


Tree=120
num_leaves=15
num_cat=0
split_feature=63 67 14 28 67 8 13 53 23 58 58 28 34 41
split_gain=6.25915 15.0654 8.30692 11.1947 6.75062 8.29262 10.6971 9.38303 9.30313 7.62741 7.074 6.01632 5.73542 5.71632
threshold=-0.02821209150821705 0.20986067830300964 11.401723469890674 0.12478762722356908 0.17582172451749958 7.5000000000000009 38.686127669490041 6.6977493976214696e-09 9.4624025294676777 0.0085179409335713937 0.084503497383895967 0.11510807108634395 14.959733069426907 1.3715000000000004
decision_type=2 2 8 2 2 10 8 2 2 2 2 2 2 10
left_child=1 2 3 -1 5 7 10 9 -8 13 -7 12 -6 -2
right_child=4 -3 -4 -5 11 6 8 -9 -10 -11 -12 -13 -14 -15
leaf_value=0.0172120476207752 -0.011690101462963476 -0.056425732988187371 0.025368699853965632 -0.050056342821084211 0.010680592653828348 -0.013201084761720053 -0.059489987771307651 0.031772360549735097 -0.0069854212065170122 -0.037970707218184352 0.01866087315356188 0.029868329753079251 -0.033522946592201557 0.017774108241260991
leaf_weight=8.3688527417834901 24.063454269082285 10.507910392014308 15.697776698973028 7.7139167040586463 26.35202593263239 33.379787452460732 12.375546819996091 26.208467730553821 19.399387277662754 6.975181442918255 26.928203176707029 34.619108639657497 4.5812140535563222 33.858582918939646
leaf_count=39 403 66 38 30 106 803 63 71 57 71 57 66 300 1166
internal_value=0.000721458 -0.0159928 0.00322912 -0.019272 0.0038222 -0.00120717 -0.0114846 0.00923756 -0.0327427 -0.00148481 0.00136512 0.0169665 0.000380363 0.00557709
internal_weight=291.029 42.2885 31.7805 16.0828 248.741 183.189 92.0829 91.1057 31.7749 64.8972 60.308 65.5523 30.9332 57.922
internal_count=3336 173 107 69 3163 2691 980 1711 120 1640 860 472 406 1569
is_linear=0
shrinkage=0.05


Tree=121
num_leaves=15
num_cat=0
split_feature=21 33 54 42 32 37 14 4 37 0 36 63 32 14
split_gain=5.12732 5.22903 5.15331 6.64416 15.3438 12.5945 9.43752 8.81404 5.58891 7.02642 7.80916 5.47802 4.99853 8.39488
threshold=-55.744968119033665 471.1033778113819 -0.47839238075191298 96.595000000000013 49.380399483232459 0.39810320028766638 -1.206168780458621 75.935108718767907 0.82054924242424254 5.5000000000000009 0.33415435139573074 0.0028411335890533387 32.438000692895947 2.5716778112276799
decision_type=10 2 2 10 2 2 8 10 2 10 2 2 2 10
left_child=1 -1 -2 6 -5 -6 7 -4 9 11 -11 -7 13 -8
right_child=2 -3 3 4 5 8 12 -9 -10 10 -12 -13 -14 -15
leaf_value=-0.029113833710431459 0.027496543087529548 0.019789147877282812 -0.043773142986601926 -0.049851631258722516 0.025341286289769688 -0.052542956626594445 0.014358085822769354 0.022366945783199324 0.01992190015378871 -0.027125795919446472 0.023539220104796116 0.0043731127735727798 0.019749138119717395 -0.01584141048300447
leaf_weight=20.971670805127363 13.026520643965339 3.1609696894884101 11.758639340987427 14.940853726584463 25.217954281833954 14.183692866005005 48.716165458317846 3.6040682494640341 5.4836686849594107 9.5044764676713402 10.993076522252521 4.4936708357417947 64.051610013935715 35.294460478238761
leaf_count=589 115 3 247 165 193 111 735 5 9 638 109 78 196 116
internal_value=-0.000503959 -0.0204113 0.00168358 -0.000187098 -0.011166 -0.000117734 0.00567326 -0.0265746 -0.0155981 -0.0222622 -0.000665982 -0.0408175 0.00977805 0.00149353
internal_weight=285.401 24.1326 261.269 248.242 84.8174 69.8765 163.425 15.3627 44.6586 39.1749 20.4976 18.6774 148.062 84.0106
internal_count=3309 592 2717 2602 1303 1138 1299 252 945 936 747 189 1047 851
is_linear=0
shrinkage=0.05


Tree=122
num_leaves=15
num_cat=0
split_feature=33 59 42 33 12 28 59 4 34 4 1 0 5 59
split_gain=6.69914 6.52048 6.18933 8.83616 6.02779 5.57728 5.37931 4.96039 11.2041 9.25722 7.88979 5.66305 5.65971 5.59288
threshold=8.3258657482757936 -0.0019066880054230831 33.930000000000007 21.414968752534516 218.07082410917482 0.30743678679739711 -0.0052386636800992445 53.599637655073302 5.0000491137441507 27.912168742124649 68.500000000000014 328.00000000000006 14.100175524553501 -0.00044702007906932646
decision_type=2 2 8 2 8 2 2 8 2 10 8 10 10 2
left_child=1 -1 -2 5 -5 6 -4 8 -6 10 11 13 -11 -10
right_child=2 -3 3 4 7 -7 -8 -9 9 12 -12 -13 -14 -15
leaf_value=0.017937620462378855 0.023251372363833619 -0.027404291961320923 0.010102626356849246 -0.018075398347435399 -0.037162999544794406 0.01328852937098169 -0.072937052964605398 0.022768842684075169 0.019076804995852421 -0.051936773052826506 0.018348021632382288 -0.032891251635591021 0.0049857955445863746 -0.019335850064896486
leaf_weight=6.7331742080859831 35.547006811480969 26.637407152098604 1.1209284067153924 22.30680717562791 10.848709405632688 1.6589993159286676 3.4248229163931678 35.178578782302793 19.203780621755872 5.2262344626942632 97.164156975748483 9.5879881774308142 6.2330869808793068 10.736315940041093
leaf_count=20 371 700 1 369 97 3 139 155 52 57 685 453 15 180
internal_value=0.00246579 -0.0171104 0.00527245 0.001955 0.00410541 -0.0414249 -0.0578943 0.00704327 0.00297592 0.00703249 0.0109544 -0.00723951 -0.0288658 0.00450645
internal_weight=291.608 33.3706 258.237 222.69 216.486 6.20475 4.54575 194.179 159 148.152 136.692 39.5281 11.4593 29.9401
internal_count=3297 720 2577 2206 2063 143 140 1694 1539 1442 1370 685 72 232
is_linear=0
shrinkage=0.05


Tree=123
num_leaves=15
num_cat=0
split_feature=41 32 29 63 38 32 27 32 67 13 64 32 55 23
split_gain=13.463 10.4654 8.34528 7.07156 6.60649 7.35604 9.41805 8.27977 7.90892 9.67235 17.114 5.87677 5.01344 4.32767
threshold=2.9950000000000006 48.946872162773069 14.409093216936325 -0.0068338059504021754 17.626759810000447 38.301028379608745 0.57900995056011029 17.068329602701052 0.061778474303257773 94.373785952700644 0.39491525423728818 68.784248377859896 5.4966139535228486e-09 8.316531382355512
decision_type=8 2 8 2 2 2 2 2 2 10 2 2 2 2
left_child=3 2 -2 4 -1 6 -6 -8 -7 10 -10 13 -13 -5
right_child=1 -3 -4 11 5 8 7 -9 9 -11 -12 12 -14 -15
leaf_value=0.011617766096297184 0.001116092338756804 0.0090604866610692249 -0.059256411847533622 0.0041810162431086522 0.0023363553587726501 0.025482992944512069 0.004476852460668368 -0.066496601547033907 -0.06184755338106597 0.015262994369846447 0.015126580082092715 -0.032041633604658198 0.0098764430551973297 0.02420031115406638
leaf_weight=33.303524452028796 7.4762515904149058 11.510788024286738 17.122753009665757 51.95127231173683 12.6538507839432 14.137696009362115 4.5777555720414993 12.604803598951547 12.383331254590304 14.572824254631994 9.5983939266297948 9.2028637647745217 10.77332280797418 57.470481894211844
leaf_count=72 309 117 123 1328 96 80 33 68 68 28 82 406 349 130
internal_value=-0.00142848 -0.0279105 -0.0438187 0.00298602 -0.00596978 -0.0134973 -0.0311897 -0.0508409 -0.00121861 -0.0133692 -0.0316619 0.0107935 -0.0119834 0.0152936
internal_weight=279.34 36.1098 24.599 243.23 113.832 80.5287 29.8364 17.1826 50.6922 36.5545 21.9817 129.398 19.9762 109.422
internal_count=3289 549 432 2740 527 455 197 101 258 178 150 2213 755 1458
is_linear=0
shrinkage=0.05


Tree=124
num_leaves=15
num_cat=0
split_feature=11 5 58 12 32 55 48 5 11 55 10 27 30 14
split_gain=11.031 5.47044 5.39835 4.34228 13.1042 10.2974 7.24555 6.5551 5.69487 3.87428 6.39304 3.86299 3.53539 3.42253
threshold=19.88080549309975 50.000000710110108 1.0050947144634115 734.77403256980926 30.956171183116513 -8.6763801323382702e-09 1.0000000180025095e-35 15.171698059412558 2685.366474505769 1.7870799336715372e-09 4.5000000000000009 0.72483108108108119 255.00000000000003 3.7732697086104747
decision_type=10 10 2 10 2 2 2 10 10 2 10 2 8 8
left_child=-1 2 3 6 5 -5 9 12 11 10 -2 -6 -8 -12
right_child=1 -3 -4 4 8 -7 7 -9 -10 -11 13 -13 -14 -15
leaf_value=-0.03953302241489929 0.020028721466298381 -0.023768037570873594 -0.03272614541531265 -0.00084426458003893751 -0.03357183685492296 -0.064849147902343349 -0.045045971281874007 0.023757333596612206 0.0094167623400850439 0.030391177104655682 -0.033903084006849923 0.011629464386996351 0.0026685987523818334 0.003498185718461751
leaf_weight=12.252193080494179 34.461237512528896 14.712079562246798 4.9512259289622298 12.514719121856617 9.4150272921542619 7.8994216974824658 7.2645178950624549 3.8625538349151602 115.98092286428437 33.979465792188421 5.8955943379551172 4.0048607885837546 4.903202793560923 12.069041432812812
leaf_count=666 532 47 21 30 576 59 465 4 483 276 58 7 44 41
internal_value=-0.000752746 0.00167692 0.00355787 0.00489229 -0.000589557 -0.0334972 0.012564 -0.0150016 0.00565496 0.0182189 0.00837035 -0.0205874 -0.0306412 -0.0134852
internal_weight=284.166 271.914 257.202 252.251 149.815 20.4141 102.436 16.0303 129.401 86.4053 52.4259 13.4199 12.1677 17.9646
internal_count=3309 2643 2596 2575 1155 89 1420 513 1066 907 631 583 509 99
is_linear=0
shrinkage=0.05


Tree=125
num_leaves=15
num_cat=0
split_feature=45 14 14 60 42 42 5 5 5 50 4 12 12 41
split_gain=7.69908 7.50777 7.78468 5.78994 10.4455 12.1641 5.99732 6.03732 9.72816 9.12569 5.86122 5.74547 7.10549 5.00976
threshold=9.7017079086171947 93.032380896034795 -18.854354088105037 0.059999442915528896 97.325000000000017 187.11500000000004 50.000000710110108 8.6984463172807516 6.4003918332421001 0.10867724867724869 1.0476568145198504 32.215600256660473 218.07082410917482 1.1625000000000003
decision_type=8 10 8 2 10 10 10 10 10 2 10 10 10 8
left_child=1 2 -1 6 -5 -6 7 8 9 13 -11 -12 -13 -4
right_child=-2 -3 3 4 5 -7 -8 -9 -10 10 11 12 -14 -15
leaf_value=-0.034071455035112601 0.022303646333590717 -0.044616466279888051 0.013850324135835283 0.029277774090360278 -0.044728586697698573 0.021545986967596815 -0.033713129329098174 0.021540997723558247 -0.045955702800903969 -0.028617955838150452 0.025082520375508843 -0.034489382232850391 0.0060597584977408608 -0.040769196785271994
leaf_weight=10.819782933453096 33.147933486266993 4.8280789642594746 2.7432379957754192 37.80411170120351 8.8584277672343905 9.4999673970160057 9.0157609656453115 23.261048555374146 7.4586079057771704 7.1470992473186916 30.145325098652393 7.282792027690447 85.028275631600991 13.445415511901954
leaf_count=260 214 24 76 108 258 313 32 47 46 657 153 285 372 503
internal_value=0.001333 -0.00174185 -7.16877e-05 0.00211011 0.015463 -0.0131624 -0.00223177 0.000260592 -0.00354798 7.34353e-05 0.00487232 0.00787294 0.00125293 -0.0304294
internal_weight=290.486 257.338 252.51 241.69 56.1625 18.3584 185.528 176.512 153.251 145.792 129.603 122.456 92.3111 16.1887
internal_count=3348 3134 3110 2850 679 571 2171 2139 2092 2046 1467 810 657 579
is_linear=0
shrinkage=0.05


Tree=126
num_leaves=15
num_cat=0
split_feature=54 5 58 53 42 41 62 26 53 61 14 5 27 11
split_gain=7.95004 8.36667 7.16579 6.13575 5.40294 5.82772 7.84917 6.86604 5.81925 4.59081 5.05044 11.2167 6.28504 4.32777
threshold=0.60642193682256951 8.9685058925466503 0.38331363618017816 7.3014422087786629e-06 7.535000000000001 1.3265000000000002 13.033333333333335 5.9489944081632649 8.1311281706728156e-09 0.012231636382748471 -7.8905759362858889 8.9685058925466503 0.72086327703916642 470.96741604280123
decision_type=2 10 2 2 8 8 2 2 2 2 10 8 2 8
left_child=3 2 -2 4 -1 8 9 -8 13 10 -7 -12 -13 -6
right_child=1 -3 -4 -5 5 6 7 -9 -10 -11 11 12 -14 -15
leaf_value=-0.03458720630093521 -0.059369610475038373 0.017947477000303764 -0.0086162386460739808 -0.036360074690080568 -0.024511227388744877 0.012413298223660219 -0.041611326049077205 0.0061541903791689969 0.038913209507915804 0.021023910554242575 0.018317841377109467 -0.029501729876337431 0.0061312018283348159 0.020060291130094811
leaf_weight=2.9529940921347579 8.3147540579084325 8.3050095289945585 18.957860074937344 3.7377769276499739 5.7335764500312481 71.700243079976644 11.409577026963236 11.824359804391859 21.108235388994217 44.072584117297083 27.39920432609506 34.685824462096207 15.809902995824812 6.1018861085176477
leaf_count=343 62 16 52 19 148 1066 39 25 40 92 216 1125 58 8
internal_value=0.00195027 -0.0186834 -0.0308905 0.00511432 0.00642086 0.00757463 0.00430276 -0.0205173 0.025711 0.0077218 0.00324962 -0.00542527 -0.018798 -0.00239887
internal_weight=292.114 35.5776 27.2726 256.536 252.798 249.845 216.902 23.2339 32.9437 193.668 149.595 77.8949 50.4957 11.8355
internal_count=3309 130 114 3179 3160 2817 2621 64 196 2557 2465 1399 1183 156
is_linear=0
shrinkage=0.05


Tree=127
num_leaves=15
num_cat=0
split_feature=1 5 33 45 14 29 43 7 12 7 42 27 61 61
split_gain=8.07633 9.52599 6.24463 7.18174 16.7892 6.12528 5.41314 5.35741 5.15724 12.7807 5.02237 5.94834 5.43255 4.87596
threshold=14.500000000000002 1.4876100000000002e-10 74.112947407006303 2.9700856263602158 0.049946935863487148 4889.3303326069881 8653.0582113521177 2.5000000000000004 15951.446521369351 374.50000000000006 63.120000000000012 0.76663208852005549 0.027353063803669277 0.053013796107365764
decision_type=8 10 2 8 8 10 10 10 10 8 10 2 2 2
left_child=1 13 3 4 -2 7 -5 -4 9 -6 11 12 -3 -1
right_child=2 10 5 6 8 -7 -8 -9 -10 -11 -12 -13 -14 -15
leaf_value=-0.038889660124889973 -0.041262846929034758 -0.058437520840665926 0.0073648319185343203 0.026095488796792982 0.0097368479477023193 0.010831865882327325 0.00063840052817834363 -0.046021277814519507 0.02916693301503025 -0.054569178833113498 0.020284847572218871 0.015123145130935687 0.010753619487719683 0.013259886706910737
leaf_weight=23.716332059004348 14.528120705625041 3.5841110137989762 5.0643348273006294 75.178288019727916 59.559256584267132 12.355989813804625 28.580965850502253 10.009883752733002 20.092307239770889 3.7840545054059467 18.782334434567019 5.7003839686512947 2.2485698163509369 2.7852570712566367
leaf_count=731 544 80 99 573 517 31 94 475 31 31 70 12 4 4
internal_value=0.00332488 -0.0128278 0.00751824 0.0105894 0.000731761 -0.0132177 0.0194349 -0.0307186 0.00996353 0.00218405 0.0062454 -0.0158387 -0.0391118 -0.0321741
internal_weight=285.97 56.817 229.153 201.723 97.9637 27.4302 103.759 15.0742 83.4356 63.3433 30.3154 11.5331 5.83268 26.5016
internal_count=3296 901 2395 1790 1123 605 667 574 579 548 166 96 84 735
is_linear=0
shrinkage=0.05


Tree=128
num_leaves=15
num_cat=0
split_feature=42 27 32 32 2 67 42 29 11 28 42 64 42 4
split_gain=7.11042 3.75357 7.02906 10.8818 6.76508 6.3735 9.09329 5.77541 5.3942 6.28269 5.24136 5.16654 4.3902 4.03338
threshold=7.535000000000001 0.73710792131844771 15.030272830594184 28.753733592452217 3370.3249233950992 0.072911176856949991 47.110000000000007 7227.0575469837286 2313.5056482201812 0.9106287986307926 44.455000000000005 0.5590277777777779 233.13500000000002 53.599637655073302
decision_type=10 2 2 2 10 2 8 10 10 2 10 2 10 10
left_child=-1 2 -2 11 5 6 -3 8 9 10 -5 -4 -10 -12
right_child=1 4 3 7 -6 -7 -8 -9 12 -11 13 -13 -14 -15
leaf_value=-0.027769566880490034 0.01632930360603204 -0.051481809208788504 -0.057755896601007523 0.020031844368250035 0.022744965008670362 0.01713287165853887 0.013420236577067202 -0.03252649109860372 0.0030513932297196035 0.021375569044031609 -0.037896898579659957 0.0094205834608666311 0.032139431517337148 0.014404935201024148
leaf_weight=15.0384657648392 41.980442175641656 7.7235677023418257 8.3018653782783058 2.2703199386596742 47.296557247638702 10.804950109682975 6.4878658712841579 8.44928080588579 89.787978003092576 5.404914326965808 21.402275502623528 2.0518360090209162 10.452095367712898 1.6348100900650013
leaf_count=418 603 84 176 1 102 30 32 32 439 10 1257 62 57 1
internal_value=0.000984671 0.00310796 -0.000626288 -0.00575341 0.0124094 -0.00766509 -0.0260711 -0.00130568 0.0018309 -0.0150352 -0.025055 -0.0457107 0.00746728 -0.0322783
internal_weight=279.087 264.049 191.736 149.755 72.3129 25.0164 14.2114 139.402 130.952 30.7123 25.3074 10.3537 100.24 23.0371
internal_count=3304 2886 2638 2035 248 146 116 1797 1765 1269 1259 238 496 1258
is_linear=0
shrinkage=0.05


Tree=129
num_leaves=15
num_cat=0
split_feature=41 42 66 2 20 4 1 4 5 5 42 5 28 33
split_gain=6.71032 7.54766 6.81368 5.86629 5.84812 5.00768 4.96529 10.2145 6.96967 6.56862 6.76582 6.0844 6.03969 5.30946
threshold=2.9950000000000006 179.27500000000001 0.046981546362879288 9833.2495270227464 13013.898378111089 6.2364408992029512 14.500000000000002 9.6482202644702024 8.6984463172807516 2.3435685267142001 14.975000000000003 0.4127801939633074 0.11811019448648134 74.112947407006303
decision_type=10 10 2 10 10 10 8 10 10 8 8 8 2 2
left_child=3 2 -2 6 -3 -5 7 8 11 10 -8 -1 -9 -11
right_child=1 4 -4 5 -6 -7 9 12 -10 13 -12 -13 -14 -15
leaf_value=0.0098059526424409994 0.016665506304550354 -0.024429546845419044 -0.050276366715889448 0.0063995223543170379 0.029047800779885141 -0.038501396121757687 0.018411002201997775 -0.024802332664282167 0.015908214892006656 0.015604014446055728 -0.03850939930783584 -0.067610813449208648 0.021363345964052774 -0.009912373080785894
leaf_weight=1.7559240355622021 2.2259849831461933 3.8991598802385834 12.705066496855578 8.9734441377222556 7.6400767490267754 8.9794616475701314 4.6435196259990308 5.2298094955622245 2.1833763122558585 164.78444355761167 8.7220671345712617 7.3610788085497898 19.976938739418983 19.736573661561124
leaf_count=54 4 130 324 21 18 43 152 111 4 1238 161 441 44 529
internal_value=0.00214619 -0.0196998 -0.0386192 0.00477598 0.00905507 -0.0195533 0.0070089 -0.00904307 -0.0401966 0.0101201 -0.0191054 -0.0545083 0.00926508 0.0126852
internal_weight=278.817 26.4703 14.9311 252.347 11.5392 17.9529 234.394 36.5071 11.3004 197.887 13.3656 9.117 25.2067 184.521
internal_count=3274 476 328 2798 148 64 2734 654 499 2080 313 495 155 1767
is_linear=0
shrinkage=0.05


Tree=130
num_leaves=15
num_cat=0
split_feature=29 67 11 29 5 64 57 36 11 37 36 37 63 17
split_gain=6.68228 6.39022 8.28449 5.42505 6.02866 11.7896 6.2162 7.89233 8.02204 4.60925 5.14988 9.89694 4.41039 3.86758
threshold=7754.9252754608415 0.26111686530001849 6803.2020066011246 4272.3976576329615 8.6984463172807516 0.010074496275186242 0.0058134990978432385 0.79858490566037743 14236.971095866078 0.79529151087107064 0.5186206896551725 0.57735042735042741 0.014436943938981527 351.50000000000006
decision_type=10 2 10 10 8 2 2 2 10 2 2 2 2 10
left_child=1 3 -3 4 5 6 7 8 -1 10 11 12 13 -6
right_child=-2 2 -4 -5 9 -7 -8 -9 -10 -11 -12 -13 -14 -15
leaf_value=-0.068312788774526262 -0.027681107861557391 0.0055472903959233773 -0.045057775902968403 0.025700547336130298 0.012524171478156092 0.016514473855179901 0.011153101146469188 0.010717613827615571 0.013652104819117071 -0.024689326952918682 0.022404132216092436 -0.038769838416462837 -0.025802896218061366 -0.015950671316730877
leaf_weight=13.257725580944685 15.032435707747934 14.893272305082066 10.512398836668579 22.987695958465338 101.15131891361671 15.056711584562434 4.0877528116106978 3.6016260199248782 1.8051210939884175 6.5936576771782702 41.279465533094481 8.0574968651635555 4.7636623881408005 9.1262467429041845
leaf_count=347 57 193 63 46 1726 164 9 27 5 47 186 132 292 26
internal_value=0.000155827 0.00227984 -0.0193582 0.00501045 0.00218456 -0.0147063 -0.0346202 -0.0448834 -0.0575358 0.00623155 0.00816408 0.00270078 0.00709926 0.00957805
internal_weight=272.207 257.174 25.4057 231.768 208.781 37.8089 22.7522 18.6645 15.0628 170.972 164.378 123.099 115.041 110.278
internal_count=3320 3263 256 3007 2961 552 388 379 352 2409 2362 2176 2044 1752
is_linear=0
shrinkage=0.05


Tree=131
num_leaves=15
num_cat=0
split_feature=1 42 5 5 61 38 42 4 33 30 37 34 38 59
split_gain=5.07517 13.2812 12.5458 8.38329 6.22923 5.90396 5.90305 8.9794 6.19959 6.47274 5.81867 5.64698 9.57685 6.15413
threshold=14.500000000000002 167.58000000000001 1.9542825928870502 8.6984463172807516 0.053013796107365764 2.6891673805815484 96.595000000000013 27.912168742124649 44.496647922869776 160.50000000000003 0.64956140350877212 26.15144156848179 278.23290224898761 -0.0010236345110609629
decision_type=8 10 8 10 2 2 8 10 2 8 2 2 2 2
left_child=1 2 -1 4 5 -4 11 8 -8 -10 -9 13 -13 -2
right_child=6 -3 3 -5 -6 -7 7 10 9 -11 -12 12 -14 -15
leaf_value=0.011786942505250544 0.03477539596890316 0.019065424113495034 0.0070568577095959269 0.003553251980542408 0.0083137279266109112 -0.074739405376652787 -0.019768331050162437 -0.056640590687171401 -0.0087903236040309998 0.023056686530809375 0.0055060661462233811 -0.02461938286873715 0.013360755261670007 0.0050493173784190663
leaf_weight=11.119508413481524 30.258007710799575 17.875711853499524 1.5611636298708713 6.0831352099776259 1.9430015385150898 15.418695520726031 20.385199803858995 7.4950572919333336 24.492027898319066 31.824988331645727 4.2209901511669159 21.491185454651713 39.461076188483275 38.389413901371881
leaf_count=95 57 309 4 16 3 467 138 81 776 113 12 77 799 364
internal_value=0.000222122 -0.0128225 -0.0290009 -0.04608 -0.0594435 -0.0673244 0.0036682 -0.00609047 0.00107702 0.00961915 -0.0393009 0.0103049 -0.000881897 0.0196232
internal_weight=272.019 54.0012 36.1255 25.006 18.9229 16.9799 218.018 88.4183 76.7022 56.317 11.716 129.6 60.9523 68.6474
internal_count=3311 894 585 490 474 471 2417 1120 1027 889 93 1297 876 421
is_linear=0
shrinkage=0.05


Tree=132
num_leaves=15
num_cat=0
split_feature=53 53 58 58 0 27 14 27 23 0 42 0 14 57
split_gain=3.99044 4.18122 6.95817 6.05594 8.40663 5.56263 7.65584 7.32486 7.67463 6.45422 3.65008 3.23563 5.84419 9.5108
threshold=7.3014422087786629e-06 6.933371198815278e-08 0.084503497383895967 0.27051599315363101 129.00000000000003 0.72086327703916642 0.26529381265955082 0.66698352344740186 9.3840424380656433 101.50000000000001 50.095000000000006 19.500000000000004 -22.272523535936049 0.00047542120947651341
decision_type=2 2 2 2 10 2 10 2 2 10 10 10 8 2
left_child=1 3 -3 5 -5 7 9 11 -9 -7 -8 -1 -13 -14
right_child=-2 2 -4 4 -6 6 10 8 -10 -11 -12 12 13 -15
leaf_value=0.0084234381032776591 -0.032925283729313276 -0.01643780024722049 0.023162517516425403 -0.043565711603149114 0.0078858802636318972 -0.030987568277054001 0.00084978075804962325 -0.045771616259984396 0.011925258432738731 0.019776223055527203 0.033704911940808283 0.016249993938708501 -0.033870829549592051 0.012914174255950275
leaf_weight=63.634504267887678 3.7660147771239272 10.887561816722153 38.595253683626652 13.617599314544352 11.55588887631893 10.4853047283832 11.745120238978414 13.161170036299156 5.9162692725658408 6.1640930969733736 27.790437906049192 14.002240368397905 24.28794268576894 13.875377480406312
leaf_count=1057 19 43 92 60 29 115 49 99 10 31 50 171 1431 35
internal_value=0.00028204 0.0013521 0.0137405 -0.00172929 -0.0225539 0.00151967 0.0140616 -0.00402073 -0.029118 -0.0119665 0.0251356 0.00114799 -0.00768751 -0.0173353
internal_weight=269.485 265.719 49.4828 216.236 25.1735 191.062 56.185 134.878 19.0774 16.6494 39.5356 115.8 52.1656 38.1633
internal_count=3291 3272 135 3137 89 3048 245 2803 109 146 99 2694 1637 1466
is_linear=0
shrinkage=0.05


Tree=133
num_leaves=15
num_cat=0
split_feature=0 1 30 43 67 35 12 54 54 12 28 12 43 12
split_gain=5.88423 8.26723 6.20147 7.18225 6.12429 7.6951 7.26459 6.42629 5.62577 4.9053 4.65252 4.48928 4.46163 8.83743
threshold=273.50000000000006 2.5000000000000004 137.50000000000003 6661.6086975340622 0.05507765095410886 108.50137399736596 3741.6661405346554 0.90123146583450564 0.1679566273526181 21.907007923411399 0.077542764558796551 21.907007923411399 7994.670734144971 709.68343553719149
decision_type=8 10 8 10 2 2 10 2 2 8 2 10 10 8
left_child=4 -2 -3 -4 5 6 9 12 -5 -1 -8 -7 13 -6
right_child=1 2 3 8 7 11 10 -9 -10 -11 -12 -13 -14 -15
leaf_value=0.0081261125180616608 0.027209417791476811 -0.030792441371917025 0.032354600540619172 -0.029361188883180778 0.015223069933262818 -0.016396540719510185 -0.022598268765392594 -0.022336186371011979 0.012660684238125023 -0.045974482693371337 0.01461639277912056 0.016664264140669259 0.019408410850648344 -0.026108005509472607
leaf_weight=3.2916247707325992 39.557105021551251 9.4690552394604293 12.053884484455919 10.897154352627696 26.345507971011102 11.451082510757258 10.437128178251443 13.965926359407602 11.79440166056156 24.994805243099108 13.527355980128048 23.052535997587256 47.624764470849186 17.050225390237756
leaf_count=29 213 897 52 103 196 319 35 56 24 691 36 354 117 213
internal_value=0.00132532 0.0119912 -0.00300514 0.00748868 -0.00352091 -0.0129904 -0.0242733 0.00453896 -0.00917719 -0.039404 -0.00269465 0.00500547 0.00961097 -0.00203556
internal_weight=275.513 83.7716 44.2145 34.7454 191.741 86.7545 52.2509 104.986 22.6916 28.2864 23.9645 34.5036 91.0205 43.3957
internal_count=3335 1289 1076 179 2046 1464 791 582 127 720 71 673 526 409
is_linear=0
shrinkage=0.05


Tree=134
num_leaves=15
num_cat=0
split_feature=10 7 24 8 30 32 42 44 4 33 5 55 50 54
split_gain=5.47025 7.52687 7.0574 6.69581 7.41738 6.61899 8.16679 5.60017 5.45222 8.25106 4.67464 3.45436 3.44617 3.40705
threshold=87.500000000000014 265.50000000000006 4.1510089048756029 20.500000000000004 162.50000000000003 30.956171183116513 114.73500000000001 2.3016474169367203 6.4049762630266009 17.970425814187369 50.000000710110108 1.1180710568451759e-07 0.10310928212162783 -0.43043163580101912
decision_type=10 10 2 10 10 2 10 2 10 2 10 2 2 2
left_child=2 -2 3 8 11 -3 -7 -6 9 -1 12 -5 -10 -9
right_child=1 5 -4 4 7 6 -8 13 10 -11 -12 -13 -14 -15
leaf_value=0.008302143738337691 -0.041008314288831615 -0.026507666589160001 0.025054882397685486 -0.041823148023018314 0.021968007509818512 0.021669210418694712 -0.019480318923584213 0.0031997077285302235 -0.016838711785698984 -0.03318845590681517 -0.023317267874584661 0.0093806148731805459 0.019848064063404443 -0.038063709887664922
leaf_weight=29.111377070425078 11.268237292766569 14.811136007308958 30.854882106184959 16.419383881380785 13.226615218678491 29.50108377635479 13.925632428377865 9.0638156377244723 3.2485991750145322 13.788485887751447 3.4702466055750838 1.990515763987786 71.785286926198751 4.5210675392299882
leaf_count=785 43 45 68 455 43 59 48 69 195 926 17 21 468 49
internal_value=0.000680239 -0.0109165 0.00493066 0.000582792 -0.0148792 -0.00231211 0.00782489 0.00260897 0.00670293 -0.00710573 0.0142225 -0.0354658 0.017307 -0.0170788
internal_weight=266.986 69.5061 197.48 166.625 45.2214 58.2379 43.4267 26.8115 121.404 42.8999 78.5041 18.4099 75.0339 13.5849
internal_count=3291 195 3096 3028 637 152 107 161 2391 1711 680 476 663 118
is_linear=0
shrinkage=0.05


Tree=135
num_leaves=15
num_cat=0
split_feature=29 20 20 11 43 62 4 21 3 4 15 59 0 21
split_gain=8.13211 8.07673 5.66589 7.43168 5.16741 4.29716 5.56248 8.73502 6.23167 10.6977 5.28246 3.88768 4.56391 4.60775
threshold=8315.0137478371034 191.96525416537835 734.77403256980926 2526.3652703577877 25.234757870561225 1.4058823529411766 18.974953940850956 38.686127669490041 120.50000000000001 22.876336434308204 507.00000000000006 0.00014189490877786261 16344.500000000002 14.496653812278689
decision_type=10 8 10 10 10 2 10 8 10 10 10 2 10 8
left_child=1 4 -3 -4 -1 11 7 10 9 -8 -7 -5 13 -13
right_child=-2 2 3 5 -6 6 8 -9 -10 -11 -12 12 -14 -15
leaf_value=0.014858140955903806 -0.034868932726223566 0.018807398754416144 -0.027423217090931887 0.027287521266336347 -0.021279228230175067 -0.018181571232287072 0.020111998269746335 -0.046183583227377784 0.028361130939451591 -0.037731759000175988 0.02079495436495532 -0.031948595256972218 0.023704676486765872 0.017642432180397599
leaf_weight=8.8229918864089978 9.682219021022318 69.755243609717581 14.228407152171711 28.205797691363841 40.045823997701518 11.876085992902519 12.822138622403147 9.4770188927650434 18.726659804582596 9.7065908387303335 12.988581895828245 8.7555703113321215 6.3047121176496139 3.242715612053872
leaf_count=426 44 999 604 96 702 40 26 38 36 36 25 195 30 7
internal_value=0.0013672 0.00338748 0.00773966 0.00161185 -0.0139813 0.00594083 -0.00154986 -0.0152856 0.0103004 -0.00713679 0.00225142 0.017085 -0.00111896 -0.0172988
internal_weight=264.641 254.958 206.09 136.334 48.8688 122.106 75.5971 34.3417 41.2554 22.5287 24.8647 46.5088 18.303 11.9983
internal_count=3304 3260 2132 1133 1128 529 201 103 98 62 65 328 232 202
is_linear=0
shrinkage=0.05


Tree=136
num_leaves=15
num_cat=0
split_feature=63 12 11 36 59 59 10 2 25 29 67 1 53 67
split_gain=6.29883 9.71148 10.0026 8.14124 7.09016 8.23316 6.2948 6.75663 8.35484 5.17892 5.96608 4.47654 4.41604 5.80702
threshold=0.0067923558337026086 1717.1347884452387 49.613021734281865 0.18801229508196723 0.00012650593001942262 0.003056782695926919 325.50000000000006 3370.3249233950992 0.83103294237471481 7754.9252754608415 0.23626211320669505 73.000000000000014 2.1567943709249578e-08 0.05507765095410886
decision_type=2 8 10 2 2 2 8 10 2 10 2 10 2 2
left_child=1 2 -1 -2 9 -6 7 11 -9 10 12 -4 13 -3
right_child=3 4 6 -5 5 -7 -8 8 -10 -11 -12 -13 -14 -15
leaf_value=0.014050639669194646 -0.018099275946013352 -0.0062630165300751484 -0.050974520625467083 0.029009841829386623 -0.038144093409322719 0.0093015491327469915 0.018727432161203091 -0.029883855921978078 0.018583894864726166 -0.020667714495345466 -0.015551019506081962 0.0077308338714034142 0.027570862225769904 0.023338103331191389
leaf_weight=15.670958823990075 8.8638998933602107 36.366002865717746 27.746492932667028 27.724813166249078 15.092609139450362 13.865394054446368 3.716547642950899 15.975873403251173 11.029088802635668 9.4012031555175763 13.693523135967551 2.2605552302557035 40.58244314789772 23.206043116748333
leaf_count=496 642 451 824 196 117 73 136 66 22 35 66 88 96 62
internal_value=-0.00115954 -0.00433086 -0.0182849 0.0167934 0.00303209 -0.017402 -0.0270632 -0.0313175 -0.0102783 0.00832445 0.0114873 -0.0460795 0.0157478 0.00618224
internal_weight=265.195 228.607 76.3995 36.5887 152.207 28.958 60.7286 57.012 27.005 123.249 113.848 30.007 100.154 59.572
internal_count=3370 2532 1632 838 900 190 1136 1000 88 710 675 912 609 513
is_linear=0
shrinkage=0.05


Tree=137
num_leaves=15
num_cat=0
split_feature=0 0 2 5 67 29 0 67 14 59 67 28 32 27
split_gain=4.32564 7.85134 5.8213 4.91459 4.64062 4.97072 4.57459 5.6125 6.24007 4.79223 4.0628 3.50073 3.44132 6.10615
threshold=16344.500000000002 4624.0000000000009 3030.4665813377073 50.000000710110108 0.28198434577564346 8833.2854784032988 427.50000000000006 0.079766940346097021 40.581811539269374 1.0000000180025095e-35 0.0038722198562544208 0.39860572602451877 41.749432717536926 0.72086327703916642
decision_type=8 10 10 10 2 8 10 2 8 2 2 2 2 2
left_child=1 2 6 4 5 12 7 10 11 -8 -1 -9 13 -4
right_child=-2 -3 3 -5 -6 -7 9 8 -10 -11 -12 -13 -14 -15
leaf_value=-0.0072363396277044696 0.018599406288157035 -0.040373710838923528 -0.0067462230525896262 -0.020404530388399053 -0.016258730109156735 -0.014920178610747851 0.027718273186582761 -0.036920601819266041 0.024362096357203201 -0.022963817837193756 -0.045730493246831053 0.011504539925100711 0.021574471448079748 0.022371785136472186
leaf_weight=14.448347101453693 32.771678282239009 6.2862833557883269 39.622137463651597 10.576251573860644 12.02523530134931 11.960836367681621 9.2721705304575135 5.5245589350815845 10.567822474171409 2.526680458104237 13.505885730090084 2.8657331392168999 73.518690545344725 25.649827610701323
leaf_count=874 214 275 136 32 56 45 154 287 51 401 536 11 189 56
internal_value=0.00287826 0.000378963 0.00231115 0.00690185 0.00923127 0.0117212 -0.0107214 -0.0174493 0.00338855 0.0132603 -0.0299512 -0.022261 0.0144562 0.00547388
internal_weight=271.122 238.35 232.064 173.353 162.777 150.751 58.7112 46.9123 18.9581 11.7989 27.9542 8.39029 138.791 65.272
internal_count=3317 3103 2828 514 482 426 2314 1759 349 555 1410 298 381 192
is_linear=0
shrinkage=0.05


Tree=138
num_leaves=15
num_cat=0
split_feature=0 65 59 14 5 14 27 5 67 58 11 4 53 33
split_gain=6.31325 9.85612 6.0045 5.75767 7.64131 6.97652 5.57618 6.0205 5.45196 5.36101 4.88609 5.40394 6.25918 4.85539
threshold=5.5000000000000009 1.3593908786435631 1.0000000180025095e-35 3.7732697086104747 6.6564296604915016 -3.1931595142126201 0.6876701451905628 8.8580603256950514 0.27270127079511236 0.56095812875373074 470.96741604280123 1.3001327039152002 5.0203594857374287e-08 49.589705170526379
decision_type=8 2 2 8 8 10 2 10 2 2 8 8 2 2
left_child=1 2 3 4 -1 -6 7 -4 10 -3 11 -2 -13 -10
right_child=8 9 6 -5 5 -7 -8 -9 13 -11 -12 12 -14 -15
leaf_value=0.023247425932256399 0.018507332384588359 -0.042718006822932177 -0.045368295077494555 0.024123095749723728 0.010005026103024358 -0.044630278809174688 0.0071621147936915368 0.01442092239545293 -0.031016485553840581 0.0017379890314462864 0.018214141356305551 -0.036068610475907641 0.016103483226971402 0.012624339883554736
leaf_weight=9.7411950383102504 10.742486576200465 16.998892694711689 11.068127789942084 34.110840064589866 7.361573695670816 9.1682487931102532 14.332482006400822 3.0281779691576949 9.8075058687245491 9.2566713467240316 107.47828980640043 11.745148403919304 5.2222830373793832 7.4640211527585043
leaf_count=66 301 71 428 232 53 141 61 4 131 22 1093 606 19 47
internal_value=0.00362004 -0.00509889 0.00322742 0.0118919 -0.00530716 -0.0236256 -0.0142018 -0.0321114 0.0101535 -0.0292739 0.0135581 -0.00452488 -0.0200005 -0.0135566
internal_weight=267.526 115.066 88.8106 60.3819 26.271 16.5298 28.4288 14.0963 152.46 26.2556 135.188 27.7099 16.9674 17.2715
internal_count=3275 1078 985 492 260 194 493 432 2197 93 2019 926 625 178
is_linear=0
shrinkage=0.05


Tree=139
num_leaves=15
num_cat=0
split_feature=54 13 55 59 41 55 63 27 58 54 5 33 55 55
split_gain=4.00003 6.84217 4.85974 5.55611 6.97838 5.54049 5.12546 4.26105 5.34166 6.53007 4.23115 7.21229 4.71483 4.18204
threshold=-0.0057632845770453599 0.97486764910543733 8.4409176512487238e-09 0.0022741059297964558 1.4455000000000002 7.8119283365919987e-10 -0.032272075760742723 0.82725464190981446 0.50636206050677757 0.40263653814646788 1.4876100000000002e-10 38.317816169874554 7.0020047722295341e-08 -9.6942072252899542e-09
decision_type=2 8 2 2 10 2 2 2 2 2 10 2 2 2
left_child=10 -2 5 4 -4 6 -3 8 9 13 11 -1 -13 -8
right_child=1 2 3 -5 -6 -7 7 -9 -10 -11 -12 12 -14 -15
leaf_value=-0.02590208561480746 -0.035471783360497014 -0.02325474221333625 0.0070687178829671078 0.0084238496162177424 -0.041221675419270389 0.027580822874847546 0.016160881450944242 0.026431355263030577 0.022596097570465372 -0.031067124141403019 0.028491426590923054 0.01907442352775383 -0.024506737556951631 -0.0073217190557186215
leaf_weight=11.315331133897415 9.4309986111475137 14.407457262277601 9.2928450554609316 15.556037358939646 17.426439734175801 17.373503255425021 25.92692885058932 13.61457332735881 16.715211868286133 14.009514504927209 19.190361134475097 34.789953601895832 2.9372585821547537 44.19548758759629
leaf_count=390 749 42 28 36 70 45 93 27 37 88 111 952 69 565
internal_value=0.00135115 -0.00228956 0.000244056 -0.0137548 -0.0259597 0.00461174 0.000600676 0.00445103 0.000375249 -0.00505947 0.0113483 0.00262484 0.0132106 0.00185845
internal_weight=266.182 197.949 188.518 42.2753 26.7193 146.243 128.869 114.462 100.847 84.1319 68.2329 49.0425 37.7272 70.1224
internal_count=3302 1780 1031 134 98 897 852 810 783 746 1522 1411 1021 658
is_linear=0
shrinkage=0.05


Tree=140
num_leaves=15
num_cat=0
split_feature=14 29 5 1 5 58 63 59 41 5 11 58 41 42
split_gain=5.64464 8.00162 7.90887 6.65675 6.3207 6.14858 4.74715 4.31785 10.9128 7.45255 4.7691 3.96623 3.9019 3.84646
threshold=8.8127816659523113 6702.0181114857651 19.491028859058353 1.5000000000000002 8.6984463172807516 0.15427507975752627 -0.0024385838553345409 -0.00032107042027587797 1.9020000000000001 8.9685058925466503 470.96741604280123 0.27051599315363101 1.3090000000000004 266.99000000000007
decision_type=8 8 10 8 10 2 2 2 10 8 10 2 10 10
left_child=1 5 3 4 6 -1 -2 11 10 -10 -9 -5 -3 -11
right_child=2 12 -4 7 -6 -7 -8 8 9 13 -12 -13 -14 -15
leaf_value=0.0013679260477549864 -0.053748912957875677 0.0022598707624977492 -0.037381476242371869 0.033510015810127171 0.01706302510754254 -0.03828358189646637 0.0053806701606689857 -0.0018296933916856651 0.016076621353741962 -0.052842689150256611 0.02731533788638519 0.0056378131506318839 -0.050406826159364218 0.0066570508377821053
leaf_weight=98.957240559859201 5.7932333871722212 4.0952998705906785 4.7872644662857047 31.3494949915912 5.0425362214446059 5.8144039548933497 3.7334781335666767 22.905466706375591 4.6060138935572468 9.5170129412435944 28.981163836258929 23.349388286471367 9.5089812482474354 2.0796615131548597
leaf_count=1957 30 23 24 85 9 29 73 393 33 291 102 74 99 87
internal_value=-7.81544e-05 -0.00796432 0.00653679 0.00932664 -0.018487 -0.00247612 -0.0367002 0.013221 0.00426317 -0.0266738 0.0154192 0.0230808 -0.0382061 -0.0433815
internal_weight=260.521 118.376 142.145 137.357 14.5692 104.772 9.52671 122.788 68.0893 16.2027 51.8866 54.6989 13.6043 11.5967
internal_count=3309 2108 1201 1177 112 1986 103 1065 906 411 495 159 122 378
is_linear=0
shrinkage=0.05


Tree=141
num_leaves=15
num_cat=0
split_feature=25 63 42 26 4 37 67 53 4 4 36 67 0 36
split_gain=4.22578 4.87266 5.47004 6.37168 10.1809 7.7032 7.50675 7.46939 7.10351 7.95391 5.15045 4.30443 3.95584 3.69556
threshold=0.025824222460025675 0.0052926905722040238 381.34000000000009 5.2948676166776734 24.137193161244753 0.76533166458072599 0.60979054909898978 1.2727811035957529e-07 18.974953940850956 8.2222775770985042 0.18079673135852914 0.028366749678979241 108.00000000000001 0.21644630367503007
decision_type=2 2 10 2 8 2 2 2 10 10 2 2 10 2
left_child=-1 2 3 4 8 6 7 -6 9 12 -3 -11 -2 -13
right_child=1 10 -4 -5 5 -7 -8 -9 -10 11 -12 13 -14 -15
leaf_value=0.014996985620122605 -0.0081393332824215604 -0.013314317708773088 0.022660962369745786 0.0097072936777319388 -0.060528996909828083 0.0077831890648937703 0.014726009098104516 0.00029414440985869102 0.016793503654174299 0.0012524587557055475 0.024506996815036375 -0.0049223735683962856 0.020094781509319298 -0.054333243230949152
leaf_weight=36.323657715227455 32.531837345391978 9.1999977898085472 10.979937434429301 36.001569643616676 22.817136602010585 7.9130685528507447 2.9759503712411961 6.1077235788106909 25.962287106085569 7.264394762809391 24.559555204235949 6.266973091929688 13.553628283319993 11.893470127019098
leaf_count=164 649 690 68 107 675 38 11 15 68 46 235 63 375 62
internal_value=0.000316314 -0.00241089 -0.00566946 -0.00804971 -0.0128837 -0.0326354 -0.0423574 -0.0495352 -0.00361721 -0.0116406 0.0138121 -0.0314867 0.00131832 -0.0420258
internal_weight=254.351 218.028 184.268 173.288 137.286 39.8139 31.9008 28.9249 97.4726 71.5103 33.7596 25.4248 46.0855 18.1604
internal_count=3266 3102 2177 2109 2002 739 701 690 1263 1195 925 171 1024 125
is_linear=0
shrinkage=0.05


Tree=142
num_leaves=15
num_cat=0
split_feature=55 13 7 14 5 9 11 11 37 5 8 5 2 62
split_gain=5.8303 4.14463 7.29594 10.0842 7.72264 6.95315 7.6449 7.44002 5.09334 6.70664 6.72938 4.91232 4.38095 6.65378
threshold=-1.5057393197621137e-06 18.115662035648693 108.50000000000001 -27.238435602329893 50.000000710110108 61.500000000000007 665.79141271554442 513.0688846897599 0.75373754152823935 4.0883122959872011 148.50000000000003 2.4073433902327506 3834.9089733307164 -0.61204013377926414
decision_type=2 10 10 10 8 10 10 10 2 10 8 10 8 2
left_child=-1 2 4 -4 11 6 7 12 9 -3 -11 -2 13 -6
right_child=1 8 3 -5 5 -7 -8 -9 -10 10 -12 -13 -14 -15
leaf_value=-0.038047835964316906 -0.0087835824025960761 0.0094523141885532545 0.009022305815647334 -0.046253589941132975 0.014694809095067313 0.020083208436282234 -0.04642519925138322 0.028459398268938375 0.031023958857374398 -0.041481313758907477 0.0084142775156636415 0.029612321932273939 0.0042534404699680096 -0.039478857946497928
leaf_weight=4.462624453008174 8.8294035864528251 93.870903531613294 11.425807120278479 15.639348987024276 4.7115002851351191 13.54901063046418 9.8691698782495205 8.3718546848976967 15.64035941660404 9.757564455270769 9.8816476464271528 25.560355562018231 17.191442131996155 16.812129694386385
leaf_count=26 409 355 53 95 216 56 800 117 26 41 23 95 31 1006
internal_value=0.0005312 0.00189305 -0.00426547 -0.0251502 0.00202236 -0.0074332 -0.0150715 -0.00467419 0.00810999 0.00377701 -0.019763 0.0198907 -0.0142747 -0.0270856
internal_weight=265.573 261.11 131.96 27.0652 104.895 70.5051 56.9561 47.0869 129.15 113.51 19.6392 34.3898 38.7151 21.5236
internal_count=3349 3323 2878 148 2730 2226 2170 1370 445 419 64 504 1253 1222
is_linear=0
shrinkage=0.05


Tree=143
num_leaves=15
num_cat=0
split_feature=25 55 43 67 25 41 59 3 42 14 41 14 14 65
split_gain=6.16358 4.35462 3.78632 3.34593 8.77076 8.98163 5.19086 4.38783 4.98239 6.23326 4.29893 4.16982 3.8813 3.85839
threshold=0.032108703545687685 -1.1756214766593064e-07 1240.6449823724563 0.041126330015726402 0.83103294237471481 1.4295000000000002 0.00039868152937414685 23.500000000000004 253.64500000000001 -35.151671521549126 1.3265000000000002 13.172475709644326 15.335401079254911 1.7008219348886429
decision_type=2 2 8 2 2 10 2 10 10 10 10 8 8 2
left_child=2 -2 -1 4 5 -3 12 8 9 -5 -11 -12 -6 -9
right_child=1 3 -4 7 6 -7 -8 13 -10 10 11 -13 -14 -15
leaf_value=-0.011227260603181785 -0.023623731841622933 0.0054930393369273852 0.023498698593568935 0.010639852977217682 0.013040856362790116 -0.062422080602120636 -0.038463275052622377 0.016664312777154838 0.020554234228128465 0.014167933735702992 -0.045970703231984336 -0.0014217732281416363 -0.014774192434817241 -0.0063417348767110032
leaf_weight=6.8082496460992834 20.48318157508038 6.5234757587313643 30.716327986679971 12.325389709789304 39.051863732165657 8.2160227128770185 2.6317472222144707 57.057653322815895 7.4034289669361888 2.5753193572163608 15.884031586581839 7.4550492204725769 12.880509093985891 22.6773496940732
leaf_count=69 86 17 105 184 874 71 218 129 168 5 674 22 605 67
internal_value=-0.000825538 -0.00417617 0.0166189 -0.00158972 -0.0100252 -0.0385862 0.00028141 0.00327872 -0.00851353 -0.0158672 -0.0281563 -0.0345022 0.0054504 0.0101331
internal_weight=252.69 215.165 37.5246 194.682 69.3036 14.7395 54.5641 125.378 45.6432 38.2398 25.9144 23.3391 51.9324 79.735
internal_count=3294 3120 174 3034 1785 88 1697 1249 1053 885 701 696 1479 196
is_linear=0
shrinkage=0.05


Tree=144
num_leaves=15
num_cat=0
split_feature=63 58 41 18 29 53 65 58 34 59 30 34 59 26
split_gain=4.05319 5.37679 4.73911 4.59834 4.51649 6.71789 9.01263 9.8798 7.64381 4.51137 4.77297 4.19818 5.13392 6.28139
threshold=-0.0012600331457029181 0.084503497383895967 1.7335000000000003 1184.5000000000002 7754.9252754608415 6.933371198815278e-08 1.4103168605658352 0.50636206050677757 5.0000491137441507 -3.3501411914143131e-05 252.00000000000003 11.288745083618137 0.00022956548794583062 0.45368111206814277
decision_type=2 2 10 8 10 2 2 2 2 2 10 2 2 2
left_child=3 2 -2 4 5 6 8 -8 -1 -4 -11 -10 -13 -14
right_child=1 -3 9 -5 -6 -7 7 -9 11 10 -12 12 13 -15
leaf_value=-0.036992264271960826 0.011213003124047492 0.025675123685763024 0.012977317754729063 0.024584829544177768 -0.034464223393813408 0.017017879655671402 -0.058935310283372205 0.002735471338813673 0.018920846468015937 -0.037361719252519118 0.0053233300725487242 0.0051536212476813951 0.014282295517871156 -0.044259119599706964
leaf_weight=7.8289484964916474 47.217119142529555 28.827056393492967 8.8708712529041822 8.6226500228513014 7.6633633375167838 27.788042262196541 11.030772665748374 10.203368604183195 26.650272634811699 13.637058187334334 8.380355464294551 42.283939290151466 4.0109242865582919 8.4069293793290836
leaf_count=93 595 72 116 42 36 66 61 25 70 1508 41 416 57 84
internal_value=0.00174722 0.00901389 0.00168982 -0.00340744 -0.0058221 -0.00308602 -0.0086636 -0.034428 -0.00102696 -0.0124018 -0.0231364 0.00437571 -0.00370171 -0.0266785
internal_weight=261.422 106.932 78.1054 154.489 145.867 138.203 110.415 21.2341 89.181 30.8883 22.0174 81.3521 54.7018 12.4179
internal_count=3282 2332 2260 950 908 872 806 86 720 1665 1549 627 557 141
is_linear=0
shrinkage=0.05


Tree=145
num_leaves=15
num_cat=0
split_feature=63 55 63 27 55 27 13 53 7 0 53 29 11 42
split_gain=6.83837 8.65866 5.72798 6.39241 7.96716 8.64043 9.48038 7.24933 5.68689 4.37803 3.94991 3.50099 3.14685 3.08458
threshold=-0.0075880281056202835 -1.1756214766593064e-07 -0.04068915278600603 0.80366743471582192 -6.5788849682481275e-08 0.66698352344740186 38.686127669490041 2.0307824975169821e-08 13.500000000000002 553.50000000000011 2.3962250698135944e-08 8315.0137478371034 253.79504257806133 431.93000000000006
decision_type=2 2 2 2 2 2 8 2 8 10 2 10 8 10
left_child=1 -1 -3 4 -4 6 9 -7 10 -6 13 12 -10 -2
right_child=8 2 3 -5 5 7 -8 -9 11 -11 -12 -13 -14 -15
leaf_value=-0.040851865204189063 -0.021650847994766662 0.020273144578559756 0.015840993147914473 0.018378782319403267 0.019156207984529189 -0.067096303107884392 -0.038192094097448129 -0.0063105182125709055 -0.016979399229062771 -0.018829009145173076 0.019822988211476059 -0.01159386193895944 0.018097375158291209 0.014318913924561109
leaf_weight=12.90494403708726 26.907589769572954 16.688029557350092 13.629922764375804 13.873954234644769 21.867770912591379 10.198370727011936 10.631506093079215 8.92754292860627 3.0255770082585505 6.0806411505327551 5.3208897262811652 9.2475790679454786 90.649406329961494 3.6732493445742866
leaf_count=56 1766 54 39 34 165 62 48 26 106 100 20 41 691 78
internal_value=7.40019e-05 -0.00875078 -0.00296467 -0.00838713 -0.0144556 -0.0223041 -0.00667631 -0.045911 0.00742229 0.00928868 -0.00885156 0.0132461 0.0161615 -0.0159253
internal_weight=253.627 114.803 101.898 85.2097 71.3358 57.7058 38.5799 19.1259 138.824 27.9484 35.9017 102.923 93.675 30.5808
internal_count=3286 584 528 474 440 401 313 88 2702 265 1864 838 797 1844
is_linear=0
shrinkage=0.05


Tree=146
num_leaves=15
num_cat=0
split_feature=20 7 67 0 0 42 63 21 53 21 27 2 5 33
split_gain=4.80199 5.9262 4.69852 6.60531 7.23369 5.82839 6.88367 6.64626 5.18394 5.08598 5.96913 5.45918 6.67469 7.60244
threshold=18776.547192538197 580.50000000000011 0.17375084341836838 534.50000000000011 323.00000000000006 96.595000000000013 -0.0087439237544862467 -35.081198342918832 3.4797744165029536e-08 24.168966116567557 0.73370786516853947 8995.2068514034108 6.2495045888020506 17.970425814187369
decision_type=8 8 2 10 10 10 2 8 2 8 2 10 10 2
left_child=1 2 3 4 8 -4 -7 -8 9 11 -11 12 13 -1
right_child=-2 -3 5 -5 -6 6 7 -9 -10 10 -12 -13 -14 -15
leaf_value=0.0072764527374152791 0.010957745184209486 -0.039891269979692313 0.021909823216866173 -0.039686280671840657 0.028594872234879706 -0.035626521954143606 -0.02823928033998728 0.025993793300855689 0.0069902566553249447 -0.059421364852989801 -0.0029555460373825938 0.023951151386512701 0.012601516942899078 -0.040360319490666395
leaf_weight=10.549730262602681 62.546862665098161 6.192462886683642 31.822947944863699 9.3930103477905487 10.528868079301899 8.2578855318715814 3.5537834310671315 13.037300788098948 34.987601093947887 7.1463297641021191 8.5130971911130455 7.3028942942619315 13.577420681482179 20.152080996369477
leaf_count=382 500 25 189 753 148 87 179 59 99 108 35 13 33 709
internal_value=-0.000503304 -0.00456425 -0.00228913 -0.00772744 -0.00349316 0.0091088 -0.0082089 0.0105277 -0.00797725 -0.01571 -0.0368689 -0.0065962 -0.0135533 -0.0252648
internal_weight=247.562 185.015 178.823 122.151 112.758 56.6719 24.849 16.5911 102.229 67.2416 15.6594 51.5821 44.2792 30.7018
internal_count=3319 2819 2794 2280 1527 514 325 238 1379 1280 143 1137 1124 1091
is_linear=0
shrinkage=0.05


Tree=147
num_leaves=15
num_cat=0
split_feature=36 0 54 58 67 1 66 37 14 55 67 1 56 0
split_gain=5.27913 5.8327 3.52013 8.2377 3.31261 5.89343 5.99789 6.34443 5.29329 4.59742 4.33293 5.34335 4.77224 3.82186
threshold=0.79246478073165194 18.500000000000004 0.60642193682256951 0.44264469356273778 0.10478018689943464 183.00000000000003 0.97555100310372678 0.46894290123456794 15.335401079254911 1.6786655847013445e-08 0.17375084341836838 1.5000000000000002 0.63371809205246832 427.50000000000006
decision_type=2 8 2 2 2 8 2 2 8 2 2 8 2 10
left_child=2 -2 4 -4 5 6 -1 -8 10 13 11 -6 -12 -7
right_child=1 -3 3 -5 8 9 7 -9 -10 -11 12 -13 -14 -15
leaf_value=0.0066286642084622581 -0.043657774723254592 0.0090011306089638199 -0.036899475361950616 0.010854842454128349 0.01717758915523512 0.0049135859548607285 0.005183985084712908 -0.056959296528401718 0.02779562611163941 -0.021736057238259492 0.018074556727098717 -0.036730162295847017 -0.024101377436271221 0.031235737563869437
leaf_weight=11.194085235241801 7.7401946756290245 6.5175070476252595 11.597782993689181 16.109618484973907 3.5296105489833254 90.271290294418577 4.9693086770130321 7.4925653714453802 32.281160416838247 8.6542487361002696 30.343008885567542 7.75399109045975 3.7385167937027282 11.946004766970871
leaf_count=444 60 31 73 45 26 1287 157 263 128 46 253 206 132 127
internal_value=0.00175497 -0.0234991 0.00370514 -0.0117193 0.00594283 0.00106153 -0.0192819 -0.0377902 0.0138241 0.00604683 0.00210981 -0.0197707 0.0109566 0.00930302
internal_weight=254.139 14.2577 239.881 27.7074 212.174 134.528 23.656 12.4619 77.6463 110.872 45.3651 11.2836 34.0815 102.217
internal_count=3278 91 3187 118 3069 2324 864 420 745 1460 617 232 385 1414
is_linear=0
shrinkage=0.05


Tree=148
num_leaves=15
num_cat=0
split_feature=9 32 37 7 32 20 20 5 33 5 41 2 25 4
split_gain=5.6025 7.2926 7.85395 6.31831 5.26634 3.73883 8.46327 5.65185 4.83796 4.27423 4.05536 5.96722 3.73512 3.59467
threshold=118.50000000000001 48.060974969002103 0.39810320028766638 265.50000000000006 30.956171183116513 191.96525416537835 32.215600256660473 15.171698059412558 48.78188143756978 9.0234912489708012 2.7450000000000006 4224.4555943753739 1.018126405497928 1.0476568145198504
decision_type=8 2 2 10 2 8 10 10 2 10 10 10 2 10
left_child=5 2 -2 -4 -5 6 9 -8 12 13 11 -10 -7 -1
right_child=1 -3 3 4 -6 8 7 -9 10 -11 -12 -13 -14 -15
leaf_value=-0.01621510374138246 -0.038898182509227802 0.012433592997976072 -0.030532325584138743 -0.016471283814549754 0.01745015292720966 0.02592893796823666 -0.044432212737311641 0.013701333949501624 -0.023495511146284426 -0.02384904684818966 0.02102353842522578 0.010499937778220553 -0.010583608658708376 0.021780166373990079
leaf_weight=3.859440624597485 21.103794812224805 26.134399380534887 11.795976726338266 13.276028133928774 26.473959624767303 46.65541182574816 11.193809457763562 3.0187624841928473 20.883892311860109 3.8645384088158599 12.823683304595759 21.51471536885947 5.3328395254211491 27.36940935999155
leaf_count=374 120 82 45 35 64 168 529 6 1021 16 164 55 470 171
internal_value=0.000470064 -0.00860345 -0.0164845 -0.00467981 0.00554628 0.0062858 -0.00478245 -0.0317323 0.0113624 0.00872821 0.000746642 -0.00695701 0.0215836 0.0154947
internal_weight=255.301 98.7842 72.6498 51.546 39.75 156.517 49.306 14.2126 107.211 35.0934 55.2223 42.3986 51.9883 31.2288
internal_count=3320 346 264 144 99 2974 1096 535 1878 561 1240 1076 638 545
is_linear=0
shrinkage=0.05


Tree=149
num_leaves=15
num_cat=0
split_feature=42 42 0 63 60 36 26 26 55 61 5 28 28 48
split_gain=4.50309 6.29501 6.68091 6.14092 5.94094 5.49119 6.54826 4.94542 7.4109 9.99991 4.25582 3.60656 5.15836 4.65838
threshold=381.34000000000009 96.595000000000013 79.500000000000014 -0.022767527085396727 0.059999442915528896 0.33415435139573074 1.1162569738325365 1.0070488003411333 -9.6942072252899542e-09 0.025956913316821838 19.491028859058353 0.9106287986307926 0.49943608854540827 1.0000000180025095e-35
decision_type=10 10 10 2 2 2 2 2 2 2 8 2 2 2
left_child=1 4 5 -4 7 -3 10 11 -9 -10 -7 12 -1 -14
right_child=-2 2 3 -5 -6 6 -8 8 9 -11 -12 -13 13 -15
leaf_value=0.0080054668698377358 0.024979237695996508 -0.040562311957471758 -0.02863228576694446 0.013499424401620245 0.020393037974797384 0.0060701834058409709 0.017171659472755355 0.0080326168823971304 -0.051490935360827952 0.0071727096652991684 -0.047863352084155167 0.026677941849322914 -0.032484612534573111 0.013159664720922707
leaf_weight=63.358885160181671 12.880550861242225 20.582216290698852 6.5797306454041964 29.598612443282036 38.456085780519061 4.2573312632739544 11.811416371143421 19.798471942543983 14.017603183165194 9.9921877160668355 4.7232935561332869 11.965659471461548 12.601554942666555 4.9186687434557816
leaf_count=1352 109 397 71 843 142 25 27 50 54 21 70 53 94 31
internal_value=0.000725429 -0.000971753 -0.0123883 0.00329074 0.00428795 -0.0249748 -0.0046726 -0.000804096 -0.0137785 -0.0300485 -0.0292688 0.00570905 0.00123419 -0.0195936
internal_weight=265.542 252.662 77.5526 36.1783 175.109 41.3743 20.792 136.653 43.8083 24.0098 8.98062 92.8448 80.8791 17.5202
internal_count=3339 3230 1433 914 1797 519 122 1655 125 75 95 1530 1477 125
is_linear=0
shrinkage=0.05


Tree=150
num_leaves=15
num_cat=0
split_feature=42 63 67 67 1 53 38 14 65 5 50 17 14 63
split_gain=5.36718 6.39069 7.0299 5.30873 9.19748 8.42598 7.37422 6.75228 5.81228 4.69173 3.98903 3.67765 3.5149 3.31835
threshold=96.595000000000013 -0.0043744426209017988 0.068267192593561996 0.079766940346097021 20.500000000000004 9.1173440395354253e-09 365.65802071669719 -0.61114941328216266 1.6253374984991256 0.4127801939633074 0.10310928212162783 32.500000000000007 48.952800298742716 -0.014262671892333767
decision_type=8 2 2 2 8 2 2 8 2 8 2 10 10 2
left_child=3 2 -2 4 9 6 -6 -5 -9 -1 -11 -3 -4 -7
right_child=1 11 12 7 5 13 -8 8 -10 10 -12 -13 -14 -15
leaf_value=0.011394532138035074 0.0042705891636223969 -0.010631094812977684 -0.044484543075054339 -0.017533917016462296 -0.041426027208466318 0.00021385548607304162 0.0035024191261645954 0.030114239597270838 -0.0047827562405483928 0.0079095540650728491 -0.060552340123388643 0.012100594675805059 0.0014591274803596695 0.031158625332894652
leaf_weight=1.913498254609294 13.877929738373494 29.790620772255352 20.780298990430314 9.3941625718725827 9.1732721668668074 13.332410551607607 23.748706021171529 42.68917235720437 14.261503299698232 1.3122780882986242 6.7634367147693411 31.461887423472945 4.5941302180290213 20.112186245620251
leaf_count=44 110 1083 188 103 75 30 896 187 50 67 135 206 13 53
internal_value=-0.000696659 -0.0092968 -0.0237774 0.00547014 -0.00348679 0.00420266 -0.0128277 0.0153005 0.0216947 -0.0389347 -0.050657 0.00107691 -0.0372954 0.0204549
internal_weight=243.205 100.505 39.2524 142.701 76.3558 66.3666 32.922 66.3448 56.9507 9.98921 8.07571 61.2525 25.3744 33.4446
internal_count=3240 1600 311 1640 1300 1054 971 340 237 246 202 1289 201 83
is_linear=0
shrinkage=0.05


Tree=151
num_leaves=15
num_cat=0
split_feature=41 32 41 36 39 50 14 41 8 5 33 5 14 21
split_gain=3.9614 5.25248 4.823 3.62517 5.5015 6.23631 5.05664 5.41062 3.53929 2.70493 3.909 2.59223 3.05712 5.0928
threshold=2.0365000000000006 145.43942256537841 2.3085000000000004 0.33415435139573074 1.0000000180025095e-35 0.099879641546308226 27.554873857713318 2.5900000000000003 17.500000000000004 1.7509590166776265 14.667733315852884 2.3435685267142001 7.7035578941597027 24.168966116567557
decision_type=10 2 10 2 2 2 8 10 10 8 2 10 8 10
left_child=1 9 11 4 5 -4 -7 -8 -6 10 -1 12 13 -2
right_child=2 -3 3 -5 8 6 7 -9 -10 -11 -12 -13 -14 -15
leaf_value=0.014225394562851757 -0.034407640789944668 -0.025980413915473396 0.017963663507743529 0.018724184355639328 -0.017974852278092823 -0.037745809140881673 0.024602287942821321 -0.024175517723310697 0.024802067469534533 0.011111281438152071 -0.02817197589923073 0.0087326784854382354 -0.05038148928493888 0.016957126093991259
leaf_weight=5.8325778613798303 3.720238555688411 6.6173021690919986 7.4241260945564127 15.603797729825599 2.4947213418781784 19.226584195566829 6.5800846796482819 6.1724231346161105 14.091744492819997 144.69606045255205 6.8578935419209301 2.6049036767799398 6.0073283765814276 6.2009009644389153
leaf_count=234 296 134 68 70 192 263 29 75 257 1457 114 11 72 13
internal_value=0.00243655 0.00699114 -0.00578329 0.000628197 -0.00553657 -0.0152347 -0.0243287 0.000833542 0.0156949 0.0091347 -0.0101729 -0.0254219 -0.0317593 -0.00737931
internal_weight=254.131 164.004 90.1269 71.5935 55.9897 39.4032 31.9791 12.7525 16.5865 157.387 12.6905 18.5334 15.9285 9.92114
internal_count=3285 1939 1346 954 884 435 367 104 449 1805 348 392 381 309
is_linear=0
shrinkage=0.05


Tree=152
num_leaves=15
num_cat=0
split_feature=58 63 27 57 25 14 57 28 59 62 63 54 57 60
split_gain=4.94805 5.30479 5.7452 6.16504 4.56162 5.9668 3.83921 6.46371 10.7241 5.97487 5.9445 3.82587 3.76413 3.02249
threshold=-0.088687372701752462 -0.032272075760742723 0.75535741619470398 0.00026132006990761735 0.025824222460025675 194.6707590747138 0.0021517171114032066 0.37786413986515438 -0.00032107042027587797 -0.62731481481481477 -0.021088581083529932 0.053804430981458436 -0.00041337157742882898 0.19461343987484864
decision_type=2 2 2 2 2 8 2 2 2 2 2 2 2 2
left_child=-1 -2 4 11 -3 6 7 8 10 -10 -6 -4 -12 -11
right_child=1 2 3 -5 5 -7 -8 -9 9 13 12 -13 -14 -15
leaf_value=0.016214650448441777 -0.022952930858512747 0.012920453683432663 -0.026496071718623559 0.025600387033772494 0.024413361438609761 -0.032230920492533843 0.012771453548492932 0.013192118391635477 0.011517513977509504 -0.050447720681969177 0.017927841202175946 0.014891055731634243 -0.026007245009045644 0.0082873304627642166
leaf_weight=35.568200256879209 23.406254469417036 24.561736898031086 8.4015339581528661 31.979269878938794 12.866768090985717 17.71374484457192 22.573918828740716 19.691479343106039 3.2105005736812045 20.720689956040591 2.7989423426333824 5.3728877156972876 12.184696189244274 0.98604243248700996
leaf_count=777 88 95 88 72 29 732 57 109 211 869 23 12 114 2
internal_value=0.0002239 -0.00284907 0.000263312 0.0146996 -0.00489458 -0.00915941 -0.00346292 -0.0090185 -0.0177313 -0.0385523 0.00392931 -0.0106861 -0.015368 -0.0467276
internal_weight=242.037 206.468 183.062 45.7537 137.309 112.747 95.033 72.4591 52.7676 24.9172 27.8504 13.7744 14.9836 21.7067
internal_count=3278 2501 2413 172 2241 2146 1414 1357 1248 1082 166 100 137 871
is_linear=0
shrinkage=0.05


Tree=153
num_leaves=15
num_cat=0
split_feature=42 12 0 8 42 42 19 56 32 59 55 55 36 59
split_gain=5.21406 3.39829 8.31346 5.70233 4.79011 6.82951 4.92369 4.36648 3.93838 3.86878 9.33435 5.26691 6.30561 7.87727
threshold=7.535000000000001 15951.446521369351 13.500000000000002 224.50000000000003 31.395000000000003 48.13000000000001 1691.8454119338373 0.20027262170868312 93.642984162873816 0.0022741059297964558 9.2364118192005574e-09 7.8119283365919987e-10 0.58716819647730101 -0.0044220830456253813
decision_type=10 8 10 10 10 10 10 2 2 2 2 2 2 2
left_child=-1 2 3 7 -4 -6 8 9 -7 10 11 12 13 -2
right_child=1 -3 4 -5 5 6 -8 -9 -10 -11 -12 -13 -14 -15
leaf_value=-0.023437867788895832 0.0099071601464402782 0.014108016983845575 0.028295722481805969 -0.046103594541576691 -0.040496775893074627 -0.02970369757018447 0.01481818607801039 0.016444752561693927 0.013909783654042147 0.017036090121650353 -0.051498202220131441 0.018669857772833819 0.0060535917165524152 -0.046212049562692599
leaf_weight=15.074158572708255 6.9487470388412431 49.065782404737547 21.612409486435354 5.2839351166039696 3.1716069820104158 8.9685695247026143 51.069432969554327 13.209681807435116 4.515099794138222 6.6621171694132491 9.0383743112906796 12.60093184240395 20.367730431840755 14.656482208985841
leaf_count=423 16 300 255 29 95 543 432 169 355 28 44 187 112 352
internal_value=0.00103492 0.00312862 -0.000198719 -0.0107367 0.0102863 0.00298878 0.00788293 -0.00601957 -0.0152873 -0.0110541 -0.0150231 -0.00516695 -0.0135487 -0.029693
internal_weight=242.245 227.171 178.105 88.768 89.3371 67.7247 64.5531 83.4841 13.4837 70.2744 63.6123 54.5739 41.973 21.6052
internal_count=3340 2917 2617 937 1680 1425 1330 908 898 739 711 667 480 368
is_linear=0
shrinkage=0.05


Tree=154
num_leaves=15
num_cat=0
split_feature=54 53 12 3 14 53 14 41 0 13 37 55 59 62
split_gain=4.85972 9.87437 4.65545 5.88215 4.52752 4.11622 5.33356 4.56561 4.17046 3.53206 3.4778 3.25814 3.49091 4.24673
threshold=0.60642193682256951 5.6385420745048222e-08 15951.446521369351 81.000000000000014 8.8127816659523113 1.8432031211612354e-08 1.257863475736994 1.3375000000000001 3.5000000000000004 6.9215206690784745 0.60059523809523818 -9.6942072252899542e-09 0.0050837265727005192 0.96987951807228934
decision_type=2 2 10 8 8 2 10 10 10 8 2 2 2 2
left_child=2 -2 3 5 -5 6 7 9 -8 -1 -6 -9 13 -13
right_child=1 -3 -4 4 10 -7 8 11 -10 -11 -12 12 -14 -15
leaf_value=-0.036851986565521327 -0.046982263321738861 0.0040570847606959002 0.019346148801504717 -0.033336646499336313 -0.014965657074610334 0.019409820402044701 0.0026830790867399096 -0.012634315687219025 -0.036630829135293606 0.0071063186197691669 0.01205567628349697 0.0082932310553998339 -0.014298166035067953 0.0378604584163676
leaf_weight=5.4706974423024786 11.217069022706708 21.08419181779027 27.695750469341874 15.462452705949543 22.847688160021789 29.966696003451943 10.748793390579523 9.4467500811442715 10.631161629455162 5.7089010007912293 16.062798112630844 43.728966160240816 5.8469836243893942 14.383471848559564
leaf_count=116 71 65 70 56 59 82 44 115 78 262 45 2028 194 36
internal_value=-0.000899162 -0.0175889 0.00191268 -0.00105479 -0.0142318 0.00453392 -0.000357961 0.00547638 -0.0201034 -0.0191454 -0.00370829 0.010208 0.0142532 0.0180311
internal_weight=250.302 32.3013 218.001 190.305 54.3729 135.932 105.966 84.5858 21.38 11.1796 38.9105 73.4062 63.9594 58.1124
internal_count=3321 136 3185 3115 160 2955 2873 2751 122 378 104 2373 2258 2064
is_linear=0
shrinkage=0.05


Tree=155
num_leaves=15
num_cat=0
split_feature=63 67 56 67 55 61 4 3 22 22 3 23 5 11
split_gain=4.62801 5.71238 6.84306 3.62521 4.76331 8.1723 4.70671 9.2656 4.38962 6.50782 3.22019 3.88649 3.03066 2.74763
threshold=-0.02821209150821705 0.20986067830300964 0.031831433712134996 0.17582172451749958 1.1711647929676543e-08 0.0040577370495774624 26.545700393317556 7.5000000000000009 8.1032070797962543 8.0319485786766247 41.500000000000007 7.922921256577184 3.3570493899108507 16385.564713545282
decision_type=2 2 2 2 2 2 10 10 2 2 10 2 8 10
left_child=1 2 -1 4 6 -6 8 -8 9 12 11 -5 -2 -12
right_child=3 -3 -4 10 5 -7 7 -9 -10 -11 13 -13 -14 -15
leaf_value=-0.019401025713563853 -0.022545435354964949 -0.039529832670764244 0.022909012501970825 0.021289709939117853 0.011093127884529782 -0.036728715916271949 0.01767837306857151 -0.038377321512147733 0.019124721733729515 -0.03381528347127722 0.035628574327229233 -0.014145673936617155 0.0098549831039508509 0.0055103723575850539
leaf_weight=16.384997017332356 3.4336246012244374 9.1087421288248134 12.280295162578112 7.9156033187173334 12.780896274780391 15.170927116647361 9.2285296463524009 11.641811683773993 49.560990985482931 7.0123364282771936 16.890908688306812 14.302044613286851 54.966912609321298 14.862637255340813
leaf_count=54 353 64 49 207 327 59 144 55 131 67 29 174 1547 44
internal_value=0.0016195 -0.0134832 -0.000564866 0.00448307 0.000636028 -0.016497 0.00462188 -0.0149643 0.00865269 -7.62274e-05 0.0151145 7.08738e-05 0.00632224 0.0241988
internal_weight=255.541 37.774 28.6653 217.767 163.796 27.9518 135.844 20.8703 114.974 65.4129 53.9712 22.2176 58.4005 31.7535
internal_count=3304 167 103 3137 2683 386 2297 199 2098 1967 454 381 1900 73
is_linear=0
shrinkage=0.05


Tree=156
num_leaves=15
num_cat=0
split_feature=53 65 36 29 5 42 1 0 33 60 61 0 42 42
split_gain=4.59305 6.22882 6.14618 5.36271 3.19025 4.82392 3.23409 6.54145 5.3514 6.0619 5.51639 4.78593 5.43398 6.68639
threshold=1.7993248734029306e-06 1.7008219348886429 0.2497357293868922 4272.3976576329615 3.3570493899108507 23.085000000000004 183.00000000000003 1168.5000000000002 45.879113442787293 0.0081635408108819973 0.053013796107365764 427.50000000000006 11.200000000000001 108.13500000000001
decision_type=2 2 2 10 8 8 8 10 2 2 2 10 8 10
left_child=1 3 -3 4 5 -1 7 8 9 10 -6 12 -8 -14
right_child=-2 2 -4 -5 6 -7 11 -9 -10 -11 -12 -13 13 -15
leaf_value=0.011196800467009297 -0.032657556037864681 0.0063722698434925248 -0.037570915925272383 0.022925449718115613 -0.046923805770889324 -0.03309707104614406 -0.033870427033194268 -0.034718015865901661 0.025087956166081921 0.011190310183524415 0.015696669526925722 0.027666896331626258 0.012078518105739407 -0.019400054311190185
leaf_weight=7.0785920673515674 4.9355742484331122 11.827929158927875 13.384441607515326 29.814240541309118 7.629581650602633 10.085648271196986 4.2736545511288559 10.118497176648814 12.803832730976863 12.933859408891292 2.0796680450439453 19.777356395497918 81.463550700689666 16.240830827096943
leaf_count=243 24 54 59 72 186 229 222 646 288 105 3 207 661 301
internal_value=0.000684608 0.00202545 -0.0193129 0.004919 0.00148086 -0.0164251 0.00374099 -0.00710046 0.00410034 -0.0101586 -0.0327346 0.00791831 0.00297421 0.00615629
internal_weight=244.447 239.512 25.2124 214.299 184.485 17.1642 167.321 45.5654 35.4469 22.6431 9.70925 121.755 101.978 97.7044
internal_count=3300 3276 113 3163 3091 472 2619 1228 582 294 189 1391 1184 962
is_linear=0
shrinkage=0.05


Tree=157
num_leaves=15
num_cat=0
split_feature=65 41 24 5 59 67 14 66 48 5 14 29 23 44
split_gain=3.36164 4.59753 4.6799 4.45215 3.77642 6.76979 4.69151 3.92805 5.33296 3.31407 2.59961 5.65891 2.98144 4.38035
threshold=1.4103168605658352 1.9240000000000002 4.8081027000528378 10.003129617553325 0.00025237912645166669 0.054491632992255963 1.1446245970602729 0.74564819792273729 2.5000000000000004 50.000000710110108 10.627025673381594 6047.2510172969587 9.2850113310882794 4.5068282412183347
decision_type=2 10 2 8 2 2 8 2 2 10 10 10 2 2
left_child=4 3 -3 -2 9 6 -6 8 -7 10 11 12 13 -1
right_child=1 2 -4 -5 5 7 -8 -9 -10 -11 -12 -13 -14 -15
leaf_value=0.010285588918500625 -0.016288139929841294 -0.040009578559373087 -0.0014067288056030486 0.018288975623543865 0.006598870014425307 -0.028106014538234855 -0.046695043508062327 0.018187440068772445 0.019400530885021656 -0.013079297185580877 0.025548013344733611 -0.02497869032533433 0.02921503062660576 -0.028483887873167864
leaf_weight=91.444242046331055 9.7558751553297025 9.8738138229819032 17.436022583395243 21.485021691769365 4.5001561657409166 10.082661110558545 7.6038586384383962 22.800167546782177 5.3052058123867019 9.4249283447861654 28.456189805176109 6.7438554018735877 16.220847405493259 3.0982562436256549
leaf_count=1809 34 76 49 58 315 382 114 189 114 34 69 28 39 36
internal_value=0.00418663 -0.00602067 -0.0193952 0.00673378 0.00716625 -0.00441692 -0.0307441 0.00652095 -0.0109863 0.010936 0.0128685 0.0088806 0.011932 0.00764815
internal_weight=264.231 58.5507 27.3098 31.2409 205.68 50.292 12.104 38.188 15.3879 155.388 145.963 117.507 110.763 94.5425
internal_count=3346 217 125 92 3129 1114 429 685 496 2015 1981 1912 1884 1845
is_linear=0
shrinkage=0.05


Tree=158
num_leaves=15
num_cat=0
split_feature=55 53 14 65 53 58 14 65 53 1 27 48 0 58
split_gain=3.79251 3.34956 5.93051 4.61255 4.57686 5.99105 5.5546 4.63301 4.34237 5.89804 5.18062 3.43608 6.43714 4.16705
threshold=-1.5057393197621137e-06 6.933371198815278e-08 11.401723469890674 1.2788853671296654 1.154688201438789e-08 0.0096932934118035188 17.014612396460375 1.2016294565596575 1.4466026419791833e-08 2.5000000000000004 0.69598856277857213 1.0000000180025095e-35 16325.500000000002 -0.3279315649809092
decision_type=2 2 8 2 2 2 8 2 2 10 2 2 10 2
left_child=-1 3 -3 4 5 11 7 -7 10 -10 -5 13 -13 -2
right_child=1 2 -4 8 -6 6 -8 -9 9 -11 -12 12 -14 -15
leaf_value=-0.029364617803918098 -0.024029417295620369 -0.0077855142321090675 0.025890323202562644 -0.020610027224013339 0.021936871398553687 -0.04131810467267874 0.011206655050064497 0.0067804110491697725 -0.036820362994652654 0.0043085731928362301 0.026148208259586372 -0.030467267736388914 0.017723033062472894 0.013700750410069896
leaf_weight=4.192520670592784 3.500209880876354 17.344331994652748 31.850293509662151 5.492586283129639 25.579276799224317 15.002615213161336 8.7093628838192689 4.9964901879429808 18.83828978124075 12.238992740167303 9.2193158097797987 11.05984078848269 7.8624821466510175 76.94674173014937
leaf_count=25 99 58 88 65 57 102 37 16 78 39 24 981 141 1528
internal_value=0.00226955 0.00337131 0.0143945 0.000366833 0.00455637 0.000391393 -0.0179496 -0.0303487 -0.0127567 -0.0222705 0.00789153 0.00629629 -0.0109244 0.0107491
internal_weight=252.833 248.641 49.1946 199.446 153.657 128.078 28.7085 19.9991 45.7892 31.0773 14.7119 99.3693 18.9223 80.447
internal_count=3338 3313 146 3167 2961 2904 155 118 206 117 89 2749 1122 1627
is_linear=0
shrinkage=0.05


Tree=159
num_leaves=15
num_cat=0
split_feature=42 42 50 32 42 33 4 14 30 1 33 33 14 23
split_gain=3.97053 3.5311 5.76493 6.13447 4.6327 5.14419 10.584 4.31766 5.50691 3.56291 7.29368 6.58594 5.5918 3.69153
threshold=381.34000000000009 96.595000000000013 0.10310928212162783 48.946872162773069 89.875000000000014 31.14480902053565 19.7788393580737 13.172475709644326 11.500000000000002 27.500000000000004 6.9228383082188563 8.3258657482757936 7.7035578941597027 7.6193586805225832
decision_type=8 10 2 2 10 2 10 8 10 8 2 2 10 2
left_child=1 4 -3 -4 5 9 -7 8 -5 10 -1 13 -12 -11
right_child=-2 2 3 7 -6 6 -8 -9 -10 11 12 -13 -14 -15
leaf_value=0.017136749101325083 0.015098726746972596 0.013114824334890149 -0.041657414840575183 0.015791969643046442 0.024499245578623152 -0.040266394218474839 0.0074811642364790258 0.0080932357441262162 -0.031333883943954983 0.013765500549030599 0.0020140488970898838 0.019426346661009633 -0.051092147346591066 -0.03338404413852835
leaf_weight=11.301556567254012 29.722370661678724 15.057907312235328 14.751372860453555 4.9741846594261068 14.288752916385418 17.109014384448528 21.703734681010246 21.696622296643906 18.28726878244197 3.0125415341462922 8.0953035209095088 47.588502361380961 6.4571355506777754 6.7538893137825653
leaf_count=223 186 360 144 151 76 260 59 196 571 36 135 514 30 374
internal_value=-0.000608731 -0.00311874 -0.0114814 -0.0182183 0.0017122 -0.0018155 -0.0157597 -0.00712811 -0.0202455 0.00521339 -0.00906331 0.0118596 -0.0285895 -0.0191039
internal_weight=240.8 211.078 74.7674 59.7094 136.31 122.022 38.8127 44.9581 23.2615 83.2089 25.854 57.3549 14.5524 9.76643
internal_count=3315 3129 1422 1062 1707 1631 319 918 722 1312 388 924 165 410
is_linear=0
shrinkage=0.05


Tree=160
num_leaves=15
num_cat=0
split_feature=4 3 14 11 14 3 38 30 27 64 5 67 22 21
split_gain=7.85503 9.40129 6.81093 5.35351 8.15077 5.22953 4.88863 4.8048 3.72721 6.36203 4.55588 3.5696 3.52564 3.17364
threshold=23.284082909957249 7.5000000000000009 12.196941915903391 470.96741604280123 1.7538085084486386 305.50000000000006 34.092016391802304 361.50000000000006 0.70548608665022916 0.42555331991951711 0.26973519072070001 0.21147376757341321 9.1936262845314705 -35.081198342918832
decision_type=10 10 10 8 8 10 2 8 2 2 10 2 2 10
left_child=3 -2 6 4 -1 7 -3 8 9 10 12 -9 -5 -11
right_child=1 2 -4 5 -6 -7 -8 11 -10 13 -12 -13 -14 -15
leaf_value=0.0073760163505301145 0.014482845151398619 -0.0021899175520755719 -0.0033365763969543383 -0.040658211207809637 -0.039791366501604961 -0.014325094671500609 -0.053060199075134595 0.028482971530734803 0.014555019332625475 -0.017056401409347745 0.0073832360026347054 -0.00095667187484679188 0.0092497991802851214 0.023597473601336228
leaf_weight=18.470021576504223 15.570459467533508 6.519029904156926 19.973880730569363 14.379773992754059 11.000092850241346 17.69849468767643 17.775640241336077 43.648287650197744 33.12334400601685 2.4551575764198814 7.9066553033189839 12.657972248271106 2.351569026708602 13.915558871754909
leaf_count=778 347 18 57 241 663 52 95 90 88 343 38 51 8 442
internal_value=-0.00078217 -0.0157176 -0.0267317 0.00454244 -0.0134479 0.00844363 -0.0421137 0.0119478 0.00315212 -0.00663901 -0.0210761 0.0223265 -0.0331294 0.0149364
internal_weight=237.446 59.839 44.2686 177.607 29.4701 148.137 24.2947 130.438 74.1321 41.0087 24.638 56.3063 16.7313 16.3707
internal_count=3311 517 170 2794 1441 1353 113 1301 1160 1072 287 141 249 785
is_linear=0
shrinkage=0.05


Tree=161
num_leaves=15
num_cat=0
split_feature=25 25 57 11 14 57 43 27 44 17 62 59 41 48
split_gain=3.36563 6.1192 6.39377 5.03744 3.98468 5.07831 3.93965 3.37772 4.802 4.35849 5.40438 3.87987 3.69658 3.58582
threshold=0.77259710720908814 0.39970534510549299 0.0028383205926365966 2841.3063420139547 1.9605730363446137 -0.0015961073295390712 2045.9221273552591 0.72086327703916642 0.15956976018512484 277.00000000000006 27.761403508771934 0.00013385400008732127 2.8015000000000003 1.0000000180025095e-35
decision_type=2 2 2 10 8 2 10 2 2 8 2 2 10 2
left_child=1 4 3 6 5 -1 -3 9 -9 11 -11 13 -13 -2
right_child=7 2 -4 -5 -6 -7 -8 8 -10 10 -12 12 -14 -15
leaf_value=0.012500618719212564 0.016640083078081326 -0.024902692323563375 0.0068484622977877611 -0.047751998366390144 0.0060111835441891207 -0.038003738918942979 0.020560253724337601 -0.0088836885009569537 0.027282775497966361 -0.044462475329070821 0.010887352233598215 -0.02280868203153583 0.013979819817486734 -0.01281770579651613
leaf_weight=4.9686437875498086 43.267790765094105 4.3214262147084828 11.192635260522364 16.767750509083271 66.131636686855927 7.8626047999132407 4.7850879207253456 10.555892024538478 23.754583675414324 6.3054057181579974 4.5920594483613968 16.338773238589059 6.0657789407414375 9.1656285182980337
leaf_count=59 938 67 28 75 223 68 11 144 58 72 8 932 149 508
internal_value=-0.00148691 -0.00740422 -0.022809 -0.0346696 0.000754768 -0.0204255 -0.00219365 0.00429982 0.0164412 -0.00119729 -0.0250502 0.00362732 -0.0121152 0.0108231
internal_weight=236.076 116.03 37.0669 25.8743 78.9629 12.8312 9.10651 120.046 34.3105 85.7354 10.8975 74.838 22.4046 52.4334
internal_count=3340 531 181 153 350 127 78 2809 202 2607 80 2527 1081 1446
is_linear=0
shrinkage=0.05


Tree=162
num_leaves=15
num_cat=0
split_feature=53 65 67 53 8 65 53 21 12 0 67 36 38 12
split_gain=3.77596 3.80841 6.51704 8.31142 8.80049 8.06702 5.68161 3.70906 3.43293 3.19989 3.3258 3.2184 3.03087 4.45082
threshold=7.3014422087786629e-06 1.4103168605658352 0.05507765095410886 2.0307824975169821e-08 39.500000000000007 1.2229564395043802 6.933371198815278e-08 -55.744968119033665 3541.8263945538779 323.00000000000006 0.057704739162081256 0.24603206737387645 1443.4341761899902 218.07082410917482
decision_type=2 2 2 2 10 2 2 10 8 10 2 2 2 10
left_child=1 2 3 4 12 -6 9 -4 -5 10 -3 -12 13 -1
right_child=-2 6 7 8 5 -7 -8 -9 -10 -11 11 -13 -14 -15
leaf_value=-0.019255677351323258 -0.031652418883034772 0.00064902710404520685 -0.014129005945308099 -0.0013878293507451518 -0.070637662804543574 0.002834969040477503 0.0088414038458116736 0.017501905413828841 0.032075217453235293 0.0034613565816859087 -0.0024390860667897313 -0.052196571309486753 0.013248906761969721 0.011153462930088349
leaf_weight=32.155092892295215 3.9373567551374427 6.0516149103641572 6.6677455583121619 12.566603843122722 5.7190632928395626 5.1646703109145164 20.260760948061943 79.500353993382305 13.172202374786137 7.594337233924306 4.7612399854697278 10.448779985774307 14.796157124917952 13.871952694345962
leaf_count=827 21 14 201 40 58 14 61 864 33 30 37 60 768 302
internal_value=0.00025888 0.00145312 0.00477975 -0.00402688 -0.012659 -0.0458553 -0.0102755 0.0144136 0.0181691 -0.0230215 -0.0313388 -0.0410777 -0.00368687 -0.00989591
internal_weight=236.668 232.731 183.614 97.4457 71.7069 10.8837 49.1167 86.1681 25.7388 28.856 21.2616 15.21 60.8232 46.027
internal_count=3330 3309 3107 2042 1969 72 202 1065 73 141 111 97 1897 1129
is_linear=0
shrinkage=0.05


Tree=163
num_leaves=15
num_cat=0
split_feature=33 41 25 14 1 0 14 61 53 18 33 53 13 53
split_gain=3.22633 4.43945 4.30003 4.15374 3.67161 3.06638 6.7551 3.20423 5.81447 4.59916 3.1836 3.90419 4.79079 3.06576
threshold=74.112947407006303 1.2230000000000001 0.39970534510549299 93.032380896034795 7.5000000000000009 16325.500000000002 -3.532866941248106 0.0027436526981376749 6.8077519429514646e-12 5.5000000000000009 73.589310090738735 -1.3662790326913049e-07 -47.921278271114531 1.8432031211612354e-08
decision_type=2 8 2 10 8 10 8 2 2 10 2 2 8 2
left_child=3 -2 -3 5 -4 6 10 8 -8 -9 11 -1 -13 -11
right_child=1 2 4 -5 -6 -7 7 9 -10 13 -12 12 -14 -15
leaf_value=0.011538525937555201 0.015666415726965047 -0.00086788033736271981 0.005896940320245115 -0.033085404520458647 -0.050087698073237624 0.022867329551900434 0.0047431924762022992 0.030368747143562844 -0.028496990560502578 -0.0049331655715548553 0.014861829380302248 0.0018448973295844655 -0.0528591146549581 0.01136625356337417
leaf_weight=2.5211585969664201 6.1443297523073879 12.899036183487626 2.4836472696042593 3.03832784295082 8.9062480724824127 13.83086280536372 42.971252412418835 16.550697281141765 13.311047222698106 45.177293783053756 1.6888561248779286 5.0874480252387002 9.4127102352795173 65.18751997500658
leaf_count=10 27 94 186 17 618 85 1255 81 331 145 1 84 264 162
internal_value=9.71886e-05 -0.0139232 -0.0228051 0.00231503 -0.0398051 0.00355172 0.00170796 0.00483763 -0.00480192 0.00913239 -0.0234938 -0.0298097 -0.0381142 0.00476953
internal_weight=249.21 30.4333 24.2889 218.777 11.3899 215.739 201.908 183.198 56.2823 126.916 18.7102 17.0213 14.5002 110.365
internal_count=3360 925 898 2435 804 2418 2333 1974 1586 388 359 358 348 307
is_linear=0
shrinkage=0.05


Tree=164
num_leaves=15
num_cat=0
split_feature=10 14 43 33 3 1 25 0 42 0 54 13 2 14
split_gain=3.57423 5.70533 6.07348 4.31371 3.73828 3.23754 4.91298 4.16492 4.72775 4.50359 4.11456 4.05936 5.94377 3.71461
threshold=85.500000000000014 -18.854354088105037 32701.878421444384 16.053859824467128 62.500000000000007 183.00000000000003 0.80840032518763005 101.50000000000001 144.75000000000003 26.500000000000004 0.38794621598264095 30.73934537492492 3220.3445071731821 -1.206168780458621
decision_type=8 10 10 2 10 8 2 10 10 10 2 8 10 8
left_child=4 3 -3 -2 5 6 -1 9 -9 10 11 12 13 -7
right_child=1 2 -4 -5 -6 7 -8 8 -10 -11 -12 -13 -14 -15
leaf_value=-0.031505327108254731 -0.0065864925563207007 -0.008263144861674258 0.020437571528987279 -0.049559868771547576 0.023339668107749918 -0.021028989622208935 0.0045154341024479785 0.032321243120630075 -0.013277755913092819 -0.030910902426168847 -0.018830046041322639 0.02860562279790534 -0.025420239719344258 0.017770428071334967
leaf_weight=10.29391322651645 16.824164407909851 46.753392266866285 23.690632697194815 5.8001437592902212 23.385895997285843 3.1035172087722458 22.125167317048181 20.335984292905781 4.3221964415279208 4.7224422151921308 9.9192768401699123 15.90239355387166 9.8712791148573142 30.048882900853641
leaf_count=155 139 340 56 126 60 268 954 128 142 122 47 191 50 581
internal_value=0.00225647 -0.00530525 0.00210383 -0.0245797 0.00684855 0.00314508 -0.0096036 0.00761409 0.0234375 0.00115644 0.00530011 0.0105171 0.0015491 0.0118584
internal_weight=247.099 93.0683 70.444 22.6243 154.031 130.645 32.4191 98.226 24.6582 73.5678 68.8453 58.9261 43.0237 33.1524
internal_count=3359 661 396 265 2698 2638 1109 1529 270 1259 1137 1090 899 849
is_linear=0
shrinkage=0.05


Tree=165
num_leaves=15
num_cat=0
split_feature=62 67 33 14 29 57 29 25 7 22 41 24 63 53
split_gain=3.32518 3.323 2.74418 2.58079 4.25938 3.45317 3.36753 3.76751 4.56705 3.46848 6.1841 3.53938 3.29457 3.28634
threshold=13.033333333333335 0.079766940346097021 24.240499639516162 13.172475709644326 8315.0137478371034 0.0030226687053585962 4889.3303326069881 0.78839758928169568 10.500000000000002 8.1032070797962543 1.3715000000000004 1.4978661367769956 -0.020421808389036601 4.3032962539621027e-08
decision_type=2 2 2 10 10 2 10 2 10 2 10 2 2 2
left_child=3 -2 -3 4 5 6 7 8 -1 10 -9 12 -12 -5
right_child=1 2 -4 13 -6 -7 -8 9 -10 -11 11 -13 -14 -15
leaf_value=0.0048567962905077889 -0.023380226528703821 0.016787853924795232 -0.012753575919586086 0.00099195470503367638 -0.031598552810712423 -0.0208951061236579 0.027764256352691176 -0.031642501610020746 -0.026290768279666948 0.01922701169698416 0.017232850114956268 0.015445526428533593 -0.021601223742933731 0.027188518994535605
leaf_weight=23.195176465902478 19.213375650346279 11.352231353521349 10.298956377431749 24.054904770804569 4.4069126024842253 8.9427911252714676 9.930019259452818 7.5096012546564443 16.486289748048875 35.320642748847604 3.7211389692965868 35.049237603670917 11.88073128007818 19.637829847633839
leaf_count=148 59 26 34 78 33 37 19 377 121 97 48 371 1818 59
internal_value=0.0016 -0.0106119 0.00297932 0.00429137 0.00112501 0.00304943 0.00520083 0.00257439 -0.00957786 0.00795722 0.000132869 0.0072636 -0.0104046 0.0143489
internal_weight=241 40.8646 21.6512 200.135 156.443 152.036 143.093 133.163 39.6815 93.4814 58.1607 50.6511 15.6019 43.6927
internal_count=3325 119 60 3206 3069 3036 2999 2980 269 2711 2614 2237 1866 137
is_linear=0
shrinkage=0.05


Tree=166
num_leaves=15
num_cat=0
split_feature=54 29 53 4 55 50 42 32 26 62 62 55 14 62
split_gain=2.8846 3.08514 3.88881 4.93067 4.78974 4.34501 4.35375 3.11578 3.35129 5.12767 4.13047 3.61877 3.47603 3.89119
threshold=-0.52021884242772298 7754.9252754608415 6.933371198815278e-08 9.6482202644702024 3.4879730233415796e-08 0.10310928212162783 167.58000000000001 7.9936886851825406 1.0070488003411333 0.84523809523809534 -0.27922077922077915 1.6117040149093973e-08 48.952800298742716 1.21395881006865
decision_type=2 10 2 10 2 2 10 2 2 2 2 2 10 2
left_child=-1 2 4 -4 5 6 -2 -7 9 10 -9 -12 13 -10
right_child=1 -3 3 -5 -6 7 -8 8 12 -11 11 -13 -14 -15
leaf_value=0.017477204693992374 -0.041771634629285022 -0.021252698258869419 -0.010855107604811174 0.025960767571737393 -0.029019218404802205 -0.011782722054763783 0.0099125195288574351 0.017438338927028629 0.011178692753713741 0.027910455753110033 -0.023440972077697395 0.017464235820450112 0.021246473278866248 -0.01630418089122122
leaf_weight=16.696917231951375 6.5292662875144725 13.361580740660427 10.149632669985293 22.708079747855663 11.092012543755116 26.653649552317802 3.838078338856576 13.501483654254114 14.764704776694996 26.986140712513588 15.422962122072933 3.2896723309531799 7.6032828390598288 35.290796760469675
leaf_count=234 327 56 33 70 163 684 201 677 261 74 351 14 16 113
internal_value=9.93612e-05 -0.00164697 0.000168475 0.0146568 -0.00306345 -0.000338134 -0.025638 0.00229116 0.00585293 0.0137293 -0.000304351 -0.0140837 -0.00268421 -0.00791864
internal_weight=227.888 211.191 197.83 32.8577 164.972 153.88 10.3673 143.513 116.859 59.2003 32.2141 18.7126 57.6588 50.0555
internal_count=3274 3040 2984 103 2881 2718 528 2190 1506 1116 1042 365 390 374
is_linear=0
shrinkage=0.05


Tree=167
num_leaves=15
num_cat=0
split_feature=2 53 28 59 53 63 28 36 36 32 33 12 65 55
split_gain=3.69365 3.86055 4.25346 3.75495 3.47592 3.086 2.50889 3.36806 8.83409 3.73406 4.41764 4.59554 3.80464 3.39596
threshold=9263.8938100218438 3.4797744165029536e-08 0.20112267457560545 -2.5917480910170792e-05 1.4466026419791833e-08 -0.0025751451576836331 0.97656045368406219 0.37477272727272731 0.25026315789473691 56.869505271284389 38.317816169874554 2756.7524705014916 1.0007203334018631 7.8119283365919987e-10
decision_type=8 2 2 2 2 2 2 2 2 2 2 10 2 2
left_child=1 6 -3 -4 -2 -6 7 8 9 10 11 -1 -12 -9
right_child=4 2 3 -5 5 -7 -8 13 -10 -11 12 -13 -14 -15
leaf_value=0.0070455453704265716 0.002322177764897728 0.027194340452290008 -0.017750583443140275 0.015974236240019351 -0.035506509132728757 0.0011448522097219542 -0.027638651079779031 0.00053607887414664369 -0.038729300122374306 -0.021292881470452406 0.024838563590833165 -0.032786814219044134 -0.013922267888218745 0.023882585712134492
leaf_weight=16.269073613337245 25.002044714987278 28.267189713660628 11.166692137718202 11.868560805916784 12.256939228624107 8.1527431979775411 2.6739986834581932 38.25424950273009 10.800544381083453 8.4005770114890748 28.624158244172577 6.3843107442371538 4.3910931332502505 21.55126706592273
leaf_count=795 54 81 39 28 57 31 32 621 183 916 277 64 51 94
internal_value=0.00162349 0.00473077 0.0157573 -0.000624422 -0.0104739 -0.0235216 0.00020336 0.00172577 -0.00521165 0.00283325 0.00792877 -0.00807869 0.0185302 0.0101427
internal_weight=234.063 188.652 51.3024 23.0353 45.4117 20.4097 137.349 134.675 74.8698 64.0692 55.6686 22.6534 33.0153 59.8055
internal_count=3323 3181 148 67 142 88 3033 3001 2286 2103 1187 859 328 715
is_linear=0
shrinkage=0.05


Tree=168
num_leaves=15
num_cat=0
split_feature=2 63 67 32 2 0 61 35 41 1 5 4 27 57
split_gain=5.76319 3.63874 6.8074 6.24514 3.88782 5.7344 4.91088 4.93116 4.83367 4.64603 3.89052 3.24394 4.24909 5.85969
threshold=17008.115734856958 -0.02821209150821705 0.20986067830300964 30.956171183116513 3304.0509901523887 427.50000000000006 0.012019065957047693 119.92781887390278 2.6340000000000003 200.00000000000003 0.1744301182612 27.912168742124649 0.72086327703916642 0.00090730096657414743
decision_type=8 2 2 2 10 10 2 2 10 8 8 10 2 2
left_child=1 2 3 -1 5 6 7 10 11 -7 -3 12 13 -6
right_child=-2 4 -4 -5 8 9 -8 -9 -10 -11 -12 -13 -14 -15
leaf_value=-0.02389010708279549 -0.027008531484335782 0.0059215830970613002 -0.042436295557488936 0.01779421732765539 -0.011614760719087985 -0.014704580849707839 0.0090849804012088902 -0.0024908852644877346 -0.015715930950536913 0.027264226434952594 -0.04556067772609091 -0.0032508543219043639 0.034303345224787229 0.021499447738246111
leaf_weight=10.465362515533345 18.550946000963449 3.1392434700392187 9.100575521879362 16.446916530490853 19.252086941152811 6.2744164175237556 12.725243685301391 17.498723805067129 13.534217689186333 13.791881052544339 16.782289853668775 22.566218060906976 20.823361977934837 25.974525844678283
leaf_count=42 67 117 69 61 68 780 35 706 57 178 971 73 43 61
internal_value=-0.0035605 -0.000889027 -0.0142934 0.000381105 0.00223564 -0.00655039 -0.0152184 -0.0235798 0.00829847 0.0138258 -0.0378877 0.0126096 0.0178759 0.00765039
internal_weight=226.926 208.375 36.0129 26.9123 172.362 70.2118 50.1455 37.4203 102.15 20.0663 19.9215 88.6162 66.05 45.2266
internal_count=3328 3261 172 103 3089 2787 1829 1794 302 958 1088 245 172 129
is_linear=0
shrinkage=0.05


Tree=169
num_leaves=15
num_cat=0
split_feature=54 58 67 27 53 29 29 8 12 58 0 59 43 5
split_gain=2.9234 10.4826 4.10093 4.33239 4.02665 3.9209 3.5417 4.60899 3.98679 3.39757 4.97857 3.22591 3.43786 2.66431
threshold=0.60642193682256951 0.38331363618017816 0.083462629699644034 0.56928389498432608 -7.9662935850485337e-10 7754.9252754608415 2088.046685268449 40.500000000000007 218.07082410917482 -0.27334200858376717 78.500000000000014 -0.00044702007906932646 146.48571288880552 6.2495045888020506
decision_type=2 2 2 2 2 10 10 10 10 2 8 2 10 8
left_child=2 -2 4 9 -1 6 7 8 11 -4 -11 12 -6 -13
right_child=1 -3 3 -5 5 -7 -8 -9 -10 10 -12 13 -14 -15
leaf_value=-0.03072439809501934 -0.047778014491062476 0.0071155528155325033 0.013829947504616219 0.018910519197225424 0.0066735938412882632 -0.031714924956036138 0.020019245121463719 -0.025079470303162883 0.021029366066829935 0.0065416666360433185 -0.039047982180819479 -0.024100600432707682 -0.04444370482591245 0.0061738502283454838
leaf_weight=6.786376381351146 8.2913997803116235 22.148817136883736 10.817221832694488 54.653110715793446 3.5073572050314388 3.9809830635786048 18.183613747358322 12.445997225586323 17.800744279404171 9.7560822762316111 6.7543052977416655 3.5172467775992118 3.5240178289823234 45.429835379560245
leaf_count=503 67 63 179 214 25 29 44 55 370 144 372 352 38 848
internal_value=0.000798076 -0.0124677 0.00310397 0.0113171 -0.00296966 4.62764e-05 0.00265133 -0.00190781 0.00334475 -0.00444515 -0.0168501 -0.00354205 -0.0267687 0.00196629
internal_weight=227.597 30.4402 197.157 81.9807 115.176 108.39 104.409 86.2252 73.7792 27.3276 16.5104 55.9785 7.03138 48.9471
internal_count=3303 130 3173 909 2264 1761 1732 1688 1633 695 516 1263 63 1200
is_linear=0
shrinkage=0.05


Tree=170
num_leaves=15
num_cat=0
split_feature=65 58 14 13 34 14 54 42 9 23 59 41 65 61
split_gain=3.3929 5.05679 4.56413 4.39959 4.69663 4.799 4.46215 3.97817 3.75089 4.74723 4.34179 3.5676 3.3133 2.97635
threshold=1.5287605297305313 0.38331363618017816 3.7732697086104747 18.115662035648693 65.022754053522632 27.554873857713318 0.1367526019388762 9.3950000000000014 111.50000000000001 8.6457455261624609 0.00021724328610179017 1.3715000000000004 1.2093437428790859 0.015638122429301172
decision_type=2 2 10 10 2 8 2 8 8 2 2 10 2 2
left_child=3 2 -2 6 12 -6 7 -1 9 10 11 -9 -5 -3
right_child=1 13 -4 4 5 -7 -8 8 -10 -11 -12 -13 -14 -15
leaf_value=-0.033689926008981956 0.0050649702673521918 0.014733913871284549 -0.050684932473684066 -0.00084710337617347441 -0.026428944174316918 0.01890588985107583 -0.030539141005160138 -0.016548624549585694 -0.0097548537351288683 0.028279358811646477 -0.021546241936591944 0.014884459909945741 0.02487355169887815 -0.015269991909425937
leaf_weight=3.0062502741347989 4.1145686133531836 13.462573245167734 6.8125889226794243 16.48065674980171 10.01281954301521 5.1087453889194867 8.0457876813597959 7.1451661853934629 35.045552412164398 17.823021063581109 11.116146190499419 35.725410646438831 43.199285064358264 10.000638149678705
leaf_count=396 35 43 41 60 91 30 53 161 176 50 993 1064 114 29
internal_value=0.000474092 -0.0129369 -0.0346926 0.00313403 0.0122182 -0.0102208 -0.00289167 0.000374359 0.00279584 0.00915728 0.000982383 0.00846428 0.0182544 0.00150954
internal_weight=227.099 34.3904 10.9272 192.709 74.8015 15.1216 117.907 109.862 106.855 71.8097 53.9867 42.8706 59.6799 23.4632
internal_count=3336 148 76 3188 295 121 2893 2840 2444 2268 2218 1225 174 72
is_linear=0
shrinkage=0.05


Tree=171
num_leaves=15
num_cat=0
split_feature=54 58 67 0 60 62 14 13 42 0 62 14 42 59
split_gain=3.08645 5.80374 5.33181 4.64108 5.96565 5.88185 5.26522 3.85542 3.84672 4.05352 4.05291 5.04667 5.35851 4.17818
threshold=0.60642193682256951 0.38331363618017816 0.083462629699644034 122.00000000000001 0.30522294944317491 8.0777126099706766 -2.384429586364798 71.171406080466042 404.69000000000005 273.50000000000006 63.131578947368432 15.335401079254911 218.62000000000003 -0.0014128481689197525
decision_type=2 2 2 10 2 2 8 8 10 10 2 8 8 2
left_child=2 -2 8 6 5 7 -4 -5 9 10 11 13 -13 -1
right_child=1 -3 3 4 -6 -7 -8 -9 -10 -11 -12 12 -14 -15
leaf_value=-0.033793818164482445 -0.040269447414284704 0.0017575330401441204 -0.013410613378943684 -0.045216655483771975 0.017282525199759743 0.016112450613060814 0.026670674292406028 0.011846822050617246 0.019460227575264805 0.01318200209490511 0.020584144172081004 -0.045669721785752952 -0.0063892925199757859 0.0010678074772695278
leaf_weight=5.2465970600023857 8.6471413518884237 19.647684931755066 6.779636581602972 10.1680121604295 13.368157459190114 4.3517860621213904 40.287407209048979 1.4804299622774149 9.3896325863897783 14.817000790295422 4.6188436001539221 16.173559471208137 17.941297067096457 51.603146314504556
leaf_count=36 68 60 131 402 174 9 184 4 94 656 9 498 92 914
internal_value=-0.00112176 -0.0152049 0.00123631 0.0111613 -0.00410103 -0.0218281 0.0201639 -0.0365845 -0.00529009 -0.00814708 -0.0119444 -0.0145825 -0.0284692 -0.00462137
internal_weight=224.52 28.2948 196.226 76.4354 29.3684 16.0002 47.067 11.6484 119.79 110.4 95.5834 90.9646 34.1149 56.8497
internal_count=3331 128 3203 904 589 415 315 406 2299 2205 1549 1540 590 950
is_linear=0
shrinkage=0.05


Tree=172
num_leaves=15
num_cat=0
split_feature=25 23 61 61 25 0 12 59 14 7 13 60 36 14
split_gain=3.17851 4.18423 5.3316 3.85286 3.62794 3.16717 7.35357 5.06882 3.8459 4.14538 3.16269 3.04278 2.84866 2.77548
threshold=0.80840032518763005 8.2966561974592903 0.017620536857440239 0.038976742808374938 1.0006486242369703 13.500000000000002 17281.90912205858 -0.0052386636800992445 24.303153601741133 11.500000000000002 -36.426498153446651 0.24983168283686083 0.57537784444696038 -1.0072077002792816
decision_type=2 2 2 2 2 8 10 2 10 10 10 2 2 8
left_child=3 4 -3 5 -2 6 7 -1 9 -7 -6 -11 -9 -12
right_child=1 2 -4 -5 10 8 -8 12 -10 11 13 -13 -14 -15
leaf_value=0.005637609757312167 -0.018499539442722319 0.027846367494959945 -0.0070478364745559996 0.014155794527011304 -0.016708925338089965 0.0058083803838296141 0.01191826626657571 -0.04679029761680082 0.016517102965535956 -0.034767270529119834 0.02472349952959324 0.0059120603592833741 -0.011835683342260626 -0.0010690228931109029
leaf_weight=7.7156731435097745 20.019973227404989 26.898564409464598 14.087767317891119 14.442941598594187 8.4489629527379275 18.866395106422715 12.341312523931263 18.782766672491562 15.658293646294622 12.27895904844627 15.059021127177401 4.5060400483198455 13.55814609210938 20.905846530979034
leaf_count=22 224 55 40 31 835 119 40 130 58 75 525 39 55 1049
internal_value=-0.00135261 0.00483962 0.0163903 -0.00684981 -0.00315899 -0.0102917 -0.0183646 -0.0279818 -0.00114903 -0.00998531 0.00492813 -0.0249962 -0.0356834 0.0114302
internal_weight=223.571 105.42 40.9863 118.151 64.4338 103.708 52.3979 40.0566 51.3097 35.6514 44.4138 16.785 32.3409 35.9649
internal_count=3297 2728 95 569 2633 538 247 207 291 233 2409 114 185 1574
is_linear=0
shrinkage=0.05


Tree=173
num_leaves=15
num_cat=0
split_feature=1 60 62 65 60 36 50 36 63 12 12 35 59 30
split_gain=4.59775 5.43972 8.40993 9.10372 3.45705 3.1528 3.22975 3.27298 3.01544 2.38276 6.28818 4.2552 2.87117 11.1724
threshold=6.5000000000000009 0.35226959855534207 14.02702702702703 1.338234562960199 0.29815022070045022 0.79246478073165194 0.10867724867724869 0.50238095238095248 0.0054153552072552834 402.90698416261779 29.468116017505583 181.17481772286257 -0.00032107042027587797 494.50000000000006
decision_type=10 2 2 2 2 2 2 2 2 8 10 2 2 10
left_child=4 2 3 -2 5 6 7 8 -1 10 -8 -12 -11 -14
right_child=1 -3 -4 -5 -6 -7 9 -9 -10 12 11 -13 13 -15
leaf_value=-0.039638810710388439 -0.052528936097363838 0.016606486763640863 0.013269678394129064 0.0054198421980710294 -0.026104005766532164 -0.016257327573935498 0.014824529125022962 0.013487489469454326 0.0082870042197209816 0.020138562410938563 -0.037674518217244296 0.0078326893825203161 0.014531970009183687 -0.032726120500712309
leaf_weight=5.6952710764599015 16.399502618471164 8.2640727760153805 9.8131877556443197 8.6550424185697903 4.1552545808954156 10.747212566668166 20.440086035290733 4.0957458164775735 2.6096659537870437 58.362784912693314 9.2685353351989743 5.7428409353597081 53.188084686466027 11.003853488713501
leaf_count=371 841 111 25 31 111 80 313 76 110 187 298 154 572 44
internal_value=0.000664613 -0.0131566 -0.0214088 -0.0349393 0.00414271 0.00551901 0.00731667 -0.0136896 -0.0271243 0.00933462 -0.00188566 -0.0226579 0.012527 0.00465146
internal_weight=228.441 43.1318 34.8677 25.0545 185.309 181.154 170.407 12.4007 8.30494 158.006 35.4515 15.0114 122.555 64.1919
internal_count=3324 1008 897 872 2316 2205 2125 557 481 1568 765 452 803 616
is_linear=0
shrinkage=0.05


Tree=174
num_leaves=15
num_cat=0
split_feature=4 13 62 16 26 12 43 11 57 33 43 36 36 50
split_gain=2.99486 3.36684 3.1627 3.40109 4.35567 3.33182 3.96031 5.10678 3.41572 3.32411 3.63139 2.99352 5.68338 3.54436
threshold=1.0476568145198504 24.168966116567557 52.000000000000007 577.00000000000011 3.6297774724491716 5685.3275768166523 7994.670734144971 3667.1460580798744 0.00090730096657414743 7.5118196950052143 18.56917386660923 0.5186206896551725 0.40078740157480325 0.10867724867724869
decision_type=8 10 2 10 2 10 10 10 2 2 10 2 2 2
left_child=1 -1 3 4 5 6 7 9 -7 10 -2 12 13 -11
right_child=2 -3 -4 -5 -6 8 -8 -9 -10 11 -12 -13 -14 -15
leaf_value=-0.033433875658396277 0.0030490189090927678 0.012504701019298592 -0.019861547801709453 -0.024392102325303974 0.018520471837985813 -0.030521077304001911 0.021854810407637232 -0.025306142364599316 0.0038345788904233877 -0.01425736727852216 -0.03306251756189002 0.02000894353292371 -0.026727620421802017 0.015616245499538396
leaf_weight=6.8477197283646074 16.419770067383073 2.837044321000576 9.3487320654094201 4.958569422364234 45.492313554161228 10.018403809517624 22.10485936049372 11.554126333154271 12.062615249305962 8.7263647987856512 6.2085316767916074 31.294075109355617 9.1837693257257325 37.069257841591025
leaf_count=798 273 7 28 24 218 43 56 120 35 485 128 176 196 733
internal_value=0.00164233 -0.020301 0.00301097 0.00443372 0.00566502 0.00167174 0.00458487 0.000670958 -0.0145102 0.00441694 -0.0110493 0.00885657 0.00136986 0.00908074
internal_weight=234.126 9.68476 224.441 215.093 210.134 164.642 142.561 120.456 22.081 108.902 22.6283 86.2735 54.9794 45.7956
internal_count=3320 805 2515 2487 2463 2245 2167 2111 78 1991 401 1590 1414 1218
is_linear=0
shrinkage=0.05


Tree=175
num_leaves=15
num_cat=0
split_feature=27 18 55 53 56 27 67 25 12 27 14 62 3 2
split_gain=3.35359 4.78359 5.59177 5.47663 7.75695 5.64257 4.74093 6.58694 4.48697 3.59101 3.08226 3.96466 2.70012 2.38746
threshold=0.75274858040352799 8.5000000000000018 -1.6813668769109295e-08 1.0229117194949389e-07 0.31011373470863862 0.69261053906723202 0.071484712068527009 0.19229876287948985 23.573675398961385 0.68199436222692045 14.130629715187148 0.60769230769230786 24.500000000000004 2858.1889364715239
decision_type=2 10 2 2 2 2 2 2 10 2 8 2 8 8
left_child=1 13 9 4 5 -4 7 -2 -9 10 11 -3 -6 -1
right_child=6 2 3 -5 12 -7 -8 8 -10 -11 -12 -13 -14 -15
leaf_value=-0.011920067247552448 -0.038259460586401908 0.015851635833831586 -0.056613203729026167 0.010192975033220742 -0.019252265623265537 -0.010208107374260287 0.024135646776370964 -0.019887152165384628 0.019692409521577043 -0.02201316276450737 0.018225942166685754 -0.025219990525115421 0.016515384043264685 0.0093482449147443466
leaf_weight=12.094482186279491 5.1531338058412102 6.0684917790349564 17.157563617220152 8.4044495001435262 3.6127807583543445 13.046557813882826 23.191484428942204 5.7061213406268534 18.561317852523644 7.7184416353702536 23.027773542329669 8.273164611309765 8.892054395750165 58.553975650138455
leaf_count=825 24 28 105 34 91 38 52 57 77 33 65 47 29 1770
internal_value=-0.00103999 -0.0045183 -0.0115297 -0.0220693 -0.0288209 -0.0408654 0.00942565 -0.00399147 0.0085783 0.00142877 0.00829695 -0.00823587 0.00363426 0.00516006
internal_weight=219.462 166.85 96.2013 51.1134 42.709 30.2041 52.6121 29.4206 24.2674 45.0879 37.3694 14.3417 12.5048 70.6485
internal_count=3275 3065 470 297 263 143 210 158 134 173 140 75 120 2595
is_linear=0
shrinkage=0.05


Tree=176
num_leaves=15
num_cat=0
split_feature=41 36 28 2 2 13 55 54 12 13 57 30 7 32
split_gain=2.3288 4.37844 4.3717 3.32842 4.95121 3.87514 3.03957 2.65467 3.54048 3.52352 4.90156 3.50802 3.15709 3.35783
threshold=1.3265000000000002 0.63258728987265822 0.93782625356105376 3304.0509901523887 9833.2495270227464 24.168966116567557 -4.91927552520762e-07 0.42100121345445052 14750.909355085307 -0.012898986476854718 0.00086450617904008768 137.50000000000003 101.50000000000001 56.869505271284389
decision_type=10 2 2 8 8 10 2 2 10 8 2 10 10 2
left_child=3 7 6 5 -5 -1 -3 8 9 12 -11 -12 13 -2
right_child=1 2 -4 4 -6 -7 -8 -9 -10 10 11 -13 -14 -15
leaf_value=-0.025857245925028596 0.025240971555790661 0.009356955360084851 0.006862370438813434 0.033685650365140339 -0.0016708174281176086 0.018196515440711419 -0.047675993705792036 -0.010165509994059796 0.021097536916203363 -0.019980913588608512 -0.012261417265256008 0.018623595882818759 -0.012338590931968499 -0.0068215836211002606
leaf_weight=7.8742673523374815 24.236759741907008 1.0882047712802876 5.7329205062706015 15.682528778910635 18.135068170726299 3.7466797009110451 8.024453006568363 40.587180332979187 19.216702684760094 31.396675675932784 11.003812436247246 17.793925002217293 8.1987635730765742 8.8410746617591922
leaf_count=343 662 2 33 29 38 16 189 173 61 663 49 39 76 910
internal_value=0.000102433 -0.00254587 -0.0247074 0.0096021 0.0169524 -0.0104527 -0.0399632 0.00017576 0.00391957 -0.000171609 -0.00765347 0.00675416 0.0103874 0.0169008
internal_weight=221.559 176.12 14.8456 45.4385 33.8176 11.6209 9.11266 161.275 120.688 101.471 60.1944 28.7977 41.2766 33.0778
internal_count=3283 2857 224 426 67 359 191 2633 2460 2399 751 88 1648 1572
is_linear=0
shrinkage=0.05


Tree=177
num_leaves=15
num_cat=0
split_feature=37 4 18 1 19 12 28 25 12 67 2 59 21 7
split_gain=3.71532 5.06934 6.96771 5.17063 4.39408 3.80176 9.18828 3.25834 3.69746 3.91174 5.99956 4.21621 2.94063 2.69843
threshold=0.21415392725355828 27.912168742124649 285.00000000000006 14.500000000000002 27991.773809015493 1676.1195882486384 0.11811019448648134 1.0625815314346199 1145.1247136769043 0.17375084341836838 5782.6946906737803 -0.00032107042027587797 19.679833759374798 14.500000000000002
decision_type=2 8 10 8 10 10 2 2 10 2 10 2 8 8
left_child=13 3 12 4 5 -2 -7 8 -5 10 -10 -12 -3 -1
right_child=1 2 -4 7 -6 6 -8 -9 9 -11 11 -13 -14 -15
leaf_value=-0.0041061126892723487 -0.040973737122969076 -0.0069710505536056391 0.011192535103305836 0.018989821281935305 0.018589527409020229 -0.039984046988865901 0.019209351240316183 -0.02288148125847185 -0.036002017395705847 0.014489667657160938 0.018665094598324675 -0.013614947628329039 -0.046781109854256091 0.021470422429063298
leaf_weight=12.844169453717766 9.4951597511244525 9.4389881054230518 10.395173773169516 46.782607246015687 4.4058071300387374 5.8059780235053067 11.84276858717203 3.8757822899788144 8.7983334696327784 26.410124510584865 15.739426180720331 14.917727023363112 10.883828864782119 28.620665817521513
leaf_count=471 427 221 25 548 9 110 27 621 216 155 46 45 147 214
internal_value=0.00135003 -0.00187427 -0.0187974 0.00213577 -0.0144351 -0.0218533 -0.00479179 0.00703178 0.00898969 0.00104817 -0.00856685 0.00325109 -0.0333185 0.0139585
internal_weight=220.257 178.792 30.718 148.074 31.5497 27.1439 17.6487 116.524 112.648 65.8656 39.4555 30.6572 20.3228 41.4648
internal_count=3282 2597 393 2204 573 564 137 1631 1010 462 307 91 368 685
is_linear=0
shrinkage=0.05


Tree=178
num_leaves=15
num_cat=0
split_feature=63 67 56 22 4 60 30 24 55 26 67 21 45 14
split_gain=8.5396 8.06647 6.3456 3.72305 4.8147 4.60115 4.01173 3.85769 3.81575 3.76724 3.73183 2.96522 2.62428 2.91181
threshold=-0.02821209150821705 0.20986067830300964 0.017031615938544506 8.1032070797962543 27.912168742124649 0.033747181807863076 11.500000000000002 5.7252164247697896 -6.7880098598397857e-09 8.7346293474392844 0.0038722198562544208 18.115662035648693 5.9699846998879149 3.7732697086104747
decision_type=2 2 2 2 10 2 10 2 2 2 2 8 8 8
left_child=1 2 -1 6 7 -6 8 11 -2 10 -8 -5 13 -10
right_child=3 -3 -4 4 5 -7 9 -9 12 -11 -12 -13 -14 -15
leaf_value=-0.024235178472665528 0.027245805515352568 -0.055684823118866779 0.019373791193166477 0.0013191689572810278 -0.025979525448716952 0.013632502920771315 0.0085756401925371466 -0.009427847986920531 0.0016342852637787734 0.013614300378862715 -0.030137986696528965 0.023903343102927896 0.0078094082100255927 -0.032964748816583719
leaf_weight=13.737837035092527 8.3818710886407626 8.0399254149524477 10.254686677479183 20.413760797120631 13.095018148422243 8.2632727213203889 5.4474854316504233 12.158984523266552 11.799145113269335 5.162837578682228 25.588996829930693 51.290772076696157 21.701647354959277 6.6416826667264095
leaf_count=52 46 66 56 80 63 23 181 38 556 35 1123 133 310 540
internal_value=-0.00191129 -0.0238898 -0.00546947 0.00231284 0.0084194 -0.0109752 -0.0053177 0.0136984 0.00405074 -0.0168434 -0.023096 0.0179789 -0.00327378 -0.0152004
internal_weight=221.978 32.0324 23.9925 189.945 105.222 21.3583 84.7237 83.8635 48.5243 36.1993 31.0365 71.7045 40.1425 18.4408
internal_count=3302 174 108 3128 337 86 2791 251 1452 1339 1304 213 1406 1096
is_linear=0
shrinkage=0.05


Tree=179
num_leaves=15
num_cat=0
split_feature=14 58 30 17 41 42 36 32 46 21 42 67 67 41
split_gain=2.40073 3.69416 3.41796 2.74338 3.82348 5.57343 6.6692 4.68625 3.69201 3.5971 3.44698 3.33178 6.68184 4.28426
threshold=93.032380896034795 0.69245997177292129 383.50000000000006 462.00000000000006 2.5020000000000002 100.22500000000001 0.34310787671232884 39.106149300021407 1.0000000180025095e-35 -36.426498153446651 89.875000000000014 0.027540783152840195 0.051975657560908835 1.6680000000000004
decision_type=8 2 10 10 10 10 2 2 8 10 10 2 2 10
left_child=3 2 -2 4 5 10 -7 -6 -8 -9 11 13 -13 -1
right_child=1 -3 -4 -5 7 6 8 9 -10 -11 -12 12 -14 -15
leaf_value=0.020315118029727287 -0.011381692202323511 -0.040744316130759101 0.018262206200608023 -0.013959363619668382 -0.010828864170698465 -0.04064699622481803 0.021826401723477298 -0.0096183871089279976 -0.016076196774182441 0.032142400163152632 0.025439333500542019 -0.042221215416612182 0.0019755402623139614 -0.015931504449885361
leaf_weight=26.11169418686768 34.081913893460296 3.7625844329595557 8.1174567714333516 20.494715854525566 8.7662561067263578 11.801811832643581 7.9190499666146907 3.8933782079257098 7.9228879219153905 23.954243575280998 12.408101128879933 6.0864646129775783 35.653158087981865 6.9006245698546982
leaf_count=242 918 24 16 66 304 691 58 133 52 144 80 65 151 352
internal_value=-0.0014956 -0.0110335 -0.00434888 0.0012942 0.00373903 -0.000928154 -0.0186473 0.0167263 0.00356135 0.0257285 0.00539845 0.000685511 -0.00829643 0.0116395
internal_weight=217.874 45.962 42.1994 171.912 151.418 114.804 27.6437 36.6139 15.8419 27.8476 87.16 74.7519 41.7396 33.0123
internal_count=3296 958 934 2338 2272 1691 801 581 110 277 890 810 216 594
is_linear=0
shrinkage=0.05


Tree=180
num_leaves=15
num_cat=0
split_feature=10 27 14 32 32 23 25 14 55 13 30 32 13 63
split_gain=5.94305 6.86518 5.56121 6.85114 5.70711 3.55144 4.19179 4.2792 6.10918 3.85441 4.66311 4.28557 2.97261 2.07814
threshold=102.50000000000001 0.6362479759426326 45.759580306726512 30.956171183116513 36.500729070462064 8.2966561974592903 0.80840032518763005 10.627025673381594 5.4966139535228486e-09 1.4182592646997321 10.500000000000002 56.869505271284389 -40.275378514528505 -0.085921301773873235
decision_type=8 2 8 2 2 2 2 8 2 10 8 2 8 2
left_child=5 13 3 -3 -5 9 7 8 -7 11 -11 12 -1 -2
right_child=1 2 -4 4 -6 6 -8 -9 -10 10 -12 -13 -14 -15
leaf_value=-0.014996585846797805 0.009029715497651674 -0.034570663369963527 0.02491622916807143 0.025649826229917957 -0.017288942627389461 -0.034298613342603174 0.028045482096319126 0.012288889968522754 0.012388105315614815 0.0070359957581797462 -0.036932611370837296 -0.026716848270056555 0.015561779396598533 -0.034772708827837173
leaf_weight=5.7973906920524314 0.99370980262756603 12.150484411045907 10.161332350224255 11.747767060995104 9.7330561436247063 10.129308351781221 19.536680296063423 38.407090769789647 9.3888682819670048 7.5110110875684795 10.880157943814991 4.8524965998076359 33.340307078906335 24.392667047912255
leaf_count=193 1 42 24 24 48 111 46 173 43 61 165 794 1071 488
internal_value=-0.00212265 -0.0135918 -0.000825576 -0.0108214 0.00660321 0.00382433 0.0106826 0.00306334 -0.0138943 -0.00485263 -0.0213101 0.00350053 0.00984916 -0.0318544
internal_weight=209.022 69.179 43.7926 33.6313 21.4808 139.843 77.4619 57.9253 19.5182 62.3814 18.3912 43.9902 39.1377 25.3864
internal_count=3284 627 138 114 72 2657 373 327 154 2284 226 2058 1264 489
is_linear=0
shrinkage=0.05


Tree=181
num_leaves=15
num_cat=0
split_feature=54 5 4 42 4 53 35 62 4 55 32 27 55 32
split_gain=4.12488 4.46958 2.83062 3.24134 3.73001 3.1341 3.09425 5.9022 4.63226 3.48614 4.66658 2.54289 3.60498 2.20375
threshold=0.60642193682256951 50.000000710110108 50.13796381108321 374.55500000000006 24.137193161244753 -2.3098876049139836e-08 7.4759851931775021 36.450292397660824 18.135188560183153 -9.6942072252899542e-09 43.433784798830452 0.60339849466175832 -6.7880098598397857e-09 150.5841134025348
decision_type=2 10 10 8 8 2 2 2 10 2 2 2 2 2
left_child=1 2 3 4 6 -4 7 8 9 -1 -11 -2 -13 -8
right_child=11 -3 5 -5 -6 -7 13 -9 -10 10 -12 12 -14 -15
leaf_value=0.002194344227040095 0.0048444099675566381 -0.020442354113708601 -0.012050835645170288 0.02022223382739196 -0.018562288318648548 0.026956509916497975 0.012634888346584756 0.024957496537292879 0.013094793390296592 -0.04788999664691846 0.00084788064539761921 -0.038669820890903775 0.00048940554054719017 -0.019348050065812521
leaf_weight=8.8870813259854895 12.380383766256275 9.6225855499505979 3.184746932936835 25.514773211092688 14.173242851014946 26.361262234277092 75.613465671864105 7.8436668515205374 8.3705588355660421 11.413795028929604 6.7639744230546048 8.3514355834340712 10.278511457145211 1.4056240885402065
leaf_count=38 61 38 30 181 578 199 1725 17 28 171 122 50 29 39
internal_value=0.0039505 0.00663047 0.00849506 0.00549019 0.00207016 0.0216163 0.00514475 -0.00517778 -0.0141095 -0.0232532 -0.0334839 -0.0117917 -0.0215329 0.0109073
internal_weight=230.165 199.155 189.532 159.986 134.471 29.546 120.298 43.2791 35.4354 27.0649 18.1778 31.0103 18.6299 77.0191
internal_count=3306 3166 3128 2899 2718 229 2140 376 359 331 293 140 79 1764
is_linear=0
shrinkage=0.05


Tree=182
num_leaves=15
num_cat=0
split_feature=5 5 5 1 48 45 3 14 53 61 5 62 12 14
split_gain=7.86424 3.21929 6.45841 4.45729 4.20317 5.59456 5.52551 4.50138 3.28054 3.06423 3.23399 3.19949 2.85208 3.72702
threshold=50.000000710110108 8.6984463172807516 6.4003918332421001 1.5000000000000002 1.0000000180025095e-35 9.7017079086171947 128.50000000000003 -1.6737987516011981 1.6170340679367698e-07 0.0027436526981376749 9.5350000000000027e-10 1.1277173913043479 17281.90912205858 3.7732697086104747
decision_type=10 10 10 8 2 10 10 8 2 2 10 2 10 10
left_child=1 2 3 8 7 6 -6 -5 -1 10 -9 -11 13 -13
right_child=-2 -3 -4 4 5 -7 -8 9 -10 11 -12 12 -14 -15
leaf_value=-0.037482841699030905 -0.036850851089799956 0.019164042115787205 -0.035501129014658572 -0.013847036113592077 -0.036955791385995203 0.016058461723630225 0.0092311433764098016 0.0064889178183459061 0.010012931682256801 0.032523508107832444 -0.026621335893981687 -0.017304636978964661 0.026152875939615558 0.011089791740273455
leaf_weight=6.1205192751658597 7.9910500869154921 22.587843301240355 6.5260443356819442 14.990146798721979 14.581740531575639 9.8316362106706929 7.1727066226303569 38.819715415622341 2.8319959416985512 21.341387218446471 3.873296089062932 11.548510327003894 14.409527480602263 33.825167782604694
leaf_count=250 39 64 46 475 958 136 20 794 10 77 228 43 28 96
internal_value=0.00094421 0.00322228 0.000833715 0.0030829 0.00516967 -0.0101983 -0.0228482 0.0088997 -0.0242542 0.0120841 0.00100903 0.0175156 0.0100614 0.00286255
internal_weight=216.451 208.46 185.872 179.346 170.394 31.5861 21.7544 138.808 8.95252 123.818 42.693 81.1246 59.7832 45.3737
internal_count=3264 3225 3161 3115 2855 1114 978 1741 260 1266 1022 244 167 139
is_linear=0
shrinkage=0.05


Tree=183
num_leaves=15
num_cat=0
split_feature=11 13 32 53 61 55 41 67 11 42 42 1 14 14
split_gain=2.78046 4.56804 3.83949 3.63797 3.4304 4.91758 3.50646 2.76485 7.30951 3.03465 4.05815 9.49618 4.05387 2.66281
threshold=470.96741604280123 1.6581918630639845 15.030272830594184 2.3962250698135944e-08 0.019877215140389506 4.3421113907190334e-08 1.3715000000000004 0.039156052402571827 1122.3354469694752 233.13500000000002 111.78000000000002 200.00000000000003 35.90093414661397 -0.43218358022466774
decision_type=8 8 2 2 2 2 8 2 10 10 10 10 10 8
left_child=1 2 -1 -3 6 -6 -2 8 -8 10 13 12 -12 -9
right_child=4 3 -4 -5 5 -7 7 9 -10 -11 11 -13 -14 -15
leaf_value=0.015412156119512696 0.026047102769380909 -0.04119983002956313 -0.023774263275036994 0.0040864457101748844 -0.018753715056059932 0.013954831876606004 0.0081002303670878635 -0.011761800411115497 -0.03328405990616843 0.025720183292746585 -0.042853286186771186 0.022426424003259341 0.0080511090104842861 0.015193390965265672
leaf_weight=15.11058011534624 13.494479659013448 10.626798132259863 4.152717861783457 5.0253310957923523 33.348051011562347 12.198550090193747 23.939985245466232 7.4465671720681712 12.357045019598443 13.050491629139286 12.079649954801427 8.2928716673050058 3.2620529495179644 42.216076158569194
leaf_count=563 39 520 543 31 102 30 264 102 183 234 452 55 10 144
internal_value=-0.00082709 -0.0127897 0.00380609 -0.0291909 0.00175279 -0.00947968 0.00571341 0.00254346 -0.00831276 0.00731219 0.00260149 -0.0128268 -0.0327111 0.0104455
internal_weight=216.601 34.9154 19.2633 15.6521 181.686 45.5466 136.139 122.645 36.297 86.3477 73.2972 23.6346 15.3417 49.6626
internal_count=3272 1657 1106 551 1615 132 1483 1444 447 997 763 517 462 246
is_linear=0
shrinkage=0.05


Tree=184
num_leaves=15
num_cat=0
split_feature=63 67 36 55 0 1 42 26 3 0 67 63 28 21
split_gain=2.72379 9.24001 4.69703 4.02017 3.42073 3.49776 3.47744 5.29935 4.26053 3.30551 2.94807 4.53727 2.36175 2.41321
threshold=-0.02821209150821705 0.20986067830300964 0.46793426258036724 -1.6813668769109295e-08 154.00000000000003 200.00000000000003 233.13500000000002 1.0337952610051739 40.500000000000007 1168.5000000000002 0.24618216727051698 -0.020421808389036601 0.9106287986307926 -0.0090567851352217048
decision_type=2 2 2 2 10 8 10 2 10 10 2 2 2 10
left_child=1 2 -1 -2 6 9 7 8 12 -6 11 -9 13 -5
right_child=3 -3 -4 4 5 -7 -8 10 -10 -11 -12 -13 -14 -15
leaf_value=0.020391874380453628 0.014097490078895495 -0.047429913787382628 -0.01555368329647362 -0.0020525718360452881 0.01124302068781406 0.024517859253153373 0.013700082678667184 0.00088405687403214715 0.02261740182351557 -0.02438918527775482 0.0046709119725820156 -0.044893060700063353 0.012392455749349371 -0.024184561139668579
leaf_weight=14.035903051146308 45.10817764949752 7.8243143241852513 12.554024828597901 29.348483115260017 10.412339408590926 15.903458065586163 13.473857946286442 7.0705927801318511 9.5420134365558607 6.4983685274200971 4.9602636357885777 15.713205462758197 8.1161925182677788 17.597912417142659
leaf_count=64 216 62 42 893 326 264 110 19 24 652 41 140 42 436
internal_value=-0.000566973 -0.0125109 0.00364509 0.00194221 -0.00236581 0.0107196 -0.006724 -0.0102545 -0.00180418 -0.00489051 -0.0266517 -0.0330843 -0.0075668 -0.0118781
internal_weight=218.159 34.4142 26.5899 183.745 138.637 32.8142 105.823 92.3487 64.6046 16.9107 27.7441 22.7838 55.0626 46.9464
internal_count=3331 168 106 3163 2947 1242 1705 1595 1395 978 200 159 1371 1329
is_linear=0
shrinkage=0.05


Tree=185
num_leaves=15
num_cat=0
split_feature=58 29 53 65 53 67 67 50 42 66 67 38 29 50
split_gain=2.91324 2.82337 4.38869 5.05402 4.84156 3.12965 3.17356 3.45192 3.7861 3.07648 2.65569 2.91603 2.88092 2.93763
threshold=1.0050947144634115 7227.0575469837286 6.933371198815278e-08 1.5765084614071743 1.8432031211612354e-08 0.053767093089976882 0.029106315714480975 0.14419119974675534 180.51500000000001 0.89755526658439788 0.21147376757341321 718.26159580218257 11.877223422249019 0.099879641546308226
decision_type=2 10 2 2 2 2 2 2 10 2 2 2 10 2
left_child=1 2 3 4 5 6 -1 8 -8 -3 11 -7 -12 -14
right_child=-2 9 -4 -5 -6 10 7 -9 -10 -11 12 -13 13 -15
leaf_value=-0.0031795867548646247 -0.02973968609675199 0.0073973054935551653 0.018950734732106855 -0.024927619901872221 0.020220319797709649 0.017032260852873009 -0.048431817425915499 0.012803925195524252 0.0098031155773343412 -0.027974698783602342 0.015522229614706473 -0.016821755838597779 0.012562041257184462 -0.028322264967145589
leaf_weight=51.144747960788663 3.2481125406920901 7.0660859048366556 28.627102989703417 14.351008603640365 24.984245793893933 36.758227160898969 7.7613255556789191 1.6418499568244449 1.6942088085343128 11.505148492753506 4.7463984170754001 3.3909735573397475 2.813919087609972 10.724212951143272
leaf_count=1713 20 17 91 80 64 194 128 7 74 61 154 526 27 142
internal_value=-0.000595531 0.00055127 0.00252768 -0.000895719 0.0022207 -0.00216207 -0.00960567 -0.029035 -0.0382158 -0.0158019 0.00589884 0.0126267 -0.00841334 -0.0187282
internal_weight=210.458 207.209 188.638 160.011 145.66 120.676 62.2421 11.0974 9.45553 18.5712 58.4337 40.1492 18.2845 13.5381
internal_count=3298 3278 3200 3109 3029 2965 1922 209 202 78 1043 720 323 169
is_linear=0
shrinkage=0.05


Tree=186
num_leaves=15
num_cat=0
split_feature=10 65 63 43 54 13 14 14 14 65 58 43 63 14
split_gain=5.18173 2.53595 5.76856 5.30579 5.04892 3.04088 4.74033 3.70223 6.00797 2.70128 5.19766 4.76304 3.29822 2.80665
threshold=1.5000000000000002 1.4103168605658352 0.0046628518389517015 32701.878421444384 0.97893127597817298 21.987026058096394 7.7035578941597027 7.0452276608282469 -0.46050866177252631 1.0287616328460614 -0.12713728922380849 25.234757870561225 0.0087297039528511835 -22.272523535936049
decision_type=10 2 2 8 2 10 10 10 10 2 2 8 2 10
left_child=-1 5 3 4 -3 6 9 8 -7 10 13 -12 -13 -2
right_child=1 2 -4 -5 -6 7 -8 -9 -10 -11 11 12 -14 -15
leaf_value=-0.023854967867267422 0.019913303989074597 -0.043327586643592118 0.022920579523200243 0.0074558495142792724 -0.0013982794822406321 0.017305934185987085 -0.030421860138295648 0.02248571186158389 -0.02641268615596017 0.011467040575132618 0.017096084462431757 -0.036254366784150477 0.0043840733957360312 -0.012242609162871197
leaf_weight=21.08011854000506 16.654015933891063 15.21049331862014 6.6958130328566758 12.908891914412377 11.668413646053521 12.254585145536113 7.9753205354791126 29.871478132903576 9.5050337209831905 36.26777951256372 3.9620379229309064 16.903632732457485 5.1800058285589321 5.9262504626531145
leaf_count=1421 221 92 24 49 44 55 48 81 54 164 99 598 141 242
internal_value=-0.0029496 -9.24155e-05 -0.0096609 -0.0170907 -0.0281998 0.00320579 -0.00225131 0.0123536 -0.00315812 0.00194007 -0.00557229 -0.0192058 -0.0276725 0.0107844
internal_weight=212.064 190.984 46.4836 39.7878 26.8789 144.5 92.869 51.6311 21.7596 84.8937 48.6259 26.0457 22.0836 22.5803
internal_count=3333 1912 209 185 136 1703 1513 190 109 1465 1301 838 739 463
is_linear=0
shrinkage=0.05


Tree=187
num_leaves=15
num_cat=0
split_feature=1 5 29 66 4 25 34 13 29 10 5 57 57 35
split_gain=2.88771 5.03283 5.63258 3.22445 3.19108 7.5457 4.35637 3.75334 3.8528 3.07433 3.27698 4.1931 2.91367 2.57919
threshold=14.500000000000002 1.4876100000000002e-10 2214.3004938553399 0.9657619789456543 27.912168742124649 0.44169248613527806 3.562771597781146 18.115662035648693 866.93909940328035 44.500000000000007 6.2495045888020506 -0.0017100345338735895 0.0050701282507306092 215.31622300791761
decision_type=8 10 10 2 8 2 2 10 10 8 10 2 2 2
left_child=1 2 -1 -3 6 -6 -2 8 9 10 11 -8 -5 -13
right_child=4 3 -4 12 5 -7 7 -9 -10 -11 -12 13 -14 -15
leaf_value=-0.045966443157482176 -0.020846705289629008 0.018834054684864498 0.0025368996133196572 -0.028368917553529455 0.0060049553461702064 -0.031731341126184767 0.015053523517100535 0.020736529954704975 -0.021088032779769419 0.024296874477048144 0.021009387184390649 -0.02924821001863305 0.013916240163611763 0.0027309957304551616
leaf_weight=9.0642554021324049 6.9082028100965536 13.712922926060857 9.5581702198833209 5.2710355414310452 41.492474153055809 13.698791584116405 9.5903631113760586 51.99190953373909 8.9444692693650705 14.749939008033833 8.6776326883118582 13.330429236259087 2.8838606234639883 8.4053084480110538
leaf_count=699 137 46 37 99 148 496 191 145 40 188 25 757 7 312
internal_value=0.00167464 -0.00964548 -0.0258039 0.00635614 0.00444603 -0.00521924 0.00883116 0.0113935 0.00281337 0.00815572 0.000166045 -0.00770482 -0.0138096 -0.0186837
internal_weight=218.28 40.4902 18.6224 21.8678 177.79 55.1913 122.598 115.69 63.6981 54.7537 40.0037 31.3261 8.1549 21.7357
internal_count=3327 888 736 152 2439 644 1795 1658 1513 1473 1285 1260 106 1069
is_linear=0
shrinkage=0.05


Tree=188
num_leaves=15
num_cat=0
split_feature=12 12 14 27 0 67 55 48 11 3 63 61 62 61
split_gain=2.68092 3.38687 6.33698 7.11767 3.09244 3.04016 2.91527 2.93076 2.43703 3.9223 4.73261 4.44886 4.16653 3.92181
threshold=15951.446521369351 5685.3275768166523 -20.639551766367592 0.72086327703916642 273.50000000000006 0.19294140983457472 5.4973287749312451e-08 1.5000000000000002 5563.8147427438244 7.5000000000000009 -0.0068338059504021754 0.0025270374871339553 23.100000000000005 0.008413743027410386
decision_type=10 10 10 2 10 2 2 2 10 8 2 2 2 2
left_child=1 4 -3 -4 8 -2 7 -6 9 11 12 -1 -11 -12
right_child=5 2 3 -5 6 -7 -8 -9 -10 10 13 -13 -14 -15
leaf_value=-0.008291494259320846 0.021977704500386448 0.010927917137898022 -0.044500497520703466 0.008555437116742802 0.024605560302839183 -0.008142632573339274 -0.014114948472454442 -0.0096764958645989829 0.010322982572635359 -0.042890788762261961 -0.014391950717639013 0.022951272552935904 0.0024950668033084781 0.01478159519475632
leaf_weight=22.591781536379131 19.355743711814288 11.752534685423596 15.635766867548229 7.0854652822017661 24.69735145804589 9.5386781208217126 4.7575456306221886 4.9920118659501886 21.01936611533165 14.149271292611958 23.872703447588719 14.78904743993189 6.1567693874239913 14.300529710948465
leaf_count=1495 51 62 79 25 558 43 90 506 60 79 110 87 17 34
internal_value=-0.000675292 -0.00296257 -0.0160065 -0.0293964 0.000425884 0.0123 0.0125816 0.0182774 -0.00352585 -0.00692371 -0.0145517 0.0053186 -0.0313558 -0.00301673
internal_weight=214.695 185.8 34.4738 22.7212 151.326 28.8944 34.4469 29.6894 116.879 95.8601 58.4793 37.3808 20.306 38.1732
internal_count=3296 3202 166 104 3036 94 1154 1064 1882 1822 240 1582 96 144
is_linear=0
shrinkage=0.05


Tree=189
num_leaves=15
num_cat=0
split_feature=13 41 5 0 5 4 54 41 43 14 54 60 19 19
split_gain=4.42606 3.32322 3.07425 2.80098 4.95055 5.3772 3.10589 2.85775 2.77447 2.59748 2.60392 2.49486 2.95081 2.27977
threshold=141.97967954208889 1.4585000000000001 15.171698059412558 13.500000000000002 19.491028859058353 3.4654253363408505 0.73080549932285854 2.3460000000000005 8653.0582113521177 -1.206168780458621 -0.090718205798797941 0.0081635408108819973 12078.882593346576 16385.564713545282
decision_type=8 8 8 10 10 10 2 10 10 8 2 2 10 8
left_child=3 -2 -3 4 5 -1 7 9 -5 10 -7 -10 -13 -9
right_child=1 2 -4 8 -6 6 -8 13 11 -11 -12 12 -14 -15
leaf_value=-0.031752757708893457 0.0084809425923556055 0.0073411198506137965 -0.032333226883274488 0.012884566668426809 -0.039704249632743473 0.013500554966706144 -0.020370666488385383 -0.027258306760034115 -0.024706194840218729 0.016494542873705467 -0.024287353084798079 -0.014012444160901222 0.019834206713348665 0.0082975271848467948
leaf_weight=6.9669798506074576 6.971424421004488 4.0844870319124311 19.404025983763862 65.171661775384564 3.9862244129180899 3.9806390264129732 6.4446512269205405 5.0054380763322088 6.1575461700558689 48.414060990442522 5.1344929182960168 7.2869871656876084 8.909567251801489 4.9463153034448633
leaf_count=617 237 52 160 1610 24 43 32 97 24 180 82 53 36 20
internal_value=-0.00140777 -0.0175083 -0.0253566 0.0018501 -0.00449459 -0.000549257 0.00421672 0.00780816 0.00791331 0.0120927 -0.0088484 -0.00628593 0.00489299 -0.012721
internal_weight=202.865 30.4599 23.4885 172.405 84.8788 80.8926 73.9256 67.4809 87.5258 57.5292 9.11513 22.3541 16.1966 9.95175
internal_count=3267 449 212 2818 1095 1071 454 422 1723 305 125 113 89 117
is_linear=0
shrinkage=0.05


Tree=190
num_leaves=15
num_cat=0
split_feature=33 27 38 62 54 14 14 27 59 4 4 14 57 63
split_gain=2.85282 2.9171 4.47978 8.33685 3.84279 3.11146 5.63252 4.65201 3.04437 5.28534 3.18669 2.60083 3.83484 2.9458
threshold=7.5118196950052143 0.72086327703916642 29.996296457419785 27.761403508771934 0.32960921447274355 93.032380896034795 27.554873857713318 0.68982758620689666 1.0000000180025095e-35 22.584208910470153 91.966955166394612 9.5060654733264229 0.00090730096657414743 0.010904943641754419
decision_type=2 2 2 2 2 10 10 2 2 10 10 8 2 2
left_child=-1 2 3 -2 -3 6 7 8 9 -4 -11 12 -10 -13
right_child=1 4 5 -5 -6 -7 -8 -9 11 10 -12 13 -14 -15
leaf_value=-0.013554189674863971 -0.051839668000642297 0.01999476981593952 0.017558908572183209 0.0091313284715713143 -0.0078933296813707126 -0.027618008899060201 0.027933688589775886 -0.027753198273261448 -0.011515506650326969 -0.02976410028034563 0.011755403802420548 -0.038141157275081661 0.024482575789247993 0.0072219929722506324
leaf_weight=24.382782882195897 6.1990630532382047 38.848930053238291 45.353153697244124 8.7279687747359258 14.056248394772409 2.9890890829265109 16.352097306400537 8.5715373806306143 15.017680120829032 7.1917967183981073 4.0051865726709366 5.8102200102584884 6.7735450584441415 3.3049851007817779
leaf_count=692 104 166 708 20 47 18 47 68 1066 88 12 162 11 107
internal_value=0.000962174 0.00320296 -0.000913027 -0.0228434 0.0125435 0.00275545 0.00470535 -0.000436791 0.00359656 0.0101889 -0.0158683 -0.00820474 0.00215492 -0.0249614
internal_weight=207.584 183.202 130.296 14.927 52.9052 115.369 112.38 96.0281 87.4566 56.5501 11.197 30.9064 21.7912 9.11521
internal_count=3316 2624 2411 124 213 2287 2269 2222 2154 808 100 1346 1077 269
is_linear=0
shrinkage=0.05


Tree=191
num_leaves=15
num_cat=0
split_feature=55 61 63 45 27 63 63 55 61 61 39 55 53 45
split_gain=2.44494 4.95886 2.63715 2.6089 3.50965 5.78922 5.36452 4.55072 4.3936 2.98086 3.00006 2.8874 2.48157 3.36871
threshold=-1.1756214766593064e-07 0.017620536857440239 -0.04068915278600603 2.524928003624769 0.69857346164272172 -0.024126291244887146 -0.022767527085396727 -3.7114227441334242e-08 -0.0073306075050097097 0.032612969428312218 0.22400000000000003 -4.5969470703177109e-09 5.6385420745048222e-08 3.6242520361853052
decision_type=2 2 2 8 2 2 2 2 2 2 2 2 2 10
left_child=1 -1 -2 4 5 -4 -6 -7 -9 10 -10 -8 13 -5
right_child=2 -3 3 12 6 7 11 8 9 -11 -12 -13 -14 -15
leaf_value=0.0087592497331891103 0.023801664273038259 -0.031136044306614208 0.014123260842806577 0.015038646896814042 -0.026049050064698306 0.011031432009906311 -0.010907797925645696 0.0095118788860546078 -0.046790671353041165 0.010070208155683087 0.0052964318357866472 0.020610123719221426 0.025825945969841085 -0.0036960990082983212
leaf_weight=12.572791987331586 11.200518804136662 10.161538708955048 10.890137676382436 36.491518609283958 5.5234092921018592 5.5480659090098916 5.8924909606575957 3.8423535710026036 19.609753041528176 1.1832253336906422 2.0436761044256846 28.163063955202233 11.468853982165454 53.329985796939582
leaf_count=63 49 37 35 284 22 24 31 117 795 2 81 142 48 1617
internal_value=0.00253305 -0.0114712 0.00440996 0.00263097 -0.00383699 -0.0130316 0.0065178 -0.0228722 -0.030551 -0.0377895 -0.0418033 0.0144584 0.00784367 0.00430686
internal_weight=217.921 22.7343 195.187 183.987 82.6962 43.1172 39.579 32.2271 26.679 22.8367 21.6534 34.0556 101.29 89.8215
internal_count=3347 100 3247 3198 1249 1054 195 1019 995 878 876 173 1949 1901
is_linear=0
shrinkage=0.05


Tree=192
num_leaves=15
num_cat=0
split_feature=41 42 37 42 5 63 12 21 33 1 55 54 27 36
split_gain=2.57473 5.90515 3.38269 3.64715 3.70164 4.35951 3.22845 2.88428 2.67887 3.00508 2.53109 2.96831 2.74104 4.45964
threshold=2.9950000000000006 179.27500000000001 0.65498346717052447 25.355000000000004 6.4003918332421001 -0.0014059129580517049 13013.898378111089 32.542783533787563 7.5118196950052143 15.500000000000002 -1.6813668769109295e-08 0.90123146583450564 0.6876701451905628 0.2568598198600151
decision_type=10 10 2 10 8 2 10 10 2 10 2 2 2 2
left_child=2 -2 10 8 -5 -6 -3 -7 9 -4 11 -1 13 -12
right_child=1 6 3 4 5 7 -8 -9 -10 -11 12 -13 -14 -15
leaf_value=0.020261250966871151 -0.034487704459844219 -0.016439728523655953 -0.031895811090760194 0.0075102401348803687 -0.048652870232327249 -0.019842200012061426 0.026747682013378845 0.018587413216682388 0.017485897501760626 0.014933797089408521 0.0035609370095311937 -0.0082183152313233167 0.012259471948884737 -0.022560296563448323
leaf_weight=39.575560389668681 10.170251425297467 2.8902412451570836 3.1203599498840076 6.8633168000378646 8.269915365846833 5.693914936273357 6.0781017690896988 4.0603640973567963 12.925135307013987 2.0530009986832738 52.410043140756898 8.5644253976643068 33.19795037608128 18.077351201733109
leaf_count=145 343 129 106 50 67 79 22 10 45 7 1660 32 129 446
internal_value=0.000669723 -0.0147725 0.00251849 -0.00918071 -0.0200855 -0.0299425 0.011927 -0.00296741 0.00691645 -0.0151059 0.00601796 0.014898 0.00139935 -0.00418876
internal_weight=213.95 19.1386 194.811 42.986 24.8875 18.0242 8.96834 9.75428 18.0985 5.17336 151.825 48.14 103.685 70.4874
internal_count=3270 494 2776 364 206 156 151 89 158 113 2412 177 2235 2106
is_linear=0
shrinkage=0.05


Tree=193
num_leaves=15
num_cat=0
split_feature=2 53 5 28 8 0 33 36 27 67 63 0 0 27
split_gain=5.5461 4.76538 4.94228 4.78751 4.33922 4.09189 3.70592 4.06 3.00222 3.89982 8.02797 2.758 2.95849 3.45236
threshold=31267.803350797974 3.4797744165029536e-08 1.7509590166776265 0.20112267457560545 58.500000000000007 33.500000000000007 14.667733315852884 0.63258728987265822 0.73370786516853947 0.05507765095410886 -0.021088581083529932 2.5000000000000004 16325.500000000002 0.49544208456788419
decision_type=8 2 10 2 10 10 2 2 2 2 2 10 10 2
left_child=1 2 6 -3 -5 -4 -1 8 9 10 -8 -11 13 -13
right_child=-2 3 5 4 -6 -7 7 -9 -10 11 -12 12 -14 -15
leaf_value=0.0089678930482619875 -0.025952461069213867 0.025439084355416058 0.019775407687950372 0.011515645855494229 -0.021802953662996373 -0.012767688648473911 0.0096748300377506088 -0.042509979460516725 0.013286608369062165 0.014350414349643563 -0.04951619880322293 0.010416809661071599 0.011882364277106421 -0.028038922029831399
leaf_weight=16.419579957146198 15.848230749368666 28.46115714404732 26.204569879919291 20.317915521562103 10.939290549606083 9.9565265809651446 6.6975252255797377 7.0258436623844309 8.3437728942371887 10.491785621503366 11.165203960088549 4.9524510113988134 6.8245362801244474 17.3270704872848
leaf_count=925 57 95 99 60 40 74 27 118 38 128 918 281 88 343
internal_value=-0.00149693 0.00122408 -0.0043135 0.0122879 -0.00154373 0.0103526 -0.0104898 -0.015171 -0.00945607 -0.0135579 -0.0300606 -0.0035774 -0.0111966 -0.0191482
internal_weight=200.975 185.127 125.409 59.7184 31.2572 36.1611 89.2478 72.8282 65.8023 57.4586 17.8627 39.5958 29.1041 22.2795
internal_count=3291 3234 3039 195 100 173 2866 1941 1823 1785 945 840 712 624
is_linear=0
shrinkage=0.05


Tree=194
num_leaves=15
num_cat=0
split_feature=4 4 0 5 63 67 42 59 4 5 44 14 22 22
split_gain=5.5631 5.07 6.37721 4.30083 3.22057 5.29811 3.52502 2.65341 4.20812 2.71647 2.39394 3.41659 1.77859 3.26556
threshold=4.7816066886361206 3.419402984026251 11.500000000000002 50.000000710110108 -0.027294120482925708 0.20986067830300964 63.120000000000012 0.00037738872065423088 13.219149195288702 0.40247527202580741 0.71335696579763364 3.4194362714951834 8.1032070797962543 7.969000555580867
decision_type=10 10 10 10 2 2 10 2 10 10 2 8 2 2
left_child=1 2 -1 4 5 6 -2 -6 9 -9 -10 -12 13 -4
right_child=3 -3 12 -5 7 -7 -8 8 10 -11 11 -13 -14 -15
leaf_value=-0.023615137197885935 -0.013244566638026195 -0.045644016523982089 0.012597539643232495 -0.023574310754394204 0.014936484404566758 -0.032861915655317479 0.020304519636025548 -0.032860535692426418 0.022479189083839671 0.0077464212878279289 0.015668901393128737 -0.024151685772136444 0.027915819990638632 -0.02653617676123662
leaf_weight=19.158531247521751 9.3618100658059173 5.4656187646905883 12.673695904493799 7.7982529066503039 84.213212529197335 7.8395456583239129 12.973948996455873 7.6479900301637809 12.288803369272502 3.7346089034108445 6.0972683613654208 5.7029416477307677 5.6671536602079859 2.638397069356869
leaf_count=760 28 188 832 39 698 56 49 244 140 17 33 28 10 168
internal_value=4.43108e-05 -0.0144351 -0.00560004 0.00454753 0.00672481 -0.00702753 0.00639223 0.0103349 -0.00108549 -0.0212395 0.0104516 -0.00503637 0.0122303 0.000982234
internal_weight=203.262 45.6034 40.1378 157.658 149.86 30.1753 22.3358 119.685 35.4716 11.3826 24.089 11.8002 20.9792 15.3121
internal_count=3290 1958 1770 1332 1293 133 77 1160 462 261 201 61 1010 1000
is_linear=0
shrinkage=0.05


Tree=195
num_leaves=15
num_cat=0
split_feature=25 25 32 27 44 27 37 28 44 5 1 56 12 67
split_gain=3.06971 2.66008 4.30113 3.33708 3.51316 2.86439 3.75928 4.66798 3.00479 2.79093 2.5812 2.34575 3.88459 2.20331
threshold=0.025824222460025675 0.77259710720908814 53.779276481033058 0.64310689310689317 4.115915371412572 0.72086327703916642 0.56855039049634082 0.93782625356105376 0.15956976018512484 8.6984463172807516 4.5000000000000009 0.2176230402671637 4995.8110256720374 0.15750361839769578
decision_type=2 2 2 2 2 2 2 2 2 10 8 2 10 2
left_child=-1 2 3 -2 9 6 -3 10 -7 13 -8 12 -4 -5
right_child=1 5 11 4 -6 8 7 -9 -10 -11 -12 -13 -14 -15
leaf_value=0.014677513444782242 -0.034644175934723381 0.0040768117771703694 0.011183062825881371 -0.03831455737824796 0.014244832103659399 -0.0060502506978288052 0.00724474467132721 0.015479155521905 0.024564655346304452 0.0044868479317340879 -0.043031992268823975 0.022707115283826046 -0.023789605489353452 0.00085163035779187233
leaf_weight=30.781020925962366 13.241089615097733 58.566363799400278 14.984989000018691 8.2555904580513069 9.689031742513178 9.2114484498742986 1.5723086987272807 3.1988928052596739 20.725264433771372 8.6226570755243284 8.1694259488722309 7.9801032096147528 8.2768170200288278 4.6323016025125971
leaf_count=164 108 2309 57 66 22 143 63 9 56 26 230 19 45 20
internal_value=0.00131145 -0.00135049 -0.00816629 -0.0174201 -0.0063347 0.00387921 -0.00173882 -0.0218599 0.0156268 -0.0165427 -0.0352124 0.00558425 -0.0032679 -0.0279339
internal_weight=207.907 177.126 75.6826 44.4407 31.1996 101.444 71.507 12.9406 29.9367 21.5105 9.74173 31.2419 23.2618 12.8879
internal_count=3337 3173 363 242 134 2810 2611 302 199 112 293 121 102 86
is_linear=0
shrinkage=0.05


Tree=196
num_leaves=15
num_cat=0
split_feature=59 16 59 4 13 20 1 67 56 55 67 62 14 3
split_gain=3.9928 2.83523 4.1194 5.17569 4.70244 3.73338 3.71467 3.40249 3.36513 2.93863 3.99896 3.45888 4.32236 2.79927
threshold=-0.0113731801557729 314.50000000000006 -0.0037817305433189021 27.912168742124649 19.679833759374798 734.77403256980926 24.500000000000004 0.021234929876780179 0.35689047039402105 1.6117040149093973e-08 0.24305587637557993 1.7168989547038329 10.627025673381594 24.500000000000004
decision_type=2 8 2 8 8 10 8 2 2 2 2 2 10 10
left_child=-1 2 -2 5 7 -4 -3 -5 -9 11 -11 13 -13 -7
right_child=1 6 3 4 -6 9 -8 8 -10 10 -12 12 -14 -15
leaf_value=-0.026275536971852521 0.016474214108526862 -0.01644546165079552 0.011437814447191058 -0.026212525628369579 -0.039880071648673354 -0.010228921842185159 0.017717551510205012 0.026912773853110139 -0.018509489701013262 -0.031874149932200058 0.010770913377381508 -0.031388619446262575 0.0073330386785079391 0.02651616360052951
leaf_weight=6.3666786521207532 27.591513298102655 5.2797584705986074 47.579201757296687 2.7590091696474692 11.257687975943556 4.3376227149419746 50.136869825830217 7.7555393824877665 1.8827717295498585 13.558160176064122 4.9177414514706461 8.0010973960161227 12.877636445686219 11.829651938751338
leaf_count=58 110 76 1206 151 208 398 418 63 146 283 82 37 47 33
internal_value=0.00271641 0.0041876 0.000574295 -0.00338054 -0.0221899 0.00176172 0.0133711 0.000718911 0.0147483 -0.00679006 -0.0206468 0.00175415 -0.0107033 0.0165701
internal_weight=216.131 209.764 154.348 126.756 23.655 103.101 55.4166 12.3973 9.63831 55.5219 18.4759 37.046 20.8787 16.1673
internal_count=3316 3258 2764 2654 568 2086 494 360 209 880 365 515 84 431
is_linear=0
shrinkage=0.05


Tree=197
num_leaves=15
num_cat=0
split_feature=9 13 13 13 55 12 4 41 35 10 55 32 5 60
split_gain=16.9567 2.88349 4.37904 4.45948 2.63081 3.60685 2.91349 4.51908 3.87307 2.90367 2.74751 6.28106 4.84958 2.53838
threshold=2113.0000000000005 -36.426498153446651 -3.303097462185101 0.97486764910543733 -1.0734648341823303e-07 17281.90912205858 27.912168742124649 1.3860000000000003 5.2304297889770845 73.500000000000014 1.2700774939582234e-08 48.060974969002103 2.3435685267142001 0.018330918428754655
decision_type=8 8 8 8 2 8 10 10 2 10 2 2 8 2
left_child=1 -1 -3 -4 5 9 10 -8 -9 -5 12 -12 -6 -14
right_child=-2 2 3 4 6 -7 7 8 -10 -11 11 -13 13 -15
leaf_value=-0.021821441383789511 -0.069166932534770811 0.017803620228699548 -0.031199817587071233 -0.00026207742206248809 -0.01960924626695091 0.010188132532734531 0.017194866321550654 0.0043854673713993233 -0.036458126176082288 -0.043969057935064559 -0.02393097386229124 0.019525397287490264 0.020666611887593177 -0.0019521733078984695
leaf_weight=10.067266009587909 4.5545778813539064 26.830507369930274 7.5034098944743191 5.9846893115900475 6.8716448350460269 6.2927069012075654 6.2077735774219063 7.6175818829797235 10.883921392145565 5.7054355964064598 15.180420780554416 9.4460748434066755 50.992480695422273 14.889806822349781
leaf_count=577 66 851 771 29 204 26 24 36 163 31 58 30 364 76
internal_value=-0.00421567 -0.000829126 0.000956999 -0.00258892 -3.37919e-05 -0.0156001 0.00278255 -0.0111429 -0.0222864 -0.0283753 0.00668761 -0.00678014 0.0113892 0.0157775
internal_weight=189.028 184.474 174.406 147.576 140.073 17.9828 122.09 24.7093 18.5015 11.6901 97.3804 24.6265 72.7539 65.8823
internal_count=3306 3240 2663 1812 1041 86 955 223 199 60 732 88 644 440
is_linear=0
shrinkage=0.05


Tree=198
num_leaves=15
num_cat=0
split_feature=33 32 4 13 60 44 8 38 59 37 41 3 14 13
split_gain=4.9717 4.84358 6.94796 4.57914 2.63139 3.77588 2.87196 3.24751 2.67285 2.55985 4.94272 4.05059 3.70463 4.37206
threshold=24.901014235968486 38.594851619337483 75.935108718767907 -47.921278271114531 0.0077593530076696029 4.8943321209451609 51.500000000000007 718.26159580218257 -1.7434231676418949e-06 0.57558539944903597 2.5530000000000004 120.50000000000001 4.488666218902444 12.762912026396995
decision_type=2 2 8 8 2 2 10 2 2 2 10 10 8 10
left_child=4 2 3 -2 6 -6 7 8 -1 10 11 -3 13 -11
right_child=1 9 -4 -5 5 -7 -8 -9 -10 12 -12 -13 -14 -15
leaf_value=-0.006846563833578752 0.014250627860407532 -0.021454666421708041 0.015114740079789824 -0.036515484072701665 0.032035482527443912 -0.012236312608653769 -0.016808532323697944 -0.015601719062390619 0.021329085127177065 0.015104316789556264 0.01111023140764662 0.016604573387785395 0.023444056837646499 -0.031372735755292681
leaf_weight=8.3655766267329437 2.5229616303695366 31.511487101583043 8.1572609788272512 23.680102384882051 18.791064185090367 3.2175121633335939 7.9437601468525818 6.3333225922542615 30.69670571788447 6.1660327615099941 27.348699834750732 4.7417026683688155 20.259236967482142 4.6912695281207561
leaf_count=60 21 1102 87 310 234 12 31 824 110 64 329 12 96 24
internal_value=0.00186465 -0.00407658 -0.018831 -0.0301272 0.0116629 0.0244962 0.00472211 0.0097836 0.0152028 0.00195159 -0.00382181 -0.0150676 0.0126477 -0.00853779
internal_weight=204.427 129.079 34.3603 26.2031 75.3479 22.0086 53.3394 45.3956 39.0623 94.7184 63.6019 36.2532 31.1165 10.8573
internal_count=3316 2045 418 331 1271 246 1025 994 170 1627 1443 1114 184 88
is_linear=0
shrinkage=0.05


Tree=199
num_leaves=15
num_cat=0
split_feature=42 41 1 55 61 55 5 42 50 37 1 12 11 5
split_gain=2.84625 2.96394 3.51211 3.60121 3.27692 3.16375 2.96927 2.62672 5.41176 4.62397 3.21009 2.55927 2.88255 2.38465
threshold=112.57500000000002 2.5900000000000003 14.500000000000002 -8.6763801323382702e-09 0.053013796107365764 3.1526756299788601e-08 0.4127801939633074 167.58000000000001 0.099879641546308226 0.5295573675014561 7.5000000000000009 15951.446521369351 560.14480831216963 2.1846474721926001
decision_type=10 10 8 2 2 2 8 10 2 2 8 10 10 8
left_child=1 2 3 -1 6 -3 -5 8 -2 -10 -9 12 -12 -4
right_child=7 5 13 4 -6 -7 -8 10 9 -11 11 -13 -14 -15
leaf_value=0.0079150081915389126 0.015819502313055355 -0.030166367749590757 -0.013199773773534207 0.0068526031655996023 0.012627839806882103 0.011251863355513793 -0.048335294851030858 0.01910683413752071 -0.044491326470912931 0.0062788542245928976 0.010662751148341415 0.014339985410589784 -0.028439539426354545 0.011998261419312305
leaf_weight=10.95052780013066 4.8527617709769411 6.7400400158949179 6.1142045893357135 1.7106932115275411 1.591841787099838 4.2027776429895312 5.6996109632309508 10.763516367194827 11.317684375360839 4.6468387410568548 3.6003556590876569 4.1368340253829947 11.233600321706033 117.87186887126882
leaf_count=42 57 278 296 58 3 36 205 225 363 62 104 16 529 1003
internal_value=0.00174842 0.00509905 0.0071563 -0.0104876 -0.0277059 -0.0157191 -0.0379671 -0.0080523 -0.0197371 -0.0317405 0.0017919 -0.00996841 -0.0186535 0.0102921
internal_weight=205.433 154.882 143.939 19.9527 9.00215 10.9428 7.4103 50.5516 20.8173 15.9645 29.7343 18.9708 14.834 123.986
internal_count=3277 1921 1607 308 266 314 263 1356 482 425 874 649 633 1299
is_linear=0
shrinkage=0.05


Tree=200
num_leaves=15
num_cat=0
split_feature=28 41 37 5 45 45 14 32 41 23 13 65 53 58
split_gain=2.41914 2.92091 2.96275 5.33393 4.18443 3.60015 3.48698 2.62277 3.62472 8.03237 2.54963 2.47697 3.71721 4.6877
threshold=0.98756668296667471 1.6965000000000001 0.43318162115301267 8.6984463172807516 4.3882378946731615 8.1826989874173481 -1.6737987516011981 48.946872162773069 2.5900000000000003 7.9994379865068002 -40.275378514528505 1.1924831880169269 1.3506086930415874e-08 0.0096932934118035188
decision_type=2 8 2 10 10 10 10 2 8 2 10 2 2 2
left_child=1 11 7 4 -4 6 -6 8 -3 -10 -9 12 13 -1
right_child=-2 2 3 -5 5 -7 -8 10 9 -11 -12 -13 -14 -15
leaf_value=0.013516299463646037 -0.025350589179360228 0.013368223987961567 -0.032569920078816254 0.014543852262327503 -0.02090771669061274 -0.027637467968802273 0.022323913334782879 -0.016443602232809582 0.0039053437919474585 -0.043392420608659707 0.019145259016550897 -0.0039090471378130471 0.031742151665662195 -0.02305711731964637
leaf_weight=26.412813637463842 4.3888266574358559 14.460452180472201 22.944268533785362 10.201644706772639 2.1071653782419153 3.4822010902280445 11.34770240497892 2.1268035134417032 23.050812750792829 8.9828779483214003 23.289162998116808 25.762096476741135 14.594118177890776 7.236687609460204
leaf_count=588 38 124 691 28 281 252 163 157 334 152 283 109 36 58
internal_value=-0.000553236 0.000618832 -0.00409287 -0.0128375 -0.0206816 -0.000824015 0.0117232 0.00243611 -0.00460346 -0.0134257 0.0139536 0.00815322 0.0143567 0.00368549
internal_weight=200.388 195.999 121.993 50.083 39.8813 16.9371 13.4549 71.9101 46.4941 32.0337 25.416 74.0057 48.2436 33.6495
internal_count=3294 3256 2465 1415 1387 696 444 1050 610 486 440 791 682 646
is_linear=0
shrinkage=0.05


Tree=201
num_leaves=15
num_cat=0
split_feature=53 23 4 59 60 4 14 5 14 25 59 42 22 5
split_gain=2.50873 3.05301 3.5232 4.20627 4.9288 3.40209 5.03858 3.30471 2.09068 2.29819 1.80035 1.56945 2.33303 2.15901
threshold=7.3014422087786629e-06 9.8453994788671206 23.284082909957249 0.0038571400582039068 0.18654535583589846 20.158203286540857 12.196941915903391 14.100175524553501 10.627025673381594 0.15920609480420803 -0.00027339802054902976 11.200000000000001 8.6263924224045567 15.171698059412558
decision_type=2 2 10 2 2 10 10 10 8 2 2 8 2 10
left_child=1 2 5 4 7 6 11 -4 9 -3 -8 12 -1 -13
right_child=-2 8 3 -5 -6 -7 10 -9 -10 -11 -12 13 -14 -15
leaf_value=-0.030289893968603473 -0.023201433237235142 -0.015466528857189622 -0.042638306935131147 0.013372808082583374 0.014138952789853373 0.020684846033192764 -0.0016409073012380504 -0.0014538906853785128 0.019989951918401243 0.014359508116080836 -0.036552334649365574 0.0030841118854173558 0.012865714084743851 0.027613355431181028
leaf_weight=2.7005644703749558 4.4639721326529971 8.3636238574981672 13.770640385395387 7.3623164558957788 4.4520297822891726 18.774114806612488 6.167228210484609 7.0683283209800711 32.335573509335518 7.5274173989891997 6.4873838759958726 85.191856216784799 1.6494166254997251 5.3006318509578696
leaf_count=435 22 44 330 42 32 75 28 23 111 20 34 2135 4 8
internal_value=0.00207497 0.00315363 -0.000307995 -0.0137819 -0.0225893 0.00356853 -0.000207277 -0.0316535 0.0135183 -0.00128291 -0.0248216 0.00415552 -0.0157968 0.00589153
internal_weight=211.615 207.151 158.925 32.6533 25.291 126.271 107.497 20.839 48.2266 15.891 12.6546 94.8425 4.34998 90.4925
internal_count=3343 3321 3146 427 385 2719 2644 353 175 64 62 2582 439 2143
is_linear=0
shrinkage=0.05


Tree=202
num_leaves=15
num_cat=0
split_feature=2 32 14 13 54 37 35 62 5 55 66 13 10 23
split_gain=10.0965 4.69258 3.39366 2.77117 4.62884 2.93449 3.39684 2.71245 2.57072 2.08202 2.04644 4.11765 4.25613 2.47568
threshold=9833.2495270227464 32.730293416722667 93.032380896034795 18.115662035648693 0.1367526019388762 0.75373754152823935 45.546899754973786 39.425000000000004 8.6984463172807516 5.2492695714598536e-08 0.96883525705966966 0.97486764910543733 123.50000000000001 8.0228940168344796
decision_type=8 2 10 10 2 2 2 2 8 2 2 8 8 2
left_child=2 -2 3 4 9 6 7 8 -5 10 -1 -12 13 -13
right_child=1 -3 -4 5 -6 -7 -8 -9 -10 -11 11 12 -14 -15
leaf_value=0.012573088931805585 -0.047066186031155831 -0.0060130172007890788 -0.029813512711155052 -0.0056621658155877122 -0.033027584782386474 0.030535905305793649 -0.016759948827443704 -0.012139119523028454 0.019510616908707513 -0.016181538139979083 -0.02720293513578563 -0.0059797501037005063 -0.027285763733675906 0.023092966849533991
leaf_weight=38.320684103979147 10.717490494251253 15.567425739020107 2.5337170362472525 10.456327413528923 5.4137501911027348 11.007174104452131 9.1624032482504827 7.5044777132570735 42.592514587158803 8.353884772222953 7.648529130587125 8.3858089911227598 2.9608574679004951 17.085573413176462
leaf_count=1186 34 75 18 52 44 25 97 24 171 146 907 361 85 67
internal_value=-0.00145049 -0.0275991 0.00322745 0.00456612 -0.00157424 0.0109735 0.0060481 0.0105143 0.0144885 0.00224796 0.00520592 -0.00319657 0.0063639 0.0141109
internal_weight=197.711 26.2849 171.426 168.892 88.1691 80.7229 69.7157 60.5533 53.0488 82.7553 74.4015 36.0808 28.4322 25.4714
internal_count=3292 109 3183 3165 2796 369 344 247 223 2752 2606 1420 513 428
is_linear=0
shrinkage=0.05


Tree=203
num_leaves=15
num_cat=0
split_feature=5 57 65 4 58 5 59 58 43 37 29 55 0 42
split_gain=3.0668 3.92154 2.5677 3.40268 3.21979 1.46354 1.43467 3.43754 3.94969 2.78513 2.19169 2.16171 2.10439 2.35708
threshold=19.491028859058353 0.00016665419685402239 1.7008219348886429 1.0476568145198504 0.50636206050677757 0.65920289038855007 0.00025237912645166669 0.092159281628313119 17587.065123974415 0.69970238095238102 11.877223422249019 -1.8381962727224502e-11 4624.0000000000009 63.120000000000012
decision_type=10 2 2 8 2 10 2 2 10 2 8 2 10 10
left_child=2 -2 3 -1 5 -4 12 8 9 10 -8 -12 13 -5
right_child=1 -3 4 6 -6 -7 7 -9 -10 -11 11 -13 -14 -15
leaf_value=-0.02118583507184528 0.0070357258794015096 -0.036286070908636149 -0.038848194116743937 0.0036398705805035236 0.0037276650524900191 -0.00054834762977176092 0.0036922919779055065 0.014573836895344467 0.01293464482129233 0.010654976681162536 0.00399462460369288 -0.044786441115553854 -0.013492011390886941 0.018399664655782823
leaf_weight=6.5496232165023676 6.9994645789265615 6.6730278059840202 4.8176071914494987 55.014343121729326 15.156907662749289 3.5383852869272232 2.8580753009737272 15.880985802039502 7.3466998795047394 2.4468733044341198 1.7837661272787961 9.35577728174394 4.9830636181868604 54.787395405845018
leaf_count=797 24 37 57 840 46 14 421 47 36 10 29 320 135 504
internal_value=0.00120861 -0.0181627 0.0030853 0.00539535 -0.0109052 -0.0289067 0.00715147 -0.000973061 -0.0120796 -0.0236651 -0.0308897 -0.0381576 0.0098829 0.0114851
internal_weight=198.192 13.6725 184.52 161.007 23.5129 8.35599 154.457 39.6722 23.7912 16.4445 13.9976 11.1395 114.785 109.802
internal_count=3317 61 3256 3139 117 71 2342 863 816 780 770 349 1479 1344
is_linear=0
shrinkage=0.05


Tree=204
num_leaves=15
num_cat=0
split_feature=15 14 14 29 29 25 55 0 5 14 53 12 55 0
split_gain=3.95631 2.14737 2.26416 3.77269 3.16319 3.30847 3.23894 2.54003 4.14231 3.05253 4.70922 4.29577 2.62212 2.45959
threshold=850.50000000000011 93.032380896034795 10.627025673381594 7754.9252754608415 1313.1853401173191 0.44169248613527806 -1.3145861036287869e-08 26.500000000000004 1.7509590166776265 3.7732697086104747 -1.2657540745724986e-10 218.07082410917482 2.1005729117642939e-10 18.500000000000004
decision_type=10 10 10 10 8 2 2 8 10 8 2 10 2 10
left_child=1 2 3 7 6 -6 -4 8 9 10 12 13 -1 -11
right_child=-2 -3 4 -5 5 -7 -8 -9 -10 11 -12 -13 -14 -15
leaf_value=0.021470636184036274 -0.02551726892873998 -0.023251522841966465 0.011970160640082946 -0.032262187666388824 0.033801764399486948 0.0041515559830901669 -0.022707958675463605 -0.0068656970239965101 0.023043909660999194 -0.029819455147450477 -0.031348085537013341 0.02181946892730555 -0.013975668809317025 0.012515921890143162
leaf_weight=7.2832963634573407 10.649247623980044 3.991750990622676 8.8734312206506747 4.4870589524507514 12.997088100761173 23.175239585340023 8.6131259710527939 58.467677930020727 20.524228454567492 4.3542464578349636 11.09503007144667 16.563427252927795 4.6258013057231437 1.952251333510503
leaf_count=82 44 26 29 38 49 77 38 1692 83 325 375 61 357 26
internal_value=-0.00136472 0.000639368 0.00176496 -0.00186384 0.00992595 0.0176163 -0.00636198 0.000428602 0.00688267 -0.0019021 -0.0134032 0.00999564 0.00764105 -0.0169747
internal_weight=197.653 187.004 183.012 129.353 53.6589 36.1723 17.4866 124.866 66.3983 45.8741 23.0041 22.8699 11.9091 6.3065
internal_count=3302 3258 3232 3039 193 126 67 3001 1309 1226 814 412 439 351
is_linear=0
shrinkage=0.05


Tree=205
num_leaves=15
num_cat=0
split_feature=59 57 66 38 58 8 34 14 36 36 19 23 33 36
split_gain=2.53987 2.55442 2.75299 4.00582 4.00698 3.59449 3.50885 4.1254 3.74823 6.68094 3.32322 4.6662 3.20724 3.20123
threshold=-0.0113731801557729 0.0070567652580784948 0.9896602184705191 162.52898006018106 0.27051599315363101 64.500000000000014 3.1922587021620665 40.581811539269374 0.34310787671232884 0.25026315789473691 1553.7188165856485 8.2966561974592903 41.053287392138166 0.10029585798816569
decision_type=2 2 2 2 2 8 2 8 2 2 8 2 2 2
left_child=-1 2 6 4 5 -4 7 -2 9 13 11 12 -5 -8
right_child=1 -3 3 10 -6 -7 8 -9 -10 -11 -12 -13 -14 -15
leaf_value=-0.021872046891480292 -0.038190967897865913 0.022037587002486703 0.024523838288457032 -0.037017611679709447 -0.020299392808599909 -0.0013462614748831808 -0.0083603151318199283 0.01394170562764047 0.022429292044262028 -0.033646197010289154 -0.039354091260488444 0.015408694590500753 0.00027375316092955989 0.019146141898244273
leaf_weight=7.2742669539293265 4.0123369530774644 9.1466713771224004 16.451099057914689 7.8266705843561857 10.537617256632073 34.607204413623549 13.1117919581593 3.108848171425052 29.701523337396793 6.3941214581718659 7.6047816802165462 10.54328790513682 10.341560683009446 23.768765210115816
leaf_count=60 59 23 54 807 45 121 863 13 172 111 92 108 316 472
internal_value=0.000183951 0.00158802 -3.61173e-05 -0.00553699 0.00236257 0.00843303 0.00661846 -0.019069 0.0101871 0.000331887 -0.0175999 -0.00685555 -0.0203129 0.00953642
internal_weight=194.431 187.156 178.01 97.9122 61.5959 51.0583 80.0974 7.12119 72.9762 43.2747 36.3163 28.7115 18.1682 36.8806
internal_count=3316 3256 3233 1543 220 175 1690 72 1618 1446 1323 1231 1123 1335
is_linear=0
shrinkage=0.05


Tree=206
num_leaves=15
num_cat=0
split_feature=55 62 18 67 0 42 42 67 67 0 14 55 14 42
split_gain=4.13921 5.6192 3.75993 2.73878 2.86435 2.48411 4.21015 4.15457 3.05159 1.81531 2.484 2.92786 2.45756 2.08052
threshold=-1.1756214766593064e-07 0.57487091222030984 1642.0000000000002 0.05507765095410886 11.500000000000002 69.825000000000003 42.725000000000001 0.029830734604326923 0.027540783152840195 1168.5000000000002 -29.65421444694314 -9.4090787329979592e-08 -0.015330565896368137 260.81500000000005
decision_type=2 2 8 2 10 10 10 2 2 10 8 2 8 10
left_child=1 -1 3 4 5 6 -2 -7 -8 12 -11 -12 13 -5
right_child=2 -3 -4 9 -6 7 8 -9 -10 10 11 -13 -14 -15
leaf_value=0.013584681761855566 -0.023867677369669327 -0.035834063689978678 -0.020922333191122685 -0.015045768309848252 0.0059909651897416946 -0.046083356309596597 0.023696491252153937 0.0020909697182537107 -0.01546664377974075 0.013251905442179565 0.013724903404612653 -0.029976173673976314 0.015614710902525223 0.017048262696533891
leaf_weight=5.2520213727839318 7.7593075466575128 13.217576858587561 13.394654220246592 11.057843483577015 31.074223115225323 6.2157647948479262 11.065423390304202 6.7568902939674444 3.1897397018037728 6.1347701222402975 2.1569117084145546 7.140660492150344 60.942679089435842 2.6567157831159411
leaf_count=32 489 70 424 336 832 175 114 51 28 59 5 381 255 38
internal_value=-0.00219984 -0.021881 0.00050953 0.00294007 -0.00459696 -0.013574 -0.00186969 -0.0273903 0.0131926 0.00841797 -0.00578229 -0.0185838 0.011532 -0.00593489
internal_weight=188.015 18.4696 169.546 156.151 66.0613 34.9871 22.0145 12.9727 14.2552 90.0896 15.4323 9.29757 74.6572 13.7146
internal_count=3289 102 3187 2763 1689 857 631 226 142 1074 445 386 629 374
is_linear=0
shrinkage=0.05


Tree=207
num_leaves=15
num_cat=0
split_feature=58 4 4 20 27 30 55 14 5 41 59 59 14 58
split_gain=2.77213 3.34794 4.93171 5.37037 4.69002 4.06918 4.1546 3.42276 3.8775 4.0745 3.22745 2.96532 2.23627 2.67002
threshold=-0.0088116782595032729 20.158203286540857 23.284082909957249 21230.459903177249 0.72086327703916642 326.50000000000006 8.1125690349084888e-09 -64.57295311387459 98.25544448583473 3.6820000000000004 -1.8276470483897348e-05 -0.0052386636800992445 0.26529381265955082 0.17892285990458784
decision_type=2 8 8 8 2 8 2 10 10 10 2 2 10 2
left_child=-1 4 -3 5 7 6 11 10 9 -9 -2 -4 -6 -14
right_child=1 2 3 -5 12 -7 -8 8 -10 -11 -12 -13 13 -15
leaf_value=0.011749081740236159 0.021552969096402891 0.025019697459817209 0.0092662109979681061 0.014055136087507769 -0.017482768116073532 -0.035210327948781789 0.014403796690551647 -0.037813582935627227 0.013745565921777551 0.011970469296167317 -0.020095090602204893 -0.028143583779990572 0.019215231656500385 -0.0083552253561865117
leaf_weight=39.467707843752578 5.8058687492739409 16.906634177197702 4.8730483473045778 25.802200491656549 5.0617146169533944 9.2295307281892729 14.715129686403086 26.032596436765751 2.4342510700225821 2.3782227390911421 3.3116746670275443 11.517953356233194 18.467548693995926 10.40511944144964
leaf_count=1429 27 48 16 328 83 44 119 574 4 21 166 327 69 37
internal_value=0.000706438 -0.00234759 0.00443621 -0.0022142 -0.00976914 -0.0130238 -0.00247648 -0.0203963 -0.027422 -0.0324785 0.00466616 -0.0174554 0.00375798 0.00951272
internal_weight=196.409 156.941 83.0445 66.1379 73.897 40.3357 31.1061 39.9626 30.8451 28.4108 9.11754 16.391 33.9344 28.8727
internal_count=3292 1863 882 834 981 506 462 792 599 595 193 343 189 106
is_linear=0
shrinkage=0.05


Tree=208
num_leaves=15
num_cat=0
split_feature=55 58 42 41 36 12 33 55 61 29 2 61 60 0
split_gain=2.42036 2.61545 1.71032 2.22278 3.43821 7.09004 2.15192 4.66988 2.38385 2.88882 3.0942 2.98233 2.68823 2.30919
threshold=-1.0734648341823303e-07 0.17892285990458784 9.3950000000000014 1.3265000000000002 0.61661036036036043 23.573675398961385 74.112947407006303 4.1912217683399991e-08 0.012019065957047693 17.434668314304535 3056.0214421556761 0.0087917171836126729 0.01619336719233332 16.500000000000004
decision_type=2 2 8 8 2 10 2 2 2 10 10 2 2 10
left_child=1 -1 -2 -4 6 -6 8 -8 9 13 -11 -12 -10 -5
right_child=2 -3 3 4 5 -7 7 -9 12 10 11 -13 -14 -15
leaf_value=0.0013794217977149918 -0.018483092337216869 -0.029271567781389965 0.018054061749044163 -0.0010305751508872156 0.012933999498484658 -0.0425829259916485 -0.03170804084462351 0.016327689546119788 0.02124237624399164 -0.028273277049973344 0.0070870236614078682 -0.019711666163833675 -0.0033804248726652742 0.023664452626404105
leaf_weight=13.615723228314893 4.3679387533338732 8.3812656160444003 17.937236304976977 18.243399608094478 7.4667215807712619 7.2740019367192872 6.9573122677538759 4.6916737955762073 32.990517476573586 7.7534692848566911 33.379683752544224 9.2316557988524419 13.912602124735711 13.822713336645391
leaf_count=72 388 39 175 449 66 108 706 103 80 359 172 39 41 528
internal_value=0.000429548 -0.0135575 0.00248092 0.00351072 0.00132599 -0.0183083 0.00393564 -0.0132681 0.00592134 0.000598882 -0.00666695 -0.000179199 0.0143166 0.0113709
internal_weight=200.026 21.997 178.029 173.661 155.724 14.7407 140.983 11.649 129.334 82.4309 50.3648 42.6113 46.9031 32.0661
internal_count=3325 111 3214 2826 2651 174 2477 809 1668 1547 570 211 121 977
is_linear=0
shrinkage=0.05


Tree=209
num_leaves=15
num_cat=0
split_feature=55 33 23 41 63 36 55 43 59 53 36 36 44 53
split_gain=2.79207 2.78925 3.39353 3.30996 2.37969 3.75959 3.72922 6.0946 3.10448 2.66701 3.76055 3.74372 2.78841 2.4852
threshold=-1.5057393197621137e-06 6.5488480191647236 5.0942158781686526 1.3265000000000002 0.0052926905722040238 0.18079673135852914 1.7226168622671958e-08 17587.065123974415 8.2352826054097318e-05 1.154688201438789e-08 0.32731536229703889 0.23587365980875111 1.2670398292838518 7.6477332056618389e-09
decision_type=2 2 2 8 2 2 2 8 2 2 2 2 2 2
left_child=-1 2 -2 -3 6 -6 9 8 -8 13 11 -11 -12 -5
right_child=1 3 -4 4 5 -7 7 -9 -10 10 12 -13 -14 -15
leaf_value=-0.028050355612345031 0.0015868706391787947 0.020123739173692159 -0.032565308497621452 -0.00019142974666090125 -0.015379827036140823 0.02321784505144411 0.002280892341728606 0.0060820935777270747 -0.048722226449022299 0.0098535246557736444 0.0017272202254470571 -0.028336543509974707 0.029899853430794179 -0.027134382071953241
leaf_weight=3.373620279133319 16.271021767053757 21.350040460994933 7.5465740444778922 41.965089283898124 4.7254055831581381 18.35297096951399 3.2911466831574243 12.725726439617572 8.2953737973584776 10.606767364777626 15.246835710480807 6.3812884171493343 18.027024276554585 5.7748595001175991
leaf_count=25 36 198 626 1157 663 189 36 55 114 47 58 34 38 37
internal_value=0.000228779 0.0014338 -0.0130069 0.00381515 0.000830907 0.0139834 -0.00210243 -0.0177762 -0.0379145 0.00246006 0.0100386 -0.00767347 0.0189026 -0.00571407
internal_weight=193.934 190.56 23.8176 166.743 145.392 23.0784 122.314 24.3122 11.5865 98.0019 50.2619 16.9881 33.2739 47.7399
internal_count=3313 3288 662 2626 2428 852 1576 205 150 1371 177 81 96 1194
is_linear=0
shrinkage=0.05


Tree=210
num_leaves=15
num_cat=0
split_feature=42 42 59 22 37 48 25 61 8 4 67 23 1 0
split_gain=3.94363 3.63002 2.9085 2.28212 3.74205 4.16288 3.45447 4.89418 3.09637 4.09257 2.22339 2.03675 2.23846 1.87038
threshold=113.14500000000002 381.34000000000009 0.0046940760328937564 8.1578036700832275 0.67752546689303916 1.0000000180025095e-35 0.80840032518763005 0.013026879752716313 71.500000000000014 6.4049762630266009 0.32889794084163332 12.830712881123569 6.5000000000000009 16344.500000000002
decision_type=8 10 2 2 2 2 2 2 10 10 2 2 8 8
left_child=3 2 10 4 5 8 7 -5 9 -1 11 12 -2 -14
right_child=1 -3 -4 6 -6 -7 -8 -9 -10 -11 -12 -13 13 -15
leaf_value=-0.0090554586135407952 0.0040628374947932989 0.013664145469470907 0.0099492699325476955 -0.020593872547182583 -0.023316686470629355 -0.023196051133589659 0.020010441914730257 0.012143323466635251 -0.013779673696355126 0.026665850078558831 0.004649628036220931 0.0096161886581423578 -0.040168331259405582 -0.011114866491389338
leaf_weight=8.3728801532997768 4.0287222429178646 8.755427557800429 6.3985139547730787 13.919298840686677 11.871088773128575 6.4370703563617999 35.252365082502365 23.811838310211897 6.3641974476631722 22.813223178964108 6.1356975591625078 1.7523622103035439 18.372902672475902 14.013612974464193
leaf_count=760 180 119 181 64 139 497 94 67 44 188 48 10 766 118
internal_value=-0.000643638 -0.010789 -0.0158592 0.00426634 -0.00319926 0.00405565 0.00981897 -0.000930239 0.0109041 0.0171493 -0.0202176 -0.0242907 -0.0268863 -0.0307647
internal_weight=188.299 59.4572 50.7018 128.842 55.8585 43.9874 72.9835 37.7311 37.5503 31.1861 44.3033 38.1676 36.4152 32.3865
internal_count=3275 1422 1303 1853 1628 1489 225 131 992 948 1122 1074 1064 884
is_linear=0
shrinkage=0.05


Tree=211
num_leaves=15
num_cat=0
split_feature=38 59 63 4 63 27 10 12 25 32 25 59 27 12
split_gain=4.13524 3.53623 3.24888 4.62753 3.85111 2.45213 4.61578 3.57048 3.62191 3.86552 2.91312 2.71628 2.65872 2.52168
threshold=6.6516805099511318 -0.0014128481689197525 -0.02821209150821705 12.968398548122202 -0.021088581083529932 0.72086327703916642 229.50000000000003 3686.3106046530952 0.97819063899290415 168.88903300913049 0.44169248613527806 0.00013385400008732127 0.53821465251626166 5559.8776948419973
decision_type=2 2 2 8 2 2 10 8 2 2 2 2 2 8
left_child=1 -1 3 -2 -4 6 7 8 9 -6 -9 -7 -10 -12
right_child=2 -3 4 -5 5 11 -8 10 12 -11 13 -13 -14 -15
leaf_value=0.0078848532445253191 0.0074452659862419245 -0.030017751486853289 0.023981640343426248 -0.027715108139099776 -0.028652848547292217 -0.00042776339995817851 -0.033353275311947282 0.025418779864033542 -0.014156256703014226 0.015985332265509335 0.017064964903958167 0.024169620379444711 0.0169755353849101 -0.010932481703622505
leaf_weight=6.4770397149259233 14.717112952086611 14.35917575948406 18.837863297900185 14.599316239589823 18.382779386622136 22.873348556226119 5.9084445349872103 15.047719953581689 6.3281187571119544 2.6754486996796905 7.9926546162751064 16.719271101406775 13.472635446072671 16.113086659315741
leaf_count=20 77 78 74 83 250 186 29 95 1330 49 92 60 461 432
internal_value=-0.000299444 -0.0189898 0.00241165 -0.0115513 0.00553916 0.0019585 -0.00283117 0.00125181 -0.00859307 -0.0210025 0.0113352 0.0115047 0.006178 -0.000312627
internal_weight=194.504 20.8362 173.668 29.3164 144.351 125.514 85.9209 80.0124 40.859 21.0582 39.1535 39.5926 19.8008 24.1057
internal_count=3316 98 3218 160 3058 2984 2738 2709 2090 299 619 246 1791 524
is_linear=0
shrinkage=0.05


Tree=212
num_leaves=15
num_cat=0
split_feature=33 28 53 65 36 27 36 57 55 33 1 25 2 64
split_gain=2.25542 4.35504 2.69861 2.66884 3.01269 6.10326 3.43431 5.73403 4.10592 3.31215 1.93241 1.51718 2.74798 3.0292
threshold=74.112947407006303 0.42717554294999177 3.4797744165029536e-08 1.4103168605658352 0.62659574468085111 0.72086327703916642 0.27796738718240427 0.00090730096657414743 -9.6942072252899542e-09 14.667733315852884 14.500000000000002 0.78839758928169568 3110.1275601201164 0.66091954022988519
decision_type=2 2 2 2 2 2 2 2 2 2 8 2 10 2
left_child=2 -2 3 4 5 6 11 8 -8 -6 -4 -1 13 -13
right_child=1 -3 10 -5 9 -7 7 -9 -10 -11 -12 12 -14 -15
leaf_value=-0.0052741687519844219 -0.030684162591487363 0.0061110660019484987 -0.0039376825394810168 -0.019852378996320551 0.0080632842372296079 0.026970262395172636 0.0045977099240318096 0.010515051390841017 -0.050087836008064074 -0.034693311638423624 0.017678887971302244 -0.026294066003934094 0.01953045885374622 0.011025813068056894
leaf_weight=23.340568590210751 11.252001534550802 13.209656842052935 12.259651458822189 13.132057801267363 4.9797998907160927 17.600096303620376 3.6665499669034034 8.0957084596157056 7.4016768666915613 6.2723807048751041 31.238169014221057 4.9069001057214319 21.201496263034642 7.7121165948046837
leaf_count=133 860 58 45 89 113 88 12 21 411 99 110 714 96 434
internal_value=-0.000404944 -0.0131492 0.00185811 -0.00213075 0.000882419 0.0041226 -0.00248019 -0.018359 -0.0361787 -0.0191117 0.0118085 0.00389187 0.0100822 -0.00682962
internal_weight=186.269 24.4617 161.807 118.309 105.177 93.9251 76.325 19.1639 11.0682 11.2522 43.4978 57.1611 33.8205 12.619
internal_count=3283 918 2365 2210 2121 1909 1821 444 423 212 155 1377 1244 1148
is_linear=0
shrinkage=0.05


Tree=213
num_leaves=15
num_cat=0
split_feature=13 63 67 14 67 27 1 25 67 12 5 37 5 0
split_gain=2.62912 2.55305 3.08177 2.66723 2.55187 3.3011 3.24951 3.09432 5.09416 4.41588 2.60526 2.21297 2.11664 1.83681
threshold=-36.426498153446651 -0.032272075760742723 0.20986067830300964 9.5060654733264229 0.053767093089976882 0.76663208852005549 14.500000000000002 0.80840032518763005 0.17375084341836838 7900.2883601778012 0.4127801939633074 0.47646362560320499 50.000000710110108 18.500000000000004
decision_type=8 2 2 8 2 2 8 2 2 10 8 2 10 8
left_child=-1 2 3 -2 6 7 10 8 9 -6 -3 -10 13 -8
right_child=1 4 -4 -5 5 -7 12 -9 11 -11 -12 -13 -14 -15
leaf_value=-0.019533931515987549 -0.013337744356040888 0.010180011508871115 -0.030447866960248451 0.017385356255106472 -0.035845580691376569 0.029020021972228496 -0.00240406336616273 0.016546062243072365 -0.0065197418850475976 0.011090510433063694 -0.037083077591668422 0.02305788948390039 -0.0183402733858259 0.013038276031241273
leaf_weight=8.7735020169347973 9.5958494449732825 1.6492983718053436 6.7262076628394416 8.749756293604154 10.681406600633634 15.986811287701128 34.70857525485917 27.049302742234431 7.6764015001826946 4.5522883608937255 4.6890760730748289 10.578779837116597 5.5362204089760771 34.861944110161858
leaf_count=586 45 60 38 27 109 42 953 439 54 21 352 29 26 534
internal_value=0.00161281 0.00311886 -0.0103974 0.00190052 0.00551725 0.0117722 -0.000700779 0.00535089 -0.00466635 -0.022545 -0.0257189 0.0118927 0.00288405 0.0056895
internal_weight=191.815 183.042 25.0718 18.3456 157.97 76.525 81.4451 60.5382 33.4889 15.2337 6.33837 18.2552 75.1067 69.5705
internal_count=3315 2729 110 72 2619 694 1925 652 213 130 412 83 1513 1487
is_linear=0
shrinkage=0.05


Tree=214
num_leaves=15
num_cat=0
split_feature=0 59 59 53 35 65 56 21 33 21 36 57 8 2
split_gain=5.35286 3.03118 2.79347 2.70922 5.2164 3.72058 3.26255 3.68325 3.3664 3.4131 3.26289 3.39428 2.29024 2.28969
threshold=16325.500000000002 -0.0113731801557729 -0.0052386636800992445 -7.2990814615242249e-09 39.090591257977295 0.99408074714366057 0.13422897782211521 45.084785416640052 7.5118196950052143 0.97486764910543733 0.60059523809523818 0.0050701282507306092 366.50000000000006 5575.9235118531224
decision_type=8 2 2 2 2 2 2 10 2 8 2 2 10 10
left_child=1 -1 -3 4 -4 -5 7 8 13 -10 11 12 -9 -7
right_child=-2 2 3 5 -6 6 -8 10 9 -11 -12 -13 -14 -15
leaf_value=-0.027431877188720311 0.020936153696917759 0.017420925797528849 -0.036678283304737914 0.019554714499722899 0.010046382960144878 -0.036652156688097487 0.018966447379656637 -0.045355139807445391 -0.024019529983149487 0.0076928073035820626 0.0054421039184353402 0.0055989500052194292 -2.1876523395021468e-05 0.010053363730538544
leaf_weight=5.384723143070004 27.396672047849279 16.162192490941379 9.1872892608807906 17.032198038694332 7.3503737638966404 4.1846076418296425 10.210997602902351 11.791308245767146 4.7747651865356637 63.831813124299508 7.5977388210594645 4.2904064506292334 3.3460445106029502 1.2036100178956983
leaf_count=50 213 71 300 857 196 506 38 126 442 465 28 12 15 3
internal_value=0.00233653 -0.00124827 0.00042771 -0.00198717 -0.0183998 0.000739948 -0.00285831 -0.00585477 0.000258955 0.00400405 -0.0200209 -0.0290546 -0.0378279 -0.0264019
internal_weight=193.745 166.348 160.963 144.801 16.5377 128.263 111.231 101.02 73.9948 68.6066 27.0255 19.4278 15.1374 5.38822
internal_count=3322 3109 3059 2988 496 2492 1635 1597 1416 907 181 153 141 509
is_linear=0
shrinkage=0.05


Tree=215
num_leaves=15
num_cat=0
split_feature=5 4 34 4 14 56 41 33 33 36 13 14 27 55
split_gain=2.52643 2.82511 4.11423 5.48834 4.37164 2.81468 2.64388 2.36938 6.26188 2.68397 2.5713 3.83313 3.97543 2.35706
threshold=50.000000710110108 38.092210155461906 5.0000491137441507 27.912168742124649 45.759580306726512 0.38484977072087628 1.3715000000000004 25.815749690643816 29.560431869791106 0.24156877605153471 18.115662035648693 -27.238435602329893 0.57083825265643451 7.9095720261039675e-09
decision_type=10 10 2 8 8 2 10 2 2 2 10 10 2 2
left_child=1 2 4 7 6 -3 -1 -4 -9 10 11 -10 -13 -11
right_child=-2 5 3 -5 -6 -7 -8 8 9 13 -12 12 -14 -15
leaf_value=0.0037312090415409908 -0.020760498326014291 0.020292624949702538 0.017258062815375279 -0.028796304673706953 -0.00073539534628997566 -0.014858817608764478 -0.044939603416789112 -0.039916931310728238 0.018920128381261628 0.0046527215785915196 0.027993876569571433 -0.033049396112414295 0.011942091546199327 -0.018150049437163765
leaf_weight=2.6308941589086308 8.1847906075417978 26.103535800502872 30.830006462550955 7.1960867343004784 21.483498582412722 3.177939223824068 8.0912232932751049 3.2608137949719085 12.114616365550313 30.684740909491666 14.507790822535751 6.1236330794345175 5.2492874626477715 11.765820045082362
leaf_count=28 41 235 525 249 363 138 138 54 284 324 49 760 53 75
internal_value=0.000409532 0.00188161 -0.000978373 0.00334417 -0.0155707 0.0148669 -0.0356086 0.00648352 0.00176607 0.00569259 0.014529 0.00275838 -0.0149779 -0.00291397
internal_weight=191.405 183.22 153.938 121.733 32.2056 29.2815 10.7221 114.537 83.7067 80.4459 37.9953 23.4875 11.3729 42.4506
internal_count=3316 3275 2902 2373 529 373 166 2124 1599 1545 1146 1097 813 399
is_linear=0
shrinkage=0.05


Tree=216
num_leaves=15
num_cat=0
split_feature=36 10 41 36 27 36 42 65 61 33 32 65 41 36
split_gain=2.13847 3.11907 5.82481 3.81343 2.85741 4.25705 4.12847 2.56036 2.53492 2.00714 1.83753 1.56272 1.55883 1.55176
threshold=0.62659574468085111 4.5000000000000009 1.3265000000000002 0.79246478073165194 0.62514728986645729 0.26447729350807686 281.9550000000001 1.7008219348886429 0.012019065957047693 28.374059978063368 70.508800669198109 1.0002644650720256 3.3960000000000004 0.17307856898322496
decision_type=2 8 8 2 2 2 10 2 2 2 2 2 10 2
left_child=4 -2 3 -3 5 10 12 8 9 11 13 -6 -7 -1
right_child=1 2 -4 -5 7 6 -8 -9 -10 -11 -12 -13 -14 -15
leaf_value=0.00069962700208371946 0.014100353354501688 0.022862209272003504 -0.039315014801372429 -0.015069802680197151 0.0095043939347666424 -0.040688800569527957 0.014828765793415525 -0.0068210670718868204 0.023717518279804367 0.01083378083595749 -0.019056830774439967 -0.023986070551549461 0.0030648333869439 0.01620283544714592
leaf_weight=50.890470925864065 7.3634825386689036 7.3899955328088316 9.5915805958211404 9.365958674636202 2.0571654021041494 8.5871250920463336 2.5287207053042939 12.840228324988855 33.815183028578758 19.355506957450416 3.431120484150596 4.9162019118084572 1.6134181669622183 18.972356977959862
leaf_count=1230 191 27 57 46 63 374 58 57 85 127 702 84 20 197
internal_value=0.00205012 -0.00859105 -0.0161703 0.00306907 0.00449928 -0.00169277 -0.0237423 0.0114382 0.0155607 0.00297124 0.00340834 -0.014263 -0.0350366 0.00571075
internal_weight=192.719 33.711 26.3475 16.756 159.007 86.0232 12.7293 72.9843 60.1441 26.3289 73.2939 6.97337 10.2005 69.8628
internal_count=3318 321 130 73 2997 2581 452 416 359 274 2129 147 394 1427
is_linear=0
shrinkage=0.05


Tree=217
num_leaves=15
num_cat=0
split_feature=63 10 4 64 62 59 61 62 25 20 32 41 29 4
split_gain=4.33123 3.89637 3.87955 4.67471 3.43969 2.5405 2.8147 4.30622 3.07364 2.64467 2.45412 2.26478 2.11237 1.80614
threshold=-0.02821209150821705 64.500000000000014 75.935108718767907 0.41004901960784318 6.3928571428571432 -0.0011694817161305604 0.0025270374871339553 1.0000000180025095e-35 1.0149680001718067 1915.8989632647642 32.438000692895947 2.1875000000000004 7754.9252754608415 9.7630116714914497
decision_type=2 8 10 2 2 2 2 2 2 8 2 10 10 8
left_child=2 5 3 13 12 -2 7 8 11 -8 -6 -7 -3 -1
right_child=1 4 -4 -5 10 6 9 -9 -10 -11 -12 -13 -14 -15
leaf_value=-0.0087487838470094344 -0.019667481776773826 0.02426194498161879 0.012985470816452099 0.011479011314920785 -0.014378782612954406 0.022703364149017299 0.018247050957407633 -0.033227239309445392 -0.014401186284177548 -0.0087700824428535492 0.01069013926581131 -0.010219528746680114 -0.0074033147412581757 -0.043872121292536898
leaf_weight=8.9182857198175132 12.443415035551878 39.747977389066364 6.5695439949631682 5.189462663838639 12.530939463526012 12.832402758504037 25.705915989703499 6.8585026460350482 11.351885206080622 9.3400631782133114 17.039309738203883 4.0237278095737556 3.6893834918737403 10.042523480020462
leaf_count=32 143 503 16 62 39 171 113 150 1720 75 55 169 24 52
internal_value=0.00138509 0.00485452 -0.0144042 -0.0228043 0.0128817 -0.00257451 0.00156637 -0.00790871 0.00232326 0.0108507 -0.000476429 0.0143043 0.0210858 -0.0326248
internal_weight=186.283 155.564 30.7198 24.1503 73.0076 82.5559 70.1125 35.0665 28.208 35.046 29.5702 16.8561 43.4374 18.9608
internal_count=3324 3162 162 146 621 2541 2398 2210 2060 188 94 340 527 84
is_linear=0
shrinkage=0.05


Tree=218
num_leaves=15
num_cat=0
split_feature=29 29 41 42 59 67 4 11 67 15 8 17 27 53
split_gain=3.09268 2.32932 2.64488 5.2998 2.93071 2.58812 4.58728 2.84456 2.37291 4.65506 4.18716 3.77533 3.37096 2.01451
threshold=28.717492027907713 83.628400291842425 1.4030000000000002 42.725000000000001 -0.00047433076040193496 0.041126330015726402 4.3890909820944364 2841.3063420139547 0.27270127079511236 261.00000000000006 20.500000000000004 193.00000000000003 0.6724964667878055 2.3962250698135944e-08
decision_type=10 10 10 10 2 2 8 10 2 10 10 10 2 2
left_child=-1 -2 4 -4 -3 6 -5 -8 9 10 -7 -10 -12 -9
right_child=1 2 3 5 -6 8 7 13 11 -11 12 -13 -14 -15
leaf_value=0.011544949554047388 -0.026848748216185853 -0.0072293372840658027 -0.031552912836143844 0.016923768772734032 0.022636683710492687 0.012762626140924197 0.003373770586674014 -0.048547279785345676 0.0090341058239923454 0.021936829144964608 -0.03139675766752506 -0.032042345308577067 0.0059732946826809531 -0.0058944349901683167
leaf_weight=47.453630961084855 4.2948142640088909 10.188046623952689 10.573181274347005 5.4009387741098207 16.487813195213675 16.119798733998323 5.5946460586274069 5.6466178682749142 8.289708777156191 28.073180520907044 10.820054120616989 5.6558288456872097 7.5421425830572835 5.8693791888654232
leaf_count=2269 275 44 57 26 69 99 75 33 54 93 114 43 26 30
internal_value=0.00116054 -0.00262152 -0.000934615 -0.00443894 0.0118896 -0.000165932 -0.0134186 -0.0246573 0.00431784 0.00848616 -0.00385584 -0.0116849 -0.018054 -0.035174
internal_weight=188.01 140.556 136.261 109.585 26.6759 99.0123 22.5116 17.1106 76.5007 62.5552 34.482 13.9455 18.3622 11.516
internal_count=3307 1038 763 650 113 593 164 138 429 332 239 97 140 63
is_linear=0
shrinkage=0.05


Tree=219
num_leaves=15
num_cat=0
split_feature=2 14 33 61 53 2 38 4 1 4 55 14 36 23
split_gain=3.57079 3.92376 6.07076 5.71676 4.17348 4.08299 2.92214 2.72173 2.90276 2.05307 3.18405 2.75028 2.50328 2.31478
threshold=9833.2495270227464 93.032380896034795 30.123557352437405 0.00021975011886357903 3.4797744165029536e-08 3586.9469634072807 36.935488467044898 8.2222775770985042 14.500000000000002 19.277787674410163 -5.1257344054947203e-08 -25.987658439817007 0.69895833333333346 8.3215142172658059
decision_type=8 8 2 2 2 10 2 8 8 10 2 10 2 2
left_child=1 4 -3 -4 7 -6 -2 8 -1 10 -9 -12 -13 -11
right_child=6 2 3 -5 5 -7 -8 9 -10 13 11 12 -14 -15
leaf_value=-0.021421298155285345 -0.028854132962981418 0.011691729708815563 0.00062682065814832722 -0.054271029773646166 -0.0073226732801583011 0.026280796591464768 0.0020602578686858735 0.011994496064420906 0.013203879119585656 -0.021745478114099041 0.0058164614026758755 -0.043298796849384417 0.0066848870117169785 0.006171646004188281
leaf_weight=2.5297469303332027 14.610923923552038 10.054143532091986 7.8401955520530446 6.5795413053128868 9.8576165940612537 28.56764243543148 11.50153563544154 3.4834029171615866 34.645494006646913 4.5742692362400694 3.363631938380423 10.057969325571316 1.5544516958761967 28.081038715085015
leaf_count=324 41 517 363 57 54 74 63 12 1131 265 41 235 8 132
internal_value=-0.00165922 0.00146861 -0.0150769 -0.0319461 0.00511525 0.0178096 -0.0170947 -0.00106797 0.00858744 -0.0082297 -0.0195135 -0.02801 -0.0366097 -0.000107093
internal_weight=177.302 151.189 24.4739 14.4197 126.715 38.4253 26.1125 88.29 37.1752 51.1148 18.4595 14.9761 11.6124 32.6553
internal_count=3317 3213 937 420 2276 128 104 2148 1455 693 296 284 243 397
is_linear=0
shrinkage=0.05


Tree=220
num_leaves=15
num_cat=0
split_feature=45 14 65 13 59 57 12 60 55 37 55 59 61 13
split_gain=2.59449 3.17803 3.07995 3.18522 3.2424 2.68285 2.56836 2.89505 2.90918 3.91801 3.49756 2.35848 2.32845 2.13367
threshold=9.7005448330687347 -9.6736214197176746 0.99408074714366057 0.97486764910543733 -0.0076472404431368159 0.0050701282507306092 8.7916117084708016 0.007318120332463071 -1.7950051038241857e-09 0.47871376811594207 1.3708803810442172e-08 0.00013385400008732127 0.0072960652552748126 113.45418647236475
decision_type=8 8 2 10 2 2 8 2 2 2 2 2 2 10
left_child=1 -1 11 -4 -5 6 -6 8 9 -8 12 -3 -10 -9
right_child=-2 2 3 4 5 -7 7 13 10 -11 -12 -13 -14 -15
leaf_value=-0.02549506846631526 0.013065493295638423 0.02182665080673999 -0.026610942652384451 -0.028528802526942731 0.020220945904733088 0.020321069862903236 0.0017297676132979835 -0.0019473494233577166 -0.0073144650185272518 -0.03722771594989787 -0.016356274042942737 -0.0046380838207263552 0.021109184560068592 0.021845548112605771
leaf_weight=8.5188996887736703 28.10580607704469 19.047907967382347 8.6236840701749298 4.8551326817832878 7.1177171136951065 11.094490967690943 9.5938240129617061 23.895800917467568 8.560056038899349 12.364469422027467 16.415604562382214 10.646560485722146 13.394511523190884 9.8202982064685767
leaf_count=387 224 375 1053 30 43 27 60 147 95 82 69 667 34 48
internal_value=0.00027256 -0.0022423 -0.000212985 -0.00372113 -0.00101501 0.00134073 -0.00159989 -0.00418881 -0.0104452 -0.0230428 -0.00141044 0.0130371 0.0107258 0.00690894
internal_weight=192.055 163.949 155.43 125.736 117.112 112.257 101.162 94.0446 60.3285 21.9583 38.3702 29.6945 21.9546 33.7161
internal_count=3341 3117 2730 1688 635 605 578 535 340 142 198 1042 129 195
is_linear=0
shrinkage=0.05


Tree=221
num_leaves=15
num_cat=0
split_feature=1 35 55 0 36 1 62 4 16 67 33 16 36 54
split_gain=3.64941 3.75832 3.43072 3.26517 3.26179 3.43329 3.06118 2.69103 2.53142 1.93827 2.43956 2.04645 1.9006 1.38245
threshold=14.500000000000002 3.0028495635094656 -6.5788849682481275e-08 2742.5000000000005 0.79246478073165194 6.5000000000000009 30.857142857142861 23.284082909957249 740.00000000000011 0.039156052402571827 54.868905010444173 37.500000000000007 0.089572192513368995 -0.0098378213879330278
decision_type=10 2 2 10 2 10 2 10 10 2 2 10 2 2
left_child=1 2 -1 8 5 6 12 9 -4 11 -11 -2 -3 -14
right_child=7 4 3 -5 -6 -7 -8 -9 -10 10 -12 -13 13 -15
leaf_value=0.0073382475905266493 0.01197226122621204 -0.018133948767909695 -0.033402612062537945 0.014411165872833774 -0.023420631208944092 -0.028092240275842936 -0.02765272250465375 -0.015077433148686488 0.0045695545869320316 0.026730119288946391 -0.0085479825758876943 -0.027261902256023832 0.019270360966022675 0.0046661527753169606
leaf_weight=8.2531733289360982 2.8681879738287561 2.4747383188077938 27.248246454837503 1.9399920627474774 9.1012751972302777 3.6169980133854542 1.9243475943803776 4.2755626569560254 3.7942535020411006 21.561099282233048 3.51334209088236 1.1939888216438701 18.7927096846106 67.289399333269102
leaf_count=34 198 348 499 18 85 230 9 83 14 106 289 28 451 908
internal_value=-0.00284703 -0.00631223 -0.0181618 -0.0246686 -0.000957007 0.00228776 0.0049097 0.0110043 -0.0287713 0.0164794 0.0211877 -0.00823863 0.00705732 0.00873725
internal_weight=177.847 144.435 41.2357 32.9825 103.199 94.0982 90.4812 33.4122 31.0425 29.1366 25.0744 4.06218 88.5568 86.0821
internal_count=3300 2596 565 531 2031 1946 1716 704 513 621 395 226 1707 1359
is_linear=0
shrinkage=0.05


Tree=222
num_leaves=15
num_cat=0
split_feature=34 27 42 4 57 26 60 13 54 13 60 5 0 59
split_gain=3.55411 2.39762 3.80556 3.7277 4.55592 3.61648 2.97327 2.33434 4.30486 2.44246 4.7731 1.89609 1.72701 1.70117
threshold=12.331358068839004 0.74239631336405543 229.12000000000003 1.2229917860356503 0.0025120950719854638 0.19908675086511074 0.1076493651742136 21.987026058096394 0.062405652767576016 3.0844724522015627 0.3133081933086222 0.27928046225945008 2.5000000000000004 0.0037872657301902504
decision_type=2 2 10 8 2 2 2 8 2 10 2 8 10 2
left_child=7 2 3 -2 6 -3 11 8 9 10 -1 -5 -7 -13
right_child=1 5 -4 4 -6 12 -8 -9 -10 -11 -12 13 -14 -15
leaf_value=-0.030842451196839649 0.013275925441026355 -0.016621743299323824 0.016896000036378915 0.002467133375376766 0.003617505498422097 0.0012398129056254291 0.001424343962531827 0.015811622933253566 -0.029131381074041059 0.026574285214431795 0.014525606294477017 -0.036701780848942642 0.026496472698812445 0.0026326834997175033
leaf_weight=4.3498304297099883 8.7085493333288451 7.1904983234126147 8.8649215866171271 3.2782735487853643 18.70769382501021 12.069597946014257 8.4578599221131281 51.936163990088971 5.2247460577636948 6.4520995188504449 10.403707363700958 28.556444072615708 12.067869509570299 2.2947137793526045
leaf_count=122 640 138 395 69 59 51 281 404 32 25 127 898 43 21
internal_value=0.00228405 -0.00347226 -0.00799784 -0.0120665 -0.0163967 0.0074536 -0.0246449 0.0101012 -0.00185022 0.00914719 -0.00327149 -0.0304618 0.0162472 -0.0338169
internal_weight=188.563 110.196 78.8685 70.0035 61.295 31.328 42.5873 78.3665 26.4304 21.2056 14.7535 34.1294 24.1375 30.8512
internal_count=3305 2595 2363 1968 1328 232 1269 710 306 274 249 988 94 919
is_linear=0
shrinkage=0.05


Tree=223
num_leaves=15
num_cat=0
split_feature=54 2 41 53 62 37 32 41 41 33 11 60 42 42
split_gain=3.04864 3.40416 3.39785 2.88337 2.43415 2.03337 2.56122 1.94151 2.79277 1.88929 1.86632 2.2719 1.8445 7.06708
threshold=0.60642193682256951 3304.0509901523887 1.4765000000000004 5.6385420745048222e-08 13.75909090909091 0.64515577620548192 38.594851619337483 1.3265000000000002 1.5250000000000001 74.112947407006303 29.542345657159501 0.080347377428051189 179.27500000000001 113.14500000000002
decision_type=2 8 10 2 2 2 2 10 10 2 8 2 10 10
left_child=1 2 -1 4 -2 6 10 -3 -9 -8 -4 -12 13 -10
right_child=3 7 5 -5 -6 -7 9 8 12 -11 11 -13 -14 -15
leaf_value=-0.02356467628040659 -0.042129664079759134 0.018500805689149788 0.006213785384033322 0.0021654610623241073 -0.00083003982114319822 0.018122338217494299 0.013762809965806762 -0.01709217088806592 0.011299449548815892 -0.016350607144997694 -0.033909814195746381 0.0059248158659073111 0.02252879135990522 -0.029398843577508618
leaf_weight=13.460250981559509 5.4263626930478512 32.25249263830483 4.5746311356779215 14.770313899964092 5.7354255355894566 8.9321162268752214 16.909565236317579 8.4942961223423463 46.810349514242262 2.286882287109619 8.381604324851649 3.0983462932636021 11.622658658772705 8.4755836313124728
leaf_count=461 58 72 413 59 20 144 514 37 149 774 479 70 48 58
internal_value=0.00137858 0.00396878 -0.00553014 -0.0131048 -0.0277302 0.00180108 -0.00407193 0.00907462 0.00414293 0.00753798 -0.0164473 -0.024623 0.00783982 0.0031394
internal_weight=191.231 165.299 57.6434 25.9321 11.1618 44.1831 35.251 107.655 75.4029 19.1964 16.0546 11.48 66.9086 55.2859
internal_count=3356 3219 2855 137 78 2394 2250 364 292 1288 962 549 255 207
is_linear=0
shrinkage=0.05


Tree=224
num_leaves=15
num_cat=0
split_feature=12 7 10 14 28 28 5 4 14 5 43 48 0 38
split_gain=2.87143 3.39169 4.84738 5.78988 4.38608 3.59072 2.15779 1.92321 4.08025 1.84906 2.47823 2.31425 2.64628 2.23597
threshold=922.51682707553584 87.500000000000014 85.500000000000014 0.50101797875654774 0.18239385569931618 0.40962369751118699 50.000000710110108 20.158203286540857 12.196941915903391 6.2495045888020506 1333.474608115823 1.0000000180025095e-35 16.500000000000004 494.73953356518103
decision_type=10 10 10 10 2 2 10 10 10 10 10 2 10 2
left_child=6 5 -3 -4 7 -2 9 8 -5 10 11 12 13 -1
right_child=1 2 3 4 -6 -7 -8 -9 -10 -11 -12 -13 -14 -15
leaf_value=0.00071818603536815729 -0.039721394471883331 0.010488749282705764 -0.042407489328877529 0.014906206556662752 -0.027201184848884369 0.0075001268607341638 -0.018765015712112806 0.020759575689475927 -0.023019961316506733 0.017526146579889913 0.019842791313576445 -0.023201712110918038 0.016823625956462373 -0.026887927578088527
leaf_weight=28.14467554440489 9.9707299350848171 29.4324211825151 8.2222282756119949 10.568432712927466 8.2801761217415315 3.6056174561381331 5.2258555665612212 9.3259968161582929 8.1087290719151479 18.724066841998138 9.0154260826966475 6.9665712314017574 13.345568373159038 4.8047004746622397
leaf_count=140 633 195 46 30 41 11 29 25 35 77 80 784 472 684
internal_value=-0.00318917 -0.0093306 -0.00421976 -0.0140237 -0.0032345 -0.0285371 0.00321373 0.0068995 -0.0029436 0.00564024 0.0010297 -0.00358436 0.00134155 -0.00631958
internal_weight=173.741 87.5143 73.938 44.5056 36.2833 13.5763 86.2269 28.0032 18.6772 81.001 62.2769 53.2615 46.2949 32.9494
internal_count=3282 1016 372 177 131 644 2266 90 65 2237 2160 2080 1296 824
is_linear=0
shrinkage=0.05


Tree=225
num_leaves=15
num_cat=0
split_feature=7 53 13 10 55 30 63 55 57 42 41 14 23 48
split_gain=3.35083 3.17413 3.1001 2.88599 2.44926 3.84422 3.20633 2.54311 3.76201 2.33829 2.21951 2.72477 2.43109 2.26737
threshold=580.50000000000011 7.3014422087786629e-06 -35.081198342918832 550.50000000000011 -1.6813668769109295e-08 143.50000000000003 -0.015717510473047595 -1.7950051038241857e-09 0.00015059685850288629 10.305000000000001 1.8905000000000001 -1.0072077002792816 8.2966561974592903 1.0000000180025095e-35
decision_type=8 2 10 10 2 8 2 2 2 10 10 8 2 2
left_child=1 2 -1 -2 5 6 -4 8 -6 -9 12 -12 -11 -13
right_child=3 -3 4 -5 7 -7 -8 9 -10 10 11 13 -14 -15
leaf_value=-0.016295129437364737 -0.025862952975600803 -0.027634050739628283 -0.026033717711196808 0.0033640153748130622 0.0083268041083686649 0.023718997405799178 0.010897877916028031 -0.019625882867422249 -0.033325408952030997 -0.0030800112669860176 0.014037411122136287 -0.00060970335574775934 0.021522907873257863 -0.033328256139902611
leaf_weight=11.892983205354538 16.557213579071689 3.3106346577405921 4.9746073913993305 12.190866027027367 7.1544156110612658 32.276243151165545 9.7497144034423382 3.8704440985165993 6.6663459306582808 12.650446284649659 9.9536298713064735 13.703237789741257 28.940647191368043 3.8311641860782393
leaf_count=928 76 22 46 36 131 111 76 262 63 376 440 350 95 282
internal_value=-0.000551461 0.00259094 0.00417217 -0.0148069 0.00651339 0.0151002 -0.00501592 0.00129289 -0.0152798 0.00521141 0.00783375 -0.00294941 0.0145122 -0.0135673
internal_weight=177.723 148.975 145.664 28.7481 133.771 47.0006 14.7243 86.7703 13.8208 72.9496 69.0791 27.488 41.5911 17.5344
internal_count=3294 3182 3160 112 2232 233 122 1999 194 1805 1543 1072 471 632
is_linear=0
shrinkage=0.05


Tree=226
num_leaves=15
num_cat=0
split_feature=45 4 33 36 45 59 42 33 30 59 63 44 3 21
split_gain=3.82217 3.6749 4.12212 2.75499 2.9975 2.92113 2.42723 2.37228 2.32452 1.98818 1.97497 3.16142 4.04193 1.92908
threshold=9.7005448330687347 4.7816066886361206 17.970425814187369 0.37477272727272731 1.2424533248940004 -0.00063780023225447954 374.55500000000006 14.460151280134216 575.00000000000011 -0.0076472404431368159 -0.00029333595082923499 4.5068282412183347 7.5000000000000009 30.73934537492492
decision_type=8 10 2 2 10 2 10 2 10 2 2 2 10 10
left_child=1 2 7 5 10 8 -4 13 9 -3 11 12 -5 -1
right_child=-2 3 6 4 -6 -7 -8 -9 -10 -11 -12 -13 -14 -15
leaf_value=-0.024772247251479404 0.01666699985183441 -0.0091284636990994015 -0.038293030373241464 0.0142011769408359 0.019223835563335873 -0.018263377824741529 0.0061471035876054791 0.019917853551272787 -0.013543933398265673 0.018497929744042785 0.01269622497697922 0.014876752177049674 -0.025960187356621187 0.010964434392227424
leaf_weight=4.4488825479056704 27.532828252878971 5.6486264739069147 12.352176859640165 5.0127798607572975 28.085022976447362 23.075527936583967 2.2174216720159157 5.7596079083159566 9.2819271618500334 17.486366590368565 13.260044574039055 7.2184286862611762 17.706204164773226 2.5936066245194525
leaf_count=669 222 47 1073 22 162 647 33 66 45 107 62 17 91 14
internal_value=0.00107425 -0.00214698 -0.0171941 0.00163096 0.00789645 -0.0064048 -0.031687 0.00356687 0.00334908 0.0113292 -0.000698375 -0.00759912 -0.0161357 -0.0125232
internal_weight=181.679 154.147 27.3717 126.775 71.2825 55.4924 14.5696 12.8021 32.4169 23.135 43.1975 29.9374 22.719 7.04249
internal_count=3277 3055 1855 1200 354 846 1106 749 199 154 192 130 113 683
is_linear=0
shrinkage=0.05


Tree=227
num_leaves=15
num_cat=0
split_feature=5 28 12 57 12 1 65 57 60 67 3 0 67 59
split_gain=2.87782 2.3455 2.23951 2.25785 5.68982 4.42993 3.66234 3.53197 2.85809 3.71217 2.82743 2.64476 3.02098 2.45385
threshold=8.6984463172807516 0.54364691350284178 9.3299955995869848 6.2592145037219132e-05 21230.459903177249 200.00000000000003 1.4103168605658352 0.0035014891221094358 0.044804909912661235 0.02265195092108906 1.5000000000000002 1.5000000000000002 0.10478018689943464 -0.00034190570316759163
decision_type=10 2 8 2 8 10 2 2 2 2 8 10 2 2
left_child=2 -2 -1 5 6 10 8 -8 9 -5 -4 12 -12 -6
right_child=1 -3 3 4 13 -7 7 -9 -10 -11 11 -13 -14 -15
leaf_value=0.012208111451010424 0.017740559566096131 -0.0094156294505974361 0.0065990979690274511 0.013436808128950317 0.029166399874319654 0.013668033882554016 -0.040334467573517385 -0.002187462056990587 0.017906359016652145 -0.017417792837863395 -0.020798291859152856 -0.039311740415313365 0.013543323885756811 -0.0038019413670049729
leaf_weight=9.1038508757192158 18.524976154207256 8.1905154027044755 5.2264261253585564 9.9499058687943016 10.831370696192609 6.5765602482133536 10.854332264512779 10.812297467142342 9.093373910058288 25.81001034763176 14.282266527850881 18.001680861212662 5.4807857516570939 7.161679338081739
leaf_count=232 65 37 752 56 44 131 64 35 35 141 270 1295 62 46
internal_value=-0.00465549 0.00924309 -0.00747308 -0.00920025 -0.00382024 -0.0171826 -0.010591 -0.0252775 -0.00167296 -0.00823759 -0.0228343 -0.027203 -0.0104629 0.0180709
internal_weight=169.9 26.7155 143.185 134.081 84.513 49.5677 66.5199 21.6666 44.8533 35.7599 42.9912 37.7647 19.7631 17.9931
internal_count=3265 102 3163 2931 421 2510 331 99 232 197 2379 1627 332 90
is_linear=0
shrinkage=0.05


Tree=228
num_leaves=15
num_cat=0
split_feature=11 55 23 5 48 0 9 5 67 27 63 33 11 57
split_gain=4.0444 2.03355 2.0643 3.66732 2.23972 2.73159 2.19733 3.6286 2.41237 2.82137 3.41202 2.23308 3.32728 1.83344
threshold=19373.90902062866 -1.1756214766593064e-07 9.2303376154103596 4.9586660056778511 1.5000000000000002 273.50000000000006 16.500000000000004 3.3570493899108507 0.17375084341836838 0.73942823108993461 -0.030546439926197447 17.970425814187369 587.1765385526686 -0.0023592061517824577
decision_type=10 2 2 10 2 10 10 10 2 2 2 2 8 2
left_child=1 -1 4 -4 5 6 7 11 9 10 -8 -3 -13 -7
right_child=-2 2 3 -5 -6 13 8 -9 -10 -11 -12 12 -14 -15
leaf_value=-0.014093724907293418 -0.019127137409439759 0.0042087841799846792 0.021100478362688205 -0.0082142570663913828 -0.020472198852165537 -0.013285434029659716 0.0081153889143701276 0.022873073863777269 0.0084752893671969382 0.0069551483342998408 -0.039291985865234247 -0.033923837373094616 0.0091765970020136183 0.019262991706548563
leaf_weight=12.225152346538378 20.44506495911628 23.961762413411634 30.264591026119888 12.11511707305908 6.8158361477107965 1.502110750327122 3.0097310841083553 12.173563815769738 6.7849951928947112 4.979929417371749 11.157361627396314 6.7095040987478543 4.4667114847106868 23.088385650509736
leaf_count=65 109 667 119 42 720 98 10 60 92 15 146 501 136 526
internal_value=-0.000592161 0.00229716 0.00407872 0.0127378 0.000151155 0.00251347 -0.00250772 0.00390634 -0.0129497 -0.0207247 -0.0297308 -0.00469544 -0.0191861 0.0153658
internal_weight=179.7 159.255 147.03 42.3797 104.65 97.8341 73.2436 47.3115 25.932 19.147 14.1671 35.138 11.1762 24.5905
internal_count=3306 3197 3132 161 2971 2251 1627 1364 263 171 156 1304 637 624
is_linear=0
shrinkage=0.05


Tree=229
num_leaves=15
num_cat=0
split_feature=7 7 7 67 63 42 10 61 3 22 43 61 25 63
split_gain=4.34648 4.2854 3.85265 3.53408 2.53184 2.29346 2.18619 2.38623 2.20368 2.17056 2.46714 2.39548 1.83267 1.6006
threshold=255.50000000000003 142.50000000000003 99.500000000000014 0.23626211320669505 -0.017720094260003944 61.380000000000003 33.500000000000007 0.0025270374871339553 1.5000000000000002 8.2096723132432228 25.234757870561225 -0.011902102077747624 0.48414110961412254 -0.0068338059504021754
decision_type=8 10 10 2 2 8 10 2 8 2 8 2 2 2
left_child=1 2 6 5 -5 -2 7 8 -1 10 -10 -12 -9 -14
right_child=3 -3 -4 4 -6 -7 -8 12 9 -11 11 -13 13 -15
leaf_value=0.0081198992629223903 -0.0046216959525945409 -0.030306317537596411 0.019133920138832073 -0.030197132202762614 0.0062826995047294155 0.016531629620183924 -0.026739204674050693 -0.014535410155620153 0.0070257870387717058 0.0045866927172461902 0.0064816870891937902 -0.038416520989466713 -0.0050509408604649704 0.016773134837708072
leaf_weight=6.5295075953035875 14.715046510100363 14.753745423397048 10.361868732841684 5.4245002893730998 6.1443873578682524 45.228973936405964 8.6026895847171527 5.3627003135625264 2.9273737661715193 5.7809428651817134 1.9826854979182833 13.837354412084093 9.9548499249503966 19.344076293811668
leaf_count=897 45 88 60 32 30 156 43 37 210 26 141 1346 94 92
internal_value=-0.00267949 -0.00924889 -0.00409516 0.00646266 -0.0147731 0.0113829 -0.00833567 -0.00420646 -0.013302 -0.0194139 -0.0262222 -0.0325843 0.00459296 0.00970265
internal_weight=170.951 99.4378 84.684 71.5129 11.5689 59.944 74.3222 65.7195 31.0579 24.5284 18.7474 15.82 34.6616 29.2989
internal_count=3297 3034 2946 263 62 201 2886 2843 2620 1723 1697 1487 223 186
is_linear=0
shrinkage=0.05


Tree=230
num_leaves=15
num_cat=0
split_feature=65 28 33 12 38 4 4 29 36 0 0 62 62 64
split_gain=2.89754 2.34816 2.46245 3.97013 2.18517 2.0902 4.85072 2.85897 3.11109 1.87343 1.76663 1.58295 1.57089 1.47106
threshold=1.456544474290925 0.51055502185436652 61.06300083028313 25.101375153378871 718.26159580218257 20.158203286540857 23.284082909957249 5441.4961816211007 0.40827538703752303 335.50000000000006 16325.500000000002 0.96987951807228934 13.033333333333335 0.66091954022988519
decision_type=2 2 2 10 2 10 10 8 2 10 10 2 2 2
left_child=1 4 3 11 9 -2 -7 8 -8 12 -11 -3 -1 -6
right_child=5 2 -4 -5 13 6 7 -9 -10 10 -12 -13 -14 -15
leaf_value=0.016497144853092387 -0.022763164308244887 -0.0098444027913043367 0.011338893652848214 -0.033905388782943378 -0.016592871482512359 0.023446898457566867 -0.043689364681501142 0.0078456959344665369 0.004135513381534413 -0.013591769307905691 0.01200708406759143 0.018516155316721565 -0.00061929743435365286 0.0086842492881601362
leaf_weight=72.78859673065017 12.543982379138468 5.3828922879183718 8.3494053892791253 8.5407493868842703 9.8040620688698237 8.3034613765776175 4.9057490493869391 6.0048369523137799 3.9698231443762779 11.013362570287429 6.8429270071210331 4.8274581953883171 15.768552385270594 5.4431296164548248
leaf_count=413 55 90 42 60 1463 27 55 29 14 188 62 13 51 750
internal_value=0.00219153 0.00528119 -0.00710218 -0.0159719 0.00821112 -0.00974203 9.16997e-05 -0.0155601 -0.0285164 0.0107256 -0.0033011 0.00524336 0.0135792 -0.00765297
internal_weight=184.489 148.761 27.1005 18.7511 121.661 35.7279 23.1839 14.8804 8.87557 106.413 17.8563 10.2104 88.5571 15.2472
internal_count=3312 3132 205 163 2927 180 125 98 69 714 250 103 464 2213
is_linear=0
shrinkage=0.05


Tree=231
num_leaves=15
num_cat=0
split_feature=9 5 1 5 14 5 3 29 66 36 45 21 33 59
split_gain=4.18134 3.14413 2.71167 2.84713 2.56153 2.42238 2.28288 1.63033 1.82691 2.83389 2.48921 2.32123 2.21261 1.8016
threshold=302.50000000000006 50.000000710110108 14.500000000000002 1.4876100000000002e-10 -0.51360010435084869 2.3435685267142001 554.00000000000011 8833.2854784032988 0.99999993140894194 0.38321868501039841 4.6051201834879256 0.97486764910543733 60.262821064058016 0.00037738872065423088
decision_type=8 10 8 10 8 8 10 10 2 2 8 10 2 2
left_child=1 2 3 4 -1 -4 -2 8 9 12 -11 -10 -7 -13
right_child=6 -3 5 -5 -6 7 -8 -9 11 10 -12 13 -14 -15
leaf_value=0.0064901946179154726 -0.023252275566311945 -0.023447470653980795 -0.014309958932406783 0.0059931531736069259 -0.033210280633021352 0.014852129669227835 0.0020710531202688853 -0.016114247154134197 -0.0088525920218203349 -0.025722819245969527 0.013396657231240078 0.025917273544570282 -0.012072033032968381 0.0022813481427350498
leaf_weight=3.7622493547387421 25.145916412351653 6.2829544991254798 7.1686172574118245 13.660571323358452 8.7095832872728369 31.370242380275158 11.540977746248243 1.5675759725272644 4.8385000845883033 7.9368396302452284 2.2720767249120408 33.316104542929679 5.6261989482882191 11.517472477164118
leaf_count=285 137 37 359 144 415 594 36 12 372 171 19 152 533 43
internal_value=-0.00210131 0.00202102 0.00404854 -0.00920567 -0.0228042 0.00759596 -0.0159931 0.00980568 0.0109954 0.00338175 -0.0154745 0.0172599 0.00980787 0.0206835
internal_weight=174.716 138.029 131.746 26.1324 12.4718 105.614 36.6869 98.445 96.8774 47.2054 10.2089 49.6721 36.9964 44.8336
internal_count=3309 3136 3099 844 700 2255 173 1896 1884 1317 190 567 1127 195
is_linear=0
shrinkage=0.05


Tree=232
num_leaves=15
num_cat=0
split_feature=36 41 0 11 65 53 34 65 17 34 53 53 41 32
split_gain=2.75931 3.60347 2.56869 2.25098 1.96165 3.83714 2.45288 2.27334 4.22168 3.17718 2.82497 1.7607 2.75691 2.69781
threshold=0.79246478073165194 1.3265000000000002 18.500000000000004 470.96741604280123 1.4103168605658352 6.2514170175912009e-08 7.7656550705212632 1.2093437428790859 222.50000000000003 6.5814262850410552 1.8432031211612354e-08 -1.086793958590301e-08 1.6965000000000001 93.642984162873816
decision_type=2 10 8 8 2 2 2 2 10 2 2 2 10 2
left_child=1 3 -2 -1 7 6 -6 8 11 -10 -9 -3 -13 -14
right_child=2 4 -4 -5 5 -7 -8 10 9 -11 -12 12 13 -15
leaf_value=-0.009544221679923505 -0.030340610203016601 0.016272015537362492 0.0079991491529842959 0.022668948298071517 0.0022534990107117812 0.0080338414120093554 -0.031172299219366567 -0.0048487404172608377 0.001394683710649677 -0.038104004699779231 0.025801657456567251 0.010841411416524178 -0.019651442853961247 0.013848788043796956
leaf_weight=3.6365561196871594 6.9053391242632616 18.560361691139406 4.215225790569094 26.885190796805546 6.9369279816746738 15.841537985950707 13.260113385418661 9.6347526249883249 8.5382511653006059 6.4797945935279122 15.778768151998518 21.601371965109138 17.705272241961215 4.1830640326807034
leaf_count=308 58 416 33 53 28 64 102 76 53 30 48 343 1311 369
internal_value=0.00203808 0.00382022 -0.0178344 0.0180277 0.000170733 -0.00913463 -0.0215228 0.00371576 -0.000801659 -0.0209084 0.0152947 0.00526105 -0.000631487 -0.0118645
internal_weight=180.163 169.042 11.1206 30.5217 138.52 36.0386 20.197 102.482 77.0681 15.018 25.4135 62.0501 43.4897 21.8883
internal_count=3292 3201 91 361 2840 194 130 2646 2522 83 124 2439 2023 1680
is_linear=0
shrinkage=0.05


Tree=233
num_leaves=15
num_cat=0
split_feature=29 66 58 0 42 56 14 7 8 30 5 5 14 14
split_gain=2.89427 2.88131 2.51103 2.64094 3.73658 2.07016 1.82102 1.62346 1.60138 4.9938 2.82891 1.81874 1.75368 1.51025
threshold=7227.0575469837286 0.96410651402113501 -0.15475344456960208 1.5000000000000002 181.62500000000003 0.10326609029813962 40.581811539269374 47.500000000000007 340.50000000000006 672.50000000000011 50.000000710110108 2.3435685267142001 -1.6737987516011981 40.581811539269374
decision_type=10 2 2 10 10 2 8 10 10 10 10 8 8 10
left_child=1 2 7 6 13 -2 -4 -1 9 10 11 -3 -13 -5
right_child=5 8 3 4 -6 -7 -8 -9 -10 -11 -12 12 -14 -15
leaf_value=-0.014403034416996703 -0.027779975265958531 -0.0095086066547683933 -0.0082579116841264722 -0.032981316738128368 0.01197822102230583 0.0046915145361170509 0.021881868379094938 0.015324864183736089 0.023453531074693449 -0.031042832150884814 -0.017792056819395215 -0.012897352305407797 0.013848223708664766 -0.0010737780303385926
leaf_weight=1.7894869070587436 8.6857664287090284 6.9348243373096921 6.9685320620774274 17.300501784615342 4.6100011592643559 5.690292812883853 4.1208718602429144 13.643536381059674 9.7406345680356008 3.9309623837470999 5.273558370769023 2.7567737936333288 85.178188487174339 4.861714841797947
leaf_count=332 55 382 158 481 258 18 21 188 24 17 25 191 1162 19
internal_value=0.00133321 0.00336216 -0.00587209 -0.0123708 -0.0198594 -0.0170332 0.00626168 0.0091969 0.00775132 0.00527395 0.00810793 0.0103663 0.012361 -0.0274679
internal_weight=181.486 167.11 53.2946 37.8616 26.7722 14.3761 11.0894 15.433 113.815 104.074 100.143 94.8698 87.935 22.1622
internal_count=3331 3258 1457 937 758 73 179 520 1801 1777 1760 1735 1353 500
is_linear=0
shrinkage=0.05


Tree=234
num_leaves=15
num_cat=0
split_feature=42 67 26 28 28 67 28 63 27 67 4 1 8 63
split_gain=3.23764 3.08034 4.45869 3.03734 5.57742 3.02472 3.66322 3.06109 2.92215 2.7399 2.53225 3.87467 2.82031 2.71058
threshold=96.595000000000013 0.079766940346097021 2.1143629602248448 0.49943608854540827 0.9106287986307926 0.21147376757341321 0.21943199378762243 -0.02821209150821705 0.71887913223140509 0.25008762541652019 22.584208910470153 1.5000000000000002 31.500000000000004 -0.02821209150821705
decision_type=10 2 2 2 2 2 2 2 2 2 10 8 8 2
left_child=1 2 3 8 -5 6 -3 -7 -1 -9 12 -12 -2 -14
right_child=10 5 -4 4 -6 7 -8 9 -10 -11 11 -13 13 -15
leaf_value=0.00046546918864095468 -0.02033120315032633 0.032708577327411378 -0.03092613835980489 -0.030152237336533824 0.014977847616744797 -0.030968817428272684 0.0007207856385406399 -0.017900826098429103 0.026669207529723866 0.018972510521735195 0.0093564352562725082 -0.035424329222307142 -0.01976673189027307 0.012936019614991438
leaf_weight=30.227831274300115 9.1839713611116149 18.968895140162203 6.7617854245472691 11.041790250979831 7.8856653789989641 2.3078856016509226 14.651047714054583 3.0386192210135041 11.572561333741758 9.7769855631049705 4.3307160645490539 11.740080049014066 3.3916571695590418 23.922935090857209
leaf_count=1117 992 116 35 116 57 19 76 37 82 105 31 176 39 318
internal_value=-0.00042337 0.00422514 -0.00270478 0.0025511 -0.0121491 0.0131792 0.0206669 -0.00446533 0.00979425 0.0076595 -0.0101757 -0.0240002 -0.00193031 0.00644514
internal_weight=168.802 116.233 67.4896 60.7278 18.9275 48.7434 33.6199 15.1235 41.8004 12.8156 52.5694 16.0708 36.4986 27.3146
internal_count=3316 1760 1407 1372 173 353 192 161 1199 142 1556 207 1349 357
is_linear=0
shrinkage=0.05


Tree=235
num_leaves=15
num_cat=0
split_feature=62 65 7 23 33 35 50 5 55 60 30 5 43 0
split_gain=1.618 3.18563 2.65151 3.12392 2.02956 2.63887 2.5122 1.90186 1.87886 1.75042 2.35272 2.02351 3.29886 1.99818
threshold=5.6770833333333348 1.2093437428790859 441.50000000000006 9.3257569283005957 41.612951371554551 14.912817296030779 0.099879641546308226 19.491028859058353 -8.3450189988702404e-08 0.0099283927050155749 125.00000000000001 6.2495045888020506 25.234757870561225 553.50000000000011
decision_type=2 2 10 2 2 2 2 8 2 2 8 10 8 10
left_child=4 -2 3 -3 9 6 -6 -8 -9 10 11 12 -1 -11
right_child=1 2 -4 -5 5 -7 7 8 -10 13 -12 -13 -14 -15
leaf_value=0.011447701803406037 -0.023244272976676764 0.0099412544513152318 0.013748024251165426 -0.02530955090341297 0.014302106813625225 0.0059164309199383732 0.0030198050311794808 0.0036850259857998686 -0.03725404000564541 0.026412323644890025 0.013125786870176518 0.013801114720192922 -0.02776942746103353 -0.009983228719550423
leaf_weight=4.8687639643903831 11.443597607314585 7.7894099690020111 19.960063084959984 8.7618174720555526 2.5395990520773948 39.554061895447376 4.8374531115405262 2.4656361639499709 8.7997005733923253 18.495151688315676 27.951509502425324 4.029841184616088 10.16019640758168 1.8026693363790389
leaf_count=410 50 25 58 37 43 1187 51 18 269 332 381 12 333 80
internal_value=0.00255574 -0.00491419 0.00293869 -0.0102622 0.0054889 -0.00135202 -0.0147635 -0.02165 -0.0299154 0.0110882 0.00478984 -0.00762272 -0.0153785 0.0218457
internal_weight=173.459 47.9549 36.5113 16.5512 125.505 58.1965 18.6424 16.1028 11.2653 67.3081 47.0103 19.0588 15.029 20.2978
internal_count=3286 170 120 62 3116 1568 381 338 287 1548 1136 755 743 412
is_linear=0
shrinkage=0.05


Tree=236
num_leaves=15
num_cat=0
split_feature=27 27 13 4 59 0 0 42 19 38 44 4 19 14
split_gain=1.96033 2.3231 2.9792 2.50699 2.47552 2.13078 2.98186 3.06421 2.98953 2.73448 4.07328 2.08234 2.60928 1.77683
threshold=0.6362479759426326 0.60339849466175832 18.115662035648693 38.092210155461906 -0.0085304178835984689 273.50000000000006 3.5000000000000004 57.875000000000007 1527.5952942661559 162.52898006018106 0.29480146387514672 23.284082909957249 8077.4088527235608 9.5060654733264229
decision_type=2 2 10 8 2 10 10 10 10 2 2 10 10 8
left_child=1 2 3 4 -1 6 9 8 -8 13 -11 -4 -13 -2
right_child=5 -3 11 -5 -6 -7 7 -9 -10 10 -12 12 -14 -15
leaf_value=0.0092127253414310481 0.0010144410188648043 -0.024067397015351225 0.020826231793787228 0.0038599430464166884 -0.023747644669773912 0.021820257910583007 -0.015170386713495019 -0.027477780212997273 0.017956861419996108 0.010937969835297724 -0.028373394106083329 0.013729262743802094 -0.025469443252090315 0.02330349771724706
leaf_weight=4.4266928953002234 13.830794848967342 7.6367577190103466 15.798040293157102 23.380278826240101 20.474165292776888 12.772794869306379 7.8216863670386436 9.1166061487747339 9.687456861138342 11.528428083227483 6.2299545314162961 4.237919642153428 3.2098154798150063 22.997531900182366
leaf_count=43 50 83 66 628 1694 144 162 85 30 127 54 77 16 57
internal_value=0.00135294 -0.00429898 -0.00075378 -0.007668 -0.0173275 0.00609023 0.00249426 -0.010076 0.00307567 0.00895667 -0.00605687 0.0124222 -0.0066092 0.0160547
internal_weight=173.149 79.1637 71.5269 48.2811 24.9009 93.9853 81.2125 26.6257 17.5091 54.5867 17.7584 23.2458 7.44774 36.8283
internal_count=3316 2607 2524 2365 1737 709 565 277 192 288 181 159 93 107
is_linear=0
shrinkage=0.05


Tree=237
num_leaves=15
num_cat=0
split_feature=33 42 55 63 53 4 28 67 36 33 42 61 60 0
split_gain=3.38905 3.39907 3.66159 2.64291 2.90223 2.90773 2.94119 2.53564 2.50586 1.99043 3.11466 3.26558 2.44032 1.87481
threshold=74.112947407006303 381.34000000000009 5.0503429053043241e-08 -0.02821209150821705 -2.9866607570745625e-08 19.277787674410163 0.22685437450294352 0.20986067830300964 0.49446841464763808 26.212856921423306 181.62500000000003 -0.0063533920991025701 0.00094846179282522891 56.500000000000007
decision_type=2 10 2 2 2 10 2 2 2 2 10 2 2 10
left_child=3 2 -2 7 -5 9 -7 -1 -8 -6 11 -11 13 -13
right_child=1 -3 -4 4 5 6 8 -9 -10 10 -12 12 -14 -15
leaf_value=-0.00044198290370658976 -0.040056502313542304 0.0086420570809529265 0.0068662094886027501 -0.021278024857144077 0.0065260752811859548 0.025148474639256898 -0.014392124671987767 -0.030582902347717534 0.015068432998663082 0.013376679654690844 0.01760019223944979 0.0054368544209156223 -0.037424998700851031 -0.024439324171859518
leaf_weight=17.353494399925697 10.852375813781693 5.8550282234791657 3.8785737398284246 5.7686802216921924 43.534723031829344 25.026478674495593 9.7979148048907536 6.8411987996660164 9.0912060821428877 4.6541158708714674 4.7559670156333587 11.276199499843644 8.9968976196541899 3.0614926777197971
leaf_count=78 727 113 79 88 983 327 60 50 32 155 28 97 399 62
internal_value=-0.00194411 -0.0187688 -0.0290928 0.000892978 0.00389857 0.00590844 0.0154241 -0.0127427 -2.6834e-05 -0.000181741 -0.00878304 -0.0152543 -0.0223176 -0.00561215
internal_weight=170.744 20.586 14.7309 150.158 125.964 120.195 43.9156 24.1947 18.8891 76.2794 32.7447 27.9887 23.3346 14.3377
internal_count=3278 919 806 2359 2231 2143 419 128 92 1724 741 713 558 159
is_linear=0
shrinkage=0.05


Tree=238
num_leaves=15
num_cat=0
split_feature=36 0 37 65 36 67 63 0 42 36 29 26 36 63
split_gain=2.12722 3.10779 2.48522 2.26468 3.256 2.07397 2.40623 3.2499 2.41669 2.50672 2.06319 1.74887 2.37184 1.63955
threshold=0.79246478073165194 18.500000000000004 0.71490147783251246 1.0641858676697968 0.59287574493920669 0.23185511037141657 -0.033164663073081323 303.50000000000006 180.51500000000001 0.5186206896551725 760.5672387645468 8.25753512417411 0.2497357293868922 0.013907582709751573
decision_type=2 8 2 2 2 2 2 10 10 2 8 2 2 2
left_child=2 -2 3 13 5 6 -5 8 9 11 -4 12 -8 -1
right_child=1 -3 10 4 -6 -7 7 -9 -10 -11 -12 -13 -14 -15
leaf_value=0.007139803549473531 -0.034735793695708839 0.0092372342846704699 -0.0063384052811216165 0.019961479258506745 -0.029386969948942295 -0.018397367245729306 0.0010802831406336105 0.017575153402333357 0.011888677121483317 0.0081263848018327273 0.028161894288751505 0.0037634071404712035 -0.03545622187853497 -0.018052455822817486
leaf_weight=67.881042827102647 5.1202663559233743 3.8664848494227053 4.0346340226824378 9.5246524251997453 8.4726009289734048 10.509130084916249 5.3922671808104594 9.4718883342575264 6.3013631439534938 6.1166733503341666 8.8787522464990598 4.2000862285494796 14.327346202946499 2.3240586007159427
leaf_count=2338 62 33 71 24 46 61 66 73 33 19 24 15 89 364
internal_value=-0.000581039 -0.0192778 0.00104677 -0.00109386 -0.00695565 -0.00219887 0.00214723 -0.00315653 -0.0100327 -0.0156719 0.0186222 -0.0221103 -0.0272677 0.00516107
internal_weight=166.421 8.98675 157.434 144.521 74.316 65.8434 55.3343 45.8096 36.3377 30.0364 12.9134 23.9197 19.7196 70.2051
internal_count=3318 95 3223 3128 426 380 319 295 222 189 95 170 155 2702
is_linear=0
shrinkage=0.05


Tree=239
num_leaves=15
num_cat=0
split_feature=59 28 0 28 42 27 20 59 59 66 32 38 66 4
split_gain=2.10976 3.96467 5.38601 3.7365 3.81138 3.51715 3.1951 2.6766 2.60817 2.52081 1.8719 2.40508 1.86859 1.83992
threshold=-0.00032107042027587797 0.35520791947484326 16344.500000000002 0.34519195677007725 96.595000000000013 0.75535741619470398 29.468116017505583 0.0031840709145444031 -0.0011694817161305604 0.79085443652632403 54.915694948396059 29.996296457419785 0.70114288055758789 98.859595070568773
decision_type=2 2 8 2 10 2 8 2 2 2 2 2 2 10
left_child=3 2 5 4 12 6 -2 13 9 -6 11 -5 -1 -8
right_child=1 -3 -4 10 8 -7 7 -9 -10 -11 -12 -13 -14 -15
leaf_value=-0.0047515745709651759 0.0067054537449176867 0.0062975677585069209 0.005979082946799036 0.001885362306398625 0.00363569428770539 0.0077430619346937971 -0.043890055772284005 -0.0053370362832905506 0.013980698533787615 -0.031370028554114464 0.0062919115799648208 -0.037092853901678172 0.022157405817751011 0.00640370830255306
leaf_weight=5.9189555486664167 3.8206993509666054 30.655696117551997 19.413253806269495 5.4889359399676341 7.3764601654838788 5.4120431255432768 22.604524943439181 8.2256009934935701 5.8790970967093008 6.9950281829806045 5.2134769707918158 5.904185306513682 32.02348688559141 0.6883394718170156
leaf_count=33 398 239 180 21 84 32 1631 308 80 71 25 53 143 1
internal_value=-0.00273473 -0.00767524 -0.0147317 0.00336897 0.00932496 -0.0241732 -0.029415 -0.0341121 -0.00709647 -0.0171018 -0.0148302 -0.0234667 0.0178952 -0.0415348
internal_weight=165.62 90.8202 60.1645 74.7996 58.193 40.7512 35.3392 31.5185 20.2506 14.3715 16.6066 11.3931 37.9424 23.2929
internal_count=3299 2789 2550 510 411 2370 2338 1940 235 155 99 74 176 1632
is_linear=0
shrinkage=0.05


Tree=240
num_leaves=15
num_cat=0
split_feature=5 5 1 55 26 63 37 67 27 61 65 55 2 61
split_gain=2.00015 1.65014 2.67652 2.88194 2.65423 2.85969 2.73272 3.93832 2.93899 1.97738 1.94133 1.47724 1.7064 1.96309
threshold=50.000000710110108 8.6984463172807516 4.5000000000000009 4.5697090503711744e-08 3.6297774724491716 -0.02821209150821705 0.60479172146856575 0.17582172451749958 0.577281414237936 0.038976742808374938 0.67597735288962557 -2.3176393548484284e-07 1109.2878696964669 0.053013796107365764
decision_type=10 10 8 2 2 2 2 2 2 2 2 2 10 2
left_child=1 2 3 11 5 9 7 8 -7 -4 -9 -1 -13 -14
right_child=-2 -3 4 -5 -6 6 -8 10 -10 -11 -12 12 13 -15
leaf_value=0.0046221410250963891 -0.016732713520267978 0.015156043325900526 -0.031591513030454536 0.00945314283579686 0.015326094368035371 -0.0017633089727809989 0.01378110966521646 -0.012896719445753241 -0.028106041826083412 0.00042215219279254475 0.022775169729883051 0.0067180719427940017 -0.043986877127152213 0.0070357714989354907
leaf_weight=1.821272451430558 10.063486617058514 16.702601080061868 6.5329897993069599 4.9615735701227086 27.71913941326784 31.475061793986242 29.996627252723556 1.4297880131634872 11.542374055832623 8.067583352327345 11.717974794097243 0.91462009365204622 7.4215605311765085 0.76088494062423695
leaf_count=10 50 64 77 45 184 1534 279 216 263 21 62 25 447 1
internal_value=0.000737795 0.00230031 0.000355336 -0.0163038 0.00294794 -0.00102079 0.00275188 -0.00378362 -0.0110222 -0.018307 0.0164115 -0.0273012 -0.0330649 -0.0383733
internal_weight=171.128 161.064 144.361 15.8799 128.482 100.762 86.1618 56.1652 43.0174 14.6006 13.1478 10.9183 9.09707 8.18245
internal_count=3278 3228 3164 528 2636 2452 2354 2075 1797 98 278 483 473 448
is_linear=0
shrinkage=0.05


Tree=241
num_leaves=15
num_cat=0
split_feature=33 42 4 5 54 53 0 67 67 32 35 0 57 5
split_gain=4.04035 4.33313 3.78442 3.37018 3.26984 3.30573 2.04282 3.23826 3.53197 2.52944 1.82404 1.80162 3.51295 2.13933
threshold=38.317816169874554 30.210000000000004 75.935108718767907 55.493783822126431 0.079395453970353733 1.4466026419791833e-08 18.500000000000004 0.079766940346097021 0.010079659845093751 7.1145816076038821 7.4759851931775021 1168.5000000000002 -0.0017100345338735895 0.65920289038855007
decision_type=2 8 10 10 2 2 10 2 2 2 2 10 2 8
left_child=1 6 4 11 -3 -6 7 8 -1 -8 -7 13 -13 -2
right_child=3 2 -4 -5 5 10 9 -9 -10 -11 -12 12 -14 -15
leaf_value=0.0073472532158534417 -0.012549454177249404 -0.033022412714601802 0.01351695024153061 -0.025926888479576277 0.010827144120509896 -0.031093276953361212 -0.0060708520495851353 0.014076555657512681 -0.039661496713136117 0.028794150225602905 -0.00028596253313622859 0.01269866348360347 -0.02775653645058565 0.014395707280021618
leaf_weight=4.7099622320092802 4.3897979401808698 22.498255051090382 5.9732469264417878 2.6774616576731196 11.619042597012596 7.8424497544765455 5.9260525707213665 7.5037123060319564 4.2833896696101874 9.0411882449989189 7.8265057951794006 7.3850478473032126 4.802570294676114 66.317414660341456
leaf_count=435 45 539 32 19 79 33 279 44 40 102 39 202 511 907
internal_value=-0.000960001 -0.00830206 -0.0161749 0.00656893 -0.0206458 -0.00690798 0.00595462 -0.00562134 -0.0212138 0.0169264 -0.019497 0.0090337 -0.00667992 0.0120045
internal_weight=172.796 87.2238 55.7595 85.5723 49.7863 27.288 31.4643 16.4971 8.99335 14.9672 15.669 82.8948 12.1876 70.7072
internal_count=3306 1622 722 1684 690 151 900 519 475 381 72 1665 713 952
is_linear=0
shrinkage=0.05


Tree=242
num_leaves=15
num_cat=0
split_feature=55 54 53 59 2 45 28 3 18 54 45 14 34 2
split_gain=2.4044 2.10235 3.44712 1.84354 2.74827 2.32077 2.8134 1.93921 4.21865 3.64504 1.88821 1.7761 1.58589 1.48408
threshold=-1.5057393197621137e-06 0.45654447429092504 6.933371198815278e-08 -0.00032107042027587797 8881.2523714237122 6.3180664002468605 0.51055502185436652 25.500000000000004 7.5000000000000009 0.29191769291157627 3.0201273556387074 7.0452276608282469 42.212056828913518 5575.9235118531224
decision_type=2 2 2 2 10 10 2 8 8 2 10 10 2 10
left_child=-1 3 12 5 7 6 -2 8 10 13 -5 -6 -3 -10
right_child=1 2 -4 4 11 -7 -8 -9 9 -11 -12 -13 -14 -15
leaf_value=-0.029509794186135276 0.020353512536539851 -0.028951181874757516 0.0070442631335403006 0.015837867813275241 -0.02922644600972556 -0.012361127716025886 -0.0079882494893712373 0.012762984218956658 -0.03837969443675221 0.014184629794855528 -0.0073680335973364906 0.0012047018775813519 0.0021796458669913381 0.0031199666079561633
leaf_weight=1.8424688391387452 35.147837704687845 13.09839260671288 14.567579228430985 18.032168531557549 7.3164540734142047 5.5387505672697435 8.2698686476796848 26.930887917929795 8.8740868925378873 2.4177639931440345 10.383205675840143 7.2286447882652283 4.4293711708160108 1.7099405229091633
leaf_count=19 216 69 57 882 37 128 44 84 575 6 1101 25 48 5
internal_value=-0.000463833 0.00072629 -0.00985509 0.00356801 -0.00105349 0.0107656 0.0146877 0.0034444 -0.00333699 -0.0225717 0.00752457 -0.0176635 -0.0223465 -0.0328252
internal_weight=165.787 163.945 32.0953 131.85 82.8932 48.9565 43.4177 68.3481 41.4172 13.0018 28.4154 14.5451 17.5278 10.584
internal_count=3296 3277 174 3103 2715 388 260 2653 2569 586 1983 62 117 580
is_linear=0
shrinkage=0.05


Tree=243
num_leaves=15
num_cat=0
split_feature=36 0 1 0 0 56 61 65 36 60 4 20 4 41
split_gain=1.76431 2.03886 3.61591 1.99322 1.74048 2.12282 2.61025 2.48691 2.38799 2.3929 2.35652 2.69164 3.52194 2.21064
threshold=0.79246478073165194 1168.5000000000002 250.00000000000003 26105.500000000004 303.50000000000006 0.028020566563677806 0.030010018971346173 1.6253374984991256 0.10029585798816569 0.24338404136183001 1.2229917860356503 15951.446521369351 20.568935475638614 1.9240000000000002
decision_type=2 10 8 8 8 2 2 2 2 2 10 10 10 10
left_child=1 4 3 -3 5 6 10 8 -7 -10 -1 12 -12 -14
right_child=-2 2 -4 -5 -6 7 -8 -9 9 -11 11 -13 13 -15
leaf_value=0.011967142847265579 -0.010848979744306726 -0.031682591435036919 0.014788975485323331 0.0062455692931806563 0.017499057617431105 -0.010119878388544742 0.01550420906838728 -0.010951943163533536 0.024546776940036166 -0.0098295917488364429 -0.029052987603145248 0.009976511827093984 0.010658832342622365 -0.018865249228776665
leaf_weight=10.328146578453014 12.237524168420348 7.7785967842937689 6.4005317749688393 2.7924987476144461 32.677936846477678 4.2796458122174945 13.682357321493326 6.2029518876224747 33.318220508721424 3.1089028749847776 18.61826871780795 8.9354284070432168 13.001443842425944 4.7885266874509389
leaf_count=724 92 714 107 42 384 333 36 31 335 19 311 30 54 92
internal_value=0.00470735 0.00613858 -0.00853775 -0.0228751 0.0080339 0.00476172 -0.000899124 0.0124115 0.0167803 0.0207806 -0.00587602 -0.0107251 -0.016397 0.000316428
internal_weight=178.151 165.913 16.9716 10.5711 148.942 116.264 69.3542 46.9097 40.7068 36.4271 55.6718 45.3437 36.4082 17.79
internal_count=3304 3212 863 756 2349 1965 1247 718 687 354 1211 487 457 146
is_linear=0
shrinkage=0.05


Tree=244
num_leaves=15
num_cat=0
split_feature=7 65 7 63 5 59 37 11 45 28 2 4 28 63
split_gain=8.44771 2.11826 2.12976 2.63875 3.52413 3.35496 2.3355 2.27959 1.78126 2.44527 1.17987 2.04171 1.71553 1.21158
threshold=2409.5000000000005 2.3414273517839916 76.500000000000014 -0.0075880281056202835 8.6984463172807516 -0.00032107042027587797 0.52086956521739147 1228.2413921432974 0.89587973461402759 0.27940498878195436 3929.8840040107029 6.4049762630266009 0.4878232586373456 -0.00075270788595432241
decision_type=8 2 10 2 8 2 2 8 10 2 10 10 2 2
left_child=1 2 7 4 -4 -6 -7 10 -9 -10 11 13 -13 -1
right_child=-2 -3 3 -5 5 6 -8 8 9 -11 -12 12 -14 -15
leaf_value=-0.026059106257720666 -0.039641438258697523 -0.017179213847028658 -0.020775994502767611 0.020708543145974589 0.0160875716776969 -0.024665498954322657 0.0064068577249690815 -0.029356944315537471 -0.019882076845364166 0.013842054737744948 0.020389185143608969 0.014144588067697221 -0.0095471325259698907 -0.00097114251209792974
leaf_weight=4.248581733118038 8.2903689479571749 8.5435074639972282 8.6050714254379255 24.780998854199424 32.947878810577095 6.5753485502209505 9.3422975018620473 7.0170213826058925 4.6478902856906625 7.17019565962255 3.2228397130966178 20.221774061035834 6.8948111254721871 10.882357043388769
leaf_count=368 43 47 39 162 123 45 29 101 421 23 8 590 54 1227
internal_value=-0.00136775 0.00185217 0.00349175 0.00860648 0.00214833 0.00773902 -0.00925643 -0.0031993 -0.015781 -0.00138896 0.00305949 -0.000280301 0.00757211 -0.0127383
internal_weight=163.391 155.101 146.557 82.2516 57.4706 48.8655 15.9176 64.3055 18.8351 11.8181 45.4704 42.2475 27.1166 15.1309
internal_count=3280 3237 3190 398 236 197 74 2792 545 444 2247 2239 644 1595
is_linear=0
shrinkage=0.05


Tree=245
num_leaves=15
num_cat=0
split_feature=2 41 32 53 13 59 57 5 8 4 34 20 36 44
split_gain=5.84175 2.5073 4.30832 4.51038 2.80486 2.92797 2.85693 2.30152 2.21182 4.08191 3.14562 1.97935 1.94884 1.93919
threshold=31267.803350797974 1.9200000000000002 30.956171183116513 -1.5057690610447301e-10 0.97486764910543733 -7.6184615427899791e-05 -0.0017775102987191785 3.4235579776074503 131.50000000000003 23.284082909957249 95.44902503156905 1814.1457102372099 0.66038907128570901 4.2707275178332713
decision_type=8 8 2 2 8 2 2 8 10 10 2 10 2 2
left_child=1 4 3 -3 6 11 -1 -8 10 13 -4 12 -6 -10
right_child=-2 2 8 -5 5 -7 7 -9 9 -11 -12 -13 -14 -15
leaf_value=0.014713024471068009 -0.030060008224981227 0.0064637681970266606 -0.020094574568966853 -0.044221128558687636 -0.020666539377564689 0.019091941514670169 0.0061557417813810538 -0.035390464479664006 0.026596349610991006 -0.017237681486063312 0.013061669955619852 0.012808985328812125 0.0061950904310513824 0.0007864419079255232
leaf_weight=3.4310128381475797 10.306679826229809 5.2078044533845969 15.327962670569834 6.7709925931412709 10.393938879249623 43.227698310394771 3.0134812136529945 5.385392134798165 15.98921329341829 6.9760389514267436 6.8546362340275655 11.615509785711764 8.819019172806291 11.619372715242205
leaf_count=42 46 239 573 514 97 415 117 375 62 35 636 36 40 79
internal_value=-0.000568134 0.00227756 -0.00465542 -0.0267714 0.00777776 0.0113977 -0.0115372 -0.0237494 0.00180075 0.0092174 -0.00933098 -0.000549885 -0.00960351 0.0175201
internal_weight=164.939 154.632 68.746 11.9788 85.8861 74.0562 11.8299 8.39887 56.7672 34.5846 22.1826 30.8285 19.213 27.6086
internal_count=3306 3260 2138 753 1122 588 534 492 1385 176 1209 173 137 141
is_linear=0
shrinkage=0.05


Tree=246
num_leaves=15
num_cat=0
split_feature=63 67 62 7 27 38 38 62 7 54 44 43 33 3
split_gain=2.01619 2.36082 2.13614 2.76329 2.03931 1.57109 3.67196 1.75584 1.675 2.22389 1.64164 1.47479 2.68312 1.36165
threshold=-0.032272075760742723 0.18501886587103888 43.371428571428581 622.50000000000011 0.69459064327485398 153.13410290000459 365.65802071669719 3.3257575757575766 4.5000000000000009 0.21309183980199259 0.41745987493948072 7994.670734144971 32.123419679616468 3.5000000000000004
decision_type=2 2 2 10 2 2 2 2 10 2 2 10 2 10
left_child=1 4 3 5 -1 11 7 -7 -8 10 13 12 -2 -10
right_child=2 -3 -4 -5 -6 6 8 -9 9 -11 -12 -13 -14 -15
leaf_value=0.014138957300283415 0.0094189851630153091 -0.027624444953691749 0.0237407151890527 -0.021472857869890505 -0.013768348998780464 -0.027326667954725454 -0.0090512298896937935 0.0042567781104592027 -0.0037888112983344886 -0.012682557732273329 -0.0046294643650645886 0.015524202837571206 -0.016041476170456551 0.026630089893274089
leaf_weight=8.9842114238417761 27.410991729644593 6.8743700286431695 7.5486120134592047 6.5868707075715056 7.3388348314911118 11.176075743511317 9.6475100961979461 4.3907764479517928 3.0385951053467677 4.1568170943064606 5.3691889502224504 33.891384120099247 10.23145263630431 17.366781736374833
leaf_count=49 116 60 18 35 27 144 1150 22 773 99 419 134 122 158
internal_value=0.0016568 -0.0106459 0.00397906 0.00204166 0.00130548 0.00403325 -0.00222135 -0.0195491 0.00602211 0.0114807 0.0168051 0.00868507 0.00142918 0.0222462
internal_weight=164.012 23.1974 140.815 133.266 16.323 126.68 55.1457 15.5669 39.5789 29.9314 25.7746 71.5338 37.6424 20.4054
internal_count=3326 136 3190 3172 76 3137 2765 166 2599 1449 1350 372 238 931
is_linear=0
shrinkage=0.05


Tree=247
num_leaves=15
num_cat=0
split_feature=63 63 11 2 0 4 4 27 41 41 42 42 67 8
split_gain=2.2173 2.45195 1.98289 1.79702 2.12208 2.23931 2.39195 2.86134 2.0142 2.33932 1.97971 1.85263 1.67791 2.17811
threshold=-0.02821209150821705 -0.054543086003958526 21524.962062021816 3304.0509901523887 5.5000000000000009 23.284082909957249 19.277787674410163 0.72086327703916642 1.4765000000000004 1.5695000000000003 113.14500000000002 226.30500000000004 0.079766940346097021 3.5000000000000004
decision_type=2 2 10 8 10 10 8 2 10 10 10 8 2 10
left_child=1 -1 -3 8 10 6 7 -6 -2 -10 -5 -12 13 -11
right_child=3 2 -4 4 5 -7 -8 -9 9 12 11 -13 -14 -15
leaf_value=0.0051738490323045387 -0.02008562112794245 -0.030462344995384045 0.00414530131743067 0.0060153456093074535 -0.013918516363782361 -0.0052698087387363299 0.032535222304635479 0.018797302071601935 0.01803146627089329 0.0034457498928186329 -0.026570665818005143 0.0036358545548041601 0.0039729388590840041 -0.031698113684628708
leaf_weight=11.213963922928089 9.7403694734384754 10.751545627776066 4.1433017188683143 38.361555552110076 7.1879677558317807 8.7170686612371338 14.69904615730047 10.326812185347078 9.6524553305644059 6.1742685157369142 6.11863952130079 7.4074335992336282 17.204819619932096 5.2889853532033158
leaf_count=50 433 89 14 106 43 39 46 35 172 624 44 43 754 831
internal_value=0.000629609 -0.0115092 -0.0222132 0.00319664 0.00713165 0.0149592 0.0204058 0.00526162 -0.00435883 0.0014955 0.000184868 -0.0135117 -0.0059231 -0.0174715
internal_weight=166.988 26.1088 14.8948 140.879 92.8185 40.9309 32.2138 17.5148 48.0609 38.3205 51.8876 13.5261 28.6681 11.4633
internal_count=3323 153 103 3170 356 163 124 78 2814 2381 193 87 2209 1455
is_linear=0
shrinkage=0.05


Tree=248
num_leaves=15
num_cat=0
split_feature=0 14 65 59 58 8 10 7 28 59 53 65 62 53
split_gain=2.94588 1.97224 1.58631 3.08626 1.69951 3.9816 2.77967 2.75599 2.4172 6.02951 2.19114 3.85923 1.96165 1.52093
threshold=16344.500000000002 -18.854354088105037 0.99408074714366057 0.00013385400008732127 0.10420794313815371 78.500000000000014 21.500000000000004 8.5000000000000018 0.20112267457560545 -0.00044702007906932646 5.6385420745048222e-08 1.4103168605658352 0.96987951807228934 -6.1680825497197273e-09
decision_type=8 8 2 2 2 10 10 8 2 2 2 2 2 2
left_child=1 -1 3 -3 5 6 7 12 10 -10 11 -6 -4 -5
right_child=-2 2 4 13 8 -7 -8 -9 9 -11 -12 -13 -14 -15
leaf_value=-0.022014413741842813 0.015611690488002837 0.01929708475751591 -0.0073043006304145085 -0.023121889159403511 0.017180928229808119 -0.030812532662044097 0.015096064843438659 -0.023934948592203187 -0.026748448540881799 0.013630314195644925 0.025211193270510836 -0.019062321499957124 0.0205551617437747 0.0070408769939606028
leaf_weight=5.9797219480824424 24.784922936873045 19.453792798740327 12.236856299787183 4.413542105212402 10.75396817317233 10.249987374991177 13.008519544266163 11.51977042960061 13.408434409648182 14.125382024794815 11.426984172314404 8.7615969991311413 5.1559929314535102 4.2918703640898421
leaf_count=240 209 423 1037 280 42 58 43 264 82 45 37 39 34 500
internal_value=0.00127813 -0.00161475 -1.08044e-06 0.00963989 -0.00276535 -0.0089307 -0.00086714 -0.00921618 0.0030054 -0.00712219 0.0117544 0.000340184 0.00370006 -0.0111077
internal_weight=169.571 144.786 138.807 28.1592 110.647 52.1711 41.9211 28.9126 58.4764 27.5338 30.9425 19.5156 17.3928 8.70541
internal_count=3333 3124 2884 1203 1681 1436 1378 1335 245 127 118 81 1071 780
is_linear=0
shrinkage=0.05


Tree=249
num_leaves=15
num_cat=0
split_feature=5 5 27 37 42 15 62 32 42 58 58 4 10 26
split_gain=2.47462 2.81249 2.59499 3.14689 1.82869 3.17053 2.50601 1.81992 3.68816 3.77 2.79177 3.63621 2.40774 2.64058
threshold=8.6984463172807516 6.4003918332421001 0.62452779429671801 0.4664621676891616 167.58000000000001 332.50000000000006 0.018265972394412765 28.753733592452217 23.085000000000004 0.10420794313815371 0.14241566602884451 20.568935475638614 20.500000000000004 0.26084521391930798
decision_type=10 10 2 2 10 10 2 2 8 2 2 10 8 2
left_child=1 2 3 4 5 -1 -6 8 -4 -10 12 -12 13 -9
right_child=-2 -3 7 -5 6 -7 -8 10 9 -11 11 -13 -14 -15
leaf_value=0.0023234581614115066 0.015540946186102257 -0.024121260090235661 0.011343496425305952 -0.023736984187434754 -0.014451477475968305 -0.028341910361746155 0.024731858910017609 0.014635257562361559 -0.04330575819052751 0.010370618807157833 -0.020904755123842517 0.013995585845657852 0.028708867653338119 -0.02254548086265826
leaf_weight=37.265293501310225 24.842227375716902 6.4381978944293214 11.451736634364353 12.371628782435435 1.9981348955188867 5.6652913773432365 8.9509351653978211 7.0929181172105036 3.6402115927776313 2.7240288183093071 8.4924968108534831 11.762428574264048 21.548506706138141 2.8916434056445723
leaf_count=908 100 49 185 1103 401 60 37 99 125 10 39 42 81 72
internal_value=0.00244971 -0.000285778 0.00165994 -0.00522831 0.000676398 -0.00425768 0.0152924 0.00812738 -0.00470932 -0.0258766 0.0125692 -0.00187913 0.020837 -6.25927e-05
internal_weight=167.136 142.293 135.855 66.2513 53.8797 42.9306 10.9491 69.604 17.816 6.36424 51.788 20.2549 31.5331 9.98456
internal_count=3311 3211 3162 2509 1406 968 438 653 320 135 333 81 252 171
is_linear=0
shrinkage=0.05


Tree=250
num_leaves=15
num_cat=0
split_feature=55 36 14 1 36 50 58 42 27 53 55 61 13 42
split_gain=2.57657 2.37292 2.93123 3.15885 2.83905 2.23005 2.44249 1.93561 2.70319 3.41829 2.27776 1.92718 1.89003 1.7689
threshold=-1.1756214766593064e-07 0.25026315789473691 -0.09617260354132233 26.000000000000004 0.34310787671232884 0.10867724867724869 -0.3279315649809092 73.875000000000014 0.72086327703916642 2.0307824975169821e-08 -8.6763801323382702e-09 -0.010751898498466457 82.982953772344374 110.70000000000002
decision_type=2 2 10 8 2 2 2 10 2 2 2 2 10 10
left_child=-1 5 3 -3 -4 13 -7 8 9 10 -6 -5 -13 -2
right_child=1 2 4 11 7 6 -8 -9 -10 -11 -12 12 -14 -15
leaf_value=-0.013916677392235583 -0.020970490754415178 0.011007022714892864 -0.018450447750537939 0.009772468193703308 0.0060797334097342469 -0.015984517459346641 0.017938384735493855 0.018088135222800245 0.0089364976335559506 0.01169217877736425 -0.040984134754553932 -0.03537187040081375 0.0070399449630522519 0.0068710767535510326
leaf_weight=17.411495968466625 4.6374119765241621 5.0432092932896948 7.3507867144071488 1.124470909358936 1.9053250271826954 2.0375081759702871 50.906448279172764 21.943601108505391 26.841452254040632 4.3096521273255348 5.0842907438636766 12.347539406400751 1.3613725900650013 9.8280299308316881
leaf_count=102 303 173 59 7 9 104 1218 79 131 13 111 496 4 525
internal_value=0.00204031 0.00421547 -0.00126598 -0.0160164 0.0038872 0.0109124 0.0153662 0.0078275 0.000511994 -0.0161028 -0.0309696 -0.0256628 -0.0304043 -0.00514844
internal_weight=172.133 154.721 87.3117 19.8766 67.4351 67.4094 52.944 60.0843 38.1407 11.2993 6.98962 14.8334 13.7089 14.4654
internal_count=3334 3232 1082 680 402 2150 1322 343 264 133 120 507 500 828
is_linear=0
shrinkage=0.05


Tree=251
num_leaves=15
num_cat=0
split_feature=54 63 14 10 2 1 61 37 35 53 5 14 41 4
split_gain=2.99456 3.3983 3.4436 2.43058 2.00931 2.62867 2.19402 2.16371 2.03449 1.70159 1.41778 1.41083 1.35746 1.25824
threshold=0.45654447429092504 -0.00020090315885668028 48.952800298742716 705.50000000000011 3489.512777582439 200.00000000000003 0.023667554777279394 0.67405881006116519 0.58830602869082693 1.0229117194949389e-07 3.3570493899108507 0.40824912663632862 2.9395000000000002 24.137193161244753
decision_type=2 2 10 10 8 8 2 2 2 2 8 10 8 10
left_child=3 2 9 4 5 6 8 10 -1 -2 -7 -9 -12 -6
right_child=1 -3 -4 -5 13 7 -8 11 -10 -11 12 -13 -14 -15
leaf_value=0.005851313522559496 -0.03645027215898608 0.014394071479827726 0.0064633185001350905 -0.019153465264337047 0.015323153504450116 -0.0096738557569072091 0.0087606712542164806 -0.024541525924962889 -0.033436182492037239 -0.003632739718077916 0.017141597084715066 0.0068432602266201882 -0.011179519482854693 0.00018247332059824514
leaf_weight=2.6684334822057263 11.702635897730948 6.8950292312074444 8.3535753749310953 4.7018674686551085 59.108113048947416 3.6056248751119711 4.0903542730957261 3.7744516480015582 7.8301720977760851 6.7598083242774001 30.557140621094735 3.1399539948906749 1.3645299724303175 17.613269660039805
leaf_count=104 79 53 31 19 184 317 14 90 1164 31 1025 13 137 89
internal_value=0.00224433 -0.0101782 -0.0177655 0.00551833 0.00704458 -0.000145321 -0.0155437 0.00622806 -0.0247843 -0.0277693 0.0112296 -0.0133985 0.014581 0.0120711
internal_weight=172.165 33.711 26.816 138.454 133.752 57.0307 14.589 42.4417 10.4986 18.4624 35.5273 6.91441 31.9217 76.7214
internal_count=3350 194 141 3156 3137 2864 1282 1582 1268 110 1479 103 1162 273
is_linear=0
shrinkage=0.05


Tree=252
num_leaves=15
num_cat=0
split_feature=44 8 55 59 27 58 57 0 50 8 7 41 23 20
split_gain=2.27828 1.69995 1.86514 3.63382 4.14297 2.57523 4.19877 2.3424 1.9275 2.00135 1.87756 1.56093 2.3914 1.49924
threshold=7.4095988397450121 314.50000000000006 8.5996812130390722e-10 0.00025237912645166669 0.67744207178555216 0.045638021888068959 0.0025120950719854638 34.500000000000007 0.093351780899673636 15.500000000000002 108.50000000000001 1.9080000000000001 8.0061861975406377 1640.3180972367279
decision_type=2 10 2 2 2 2 2 10 2 8 10 10 2 8
left_child=1 2 5 -4 8 11 7 -7 -5 -10 -8 12 -1 -14
right_child=-2 -3 3 4 -6 6 10 -9 9 -11 -12 -13 13 -15
leaf_value=-0.0058959786761383099 -0.024952351161372826 0.013476318118765327 0.017867966369836247 0.0086360734766768778 0.011174237009425086 -0.039968423645507428 -0.012341076790765092 -0.0037762794404642462 0.001383256427606439 -0.037871716523893602 0.014368429469432216 -0.011376840603632766 -0.00069675711766943073 0.025097561014824438
leaf_weight=18.726925230541383 4.4723585827741763 16.289568312466145 24.499706581584178 1.9571856019319973 13.665815391927024 11.062595221796075 7.0371098797768381 7.7761134807951739 3.8677592751046168 8.0438906447452609 9.7489796280860883 12.608656382217303 8.0658742798841576 11.852179002482442
leaf_count=640 88 69 340 75 66 86 49 57 409 406 25 915 75 52
internal_value=-0.00114575 0.000297637 -0.00166228 0.00550599 -0.00654899 -0.00602158 -0.0154308 -0.0289547 -0.0223461 -0.028485 0.00290868 0.00130872 0.00627681 0.0166082
internal_weight=159.675 155.202 138.913 52.0344 27.5347 86.8784 35.6248 18.8387 13.8688 11.9116 16.7861 51.2536 38.645 19.9181
internal_count=3352 3264 3195 1296 956 1899 217 143 890 815 74 1682 767 127
is_linear=0
shrinkage=0.05


Tree=253
num_leaves=15
num_cat=0
split_feature=5 67 33 65 29 55 13 55 5 11 13 59 57 26
split_gain=2.01856 2.1908 3.9089 3.14042 3.11295 2.3357 1.89145 1.65393 1.80299 1.44781 2.20531 2.61453 2.24393 2.77471
threshold=50.000000710110108 0.20792694325410921 46.681604521027019 2.5029888136130727 8833.2854784032988 -3.1254521269721873e-08 -35.081198342918832 1.1180710568451759e-07 1.9542825928870502 380.74056279300197 47.972670459319495 -0.0015106838965615735 0.00090730096657414743 0.57154323171278409
decision_type=10 2 2 2 10 2 10 2 8 8 10 2 2 2
left_child=1 4 7 6 5 -1 -4 8 -3 -7 11 -11 13 -13
right_child=-2 2 3 -5 -6 9 -8 -9 -10 10 -12 12 -14 -15
leaf_value=0.0191534479026708 -0.017113506649470249 0.0040421166478978232 -0.0098816978328028632 -0.020889593708807414 -0.025999105661389535 -0.0083411121089698084 0.024583267526603 0.005161650167501846 -0.036538590172643708 -0.016585301895281315 -0.0095226338989836401 0.014488384504492392 0.026991346775304754 -0.0079855955884001739
leaf_weight=27.605942884692922 8.4538739807903749 2.244386114180088 2.2627961807738783 2.7029828280210486 2.4954078588634721 16.700483687774977 11.249917177192399 2.5889273704960933 9.3315795344387897 4.2494070434477171 14.088755857199429 30.815083374996902 15.161051836796103 18.200195337354671
leaf_count=116 44 28 132 19 22 1447 51 14 183 67 76 445 43 634
internal_value=0.00157445 0.00305324 -0.00815155 0.00786187 0.00589106 0.00748091 0.0177017 -0.0237519 -0.0298247 0.00346998 0.00620046 0.00986582 0.0126894 0.00617668
internal_weight=168.151 159.697 30.3806 16.2157 129.316 126.821 13.5127 14.1649 11.576 99.215 82.5145 68.4257 64.1763 49.0153
internal_count=3321 3277 427 202 2850 2828 183 225 211 2712 1265 1189 1122 1079
is_linear=0
shrinkage=0.05


Tree=254
num_leaves=15
num_cat=0
split_feature=42 67 67 25 45 41 54 13 32 1 15 67 15 45
split_gain=1.66024 2.45637 3.22029 2.64599 2.2285 2.32795 2.18351 1.94055 2.07717 1.80473 2.10636 1.79976 2.2055 1.57772
threshold=96.595000000000013 0.05507765095410886 0.029106315714480975 0.77259710720908814 0.89587973461402759 1.6965000000000001 0.21309183980199259 18.115662035648693 48.060974969002103 200.00000000000003 10.500000000000002 0.21826638938434498 269.00000000000006 4.0517471391904856
decision_type=8 2 2 2 8 8 2 8 2 10 10 2 10 10
left_child=1 2 13 11 5 -2 -4 9 -9 10 -6 12 -3 -1
right_child=4 3 6 -5 7 -7 -8 8 -10 -11 -12 -13 -14 -15
leaf_value=0.0118911158145063 0.0060460372763123183 -0.0069023363612983439 -0.034109070713367204 0.024976035331732128 0.0052775710486514865 -0.030388534995524682 0.0054653919033875271 -0.0033024160835851664 0.01783190552503516 0.009326604414595277 -0.029399661036720589 -0.012595135175734804 0.02062083488608699 -0.0082728990516741634
leaf_weight=24.942031508340733 4.6136696711182568 9.0025089225382597 5.3579008246306312 23.208791007898981 4.6683829612302379 7.3059635475219702 3.4325131101650186 19.98934529320104 19.016338972520316 5.0021138800075269 7.7185507706381031 8.1055537142383383 12.85157188400626 10.156451938673852
leaf_count=852 31 66 75 241 568 161 16 108 89 130 512 47 35 317
internal_value=0.00313828 0.00719583 -0.0015659 0.0139413 -0.00272407 -0.0186668 -0.0222772 0.0018914 0.00785653 -0.0102554 -0.0185712 0.00304345 0.0101089 0.00575225
internal_weight=165.372 97.0573 43.8889 53.1684 68.3144 11.9196 8.79041 56.3947 39.0057 17.389 12.3869 29.9596 21.8541 35.0985
internal_count=3248 1649 1260 389 1599 192 91 1407 197 1210 1080 148 101 1169
is_linear=0
shrinkage=0.05


Tree=255
num_leaves=15
num_cat=0
split_feature=12 19 67 53 1 22 45 37 55 36 32 64 67 5
split_gain=2.37913 1.89482 2.25266 1.9667 2.1859 2.53382 2.28451 4.08634 1.87077 1.70333 1.71987 1.59053 1.64611 2.51887
threshold=18776.547192538197 19373.90902062866 0.083462629699644034 2.221393944638408e-07 8.5000000000000018 9.1045582958167657 2.6735537653587347 0.63980906921241065 -9.4090787329979592e-08 0.57908724566738379 34.567460367875348 0.66797900262467202 0.28198434577564346 8.6984463172807516
decision_type=8 10 2 2 10 2 10 2 2 2 2 2 2 8
left_child=1 2 3 4 5 6 7 8 -1 -9 -11 12 13 -4
right_child=-2 -3 11 -5 -6 -7 -8 9 -10 10 -12 -13 -14 -15
leaf_value=0.0059653569166421483 0.012353026829965669 -0.0213588160561997 -0.0059642756836569754 -0.023756256368264568 -0.021498646063684432 0.020596719135422738 0.010012399112483486 0.016768886286903421 -0.038993256963548113 -0.025066676399539408 0.0084894805360012961 -0.014518503190170255 -0.0053155981201758141 0.019651769097094703
leaf_weight=1.3847298175096447 41.889691313845105 5.3496301844716063 10.082089310599256 7.2346871756017199 6.0269505759206359 9.8345901891589147 14.557356247067217 7.5087845304515195 7.1602148314268641 2.7072778979199938 3.9223538979131263 3.1020706674025851 11.524187217291908 34.660124099573295
leaf_count=3 487 37 83 30 452 28 597 52 569 73 32 400 155 300
internal_value=0.00274519 -0.000824338 0.000912924 -0.00566487 -0.00136785 0.00302618 -0.00350265 -0.0124179 -0.032195 0.00482321 -0.0100992 0.00751877 0.00981944 0.0138602
internal_weight=166.945 125.055 119.705 60.3369 53.1023 47.0753 37.2407 22.6834 8.54494 14.1384 6.62963 59.3685 56.2664 44.7422
internal_count=3298 2811 2774 1836 1806 1354 1326 729 572 157 105 938 538 383
is_linear=0
shrinkage=0.05


Tree=256
num_leaves=15
num_cat=0
split_feature=65 63 63 53 41 5 48 61 42 27 42 65 5 2
split_gain=1.68153 3.45905 3.29785 2.55104 2.37952 2.73105 4.98932 1.67122 1.37327 1.34232 2.81913 1.86755 1.43056 1.10348
threshold=1.4103168605658352 -0.00020090315885668028 -0.00020090315885668028 6.933371198815278e-08 1.5695000000000003 6.6564296604915016 1.0000000180025095e-35 0.038976742808374938 33.065000000000005 0.73370786516853947 234.64500000000001 0.59577989748270055 8.8580603256950514 3220.3445071731821
decision_type=2 2 2 2 10 8 2 2 10 2 10 2 10 10
left_child=2 3 4 -2 5 -1 7 -7 -4 10 11 -10 -13 -12
right_child=1 -3 8 -5 -6 6 -8 -9 9 -11 13 12 -14 -15
leaf_value=0.017526264084428471 -0.025617731650134243 0.014902461391461475 0.0034078662637772035 0.001915549218338699 0.015254355149285843 -0.038377293547067592 0.016262188398407075 -0.0012456877804964683 0.0043039318452952179 0.0024936303176827548 -0.01112212187369636 -0.040225638029536076 0.0033052960783221288 0.017490777150620473
leaf_weight=6.447971500834683 16.380990794976245 8.9455292358470597 21.108094358467497 12.79647436365485 57.992801834385318 6.7072645720327326 6.0776906962273634 4.5550084859132767 2.4533422751119423 9.1644533842336369 1.3152551606763143 8.9744515328275138 1.3526557023869816 3.5430283024907112
leaf_count=75 98 65 749 52 701 84 43 13 162 61 324 882 9 10
internal_value=0.00155722 -0.0070918 0.00426848 -0.0150287 0.0101463 -0.00279312 -0.0125805 -0.0283599 -0.00577526 -0.012406 -0.0189883 -0.02863 -0.0353057 0.00803235
internal_weight=167.815 38.123 129.692 29.1775 81.7807 23.7879 17.34 11.2623 47.9113 26.8032 17.6387 12.7804 10.3271 4.85828
internal_count=3328 215 3113 150 916 215 140 97 2197 1448 1387 1053 891 334
is_linear=0
shrinkage=0.05


Tree=257
num_leaves=15
num_cat=0
split_feature=9 10 62 13 7 30 2 61 57 13 48 4 5 37
split_gain=1.77593 2.3563 2.86925 2.52318 1.93474 1.55771 2.74413 3.7188 1.43326 1.18846 1.14663 1.26729 1.1458 1.08539
threshold=113.00000000000001 550.50000000000011 5.623481781376519 51.606478493682197 77.500000000000014 11.500000000000002 3110.1275601201164 0.013026879752716313 -0.001343959016559826 32.542783533787563 1.0000000180025095e-35 1.0476568145198504 15.171698059412558 0.74469251365083389
decision_type=8 10 2 10 10 10 10 2 2 10 2 10 10 2
left_child=4 2 3 8 5 10 -7 -8 -2 -4 11 12 -1 -13
right_child=1 -3 9 -5 -6 6 7 -9 -10 -11 -12 13 -14 -15
leaf_value=-0.018279823970799327 0.0065469542399769574 0.0091958778854190956 -0.0048018391809344467 0.017128107967095962 0.013650206080197114 -0.025115202668818781 0.011609232148141623 -0.02186551163528809 -0.014823884266674256 -0.028930398648053936 -0.0089554944143940395 0.020456417153837288 0.011350756845517883 -0.0074523992012636656
leaf_weight=2.6035420353873695 7.9632336243521413 13.590607907623051 9.6623059986159223 8.2167941853404027 23.510434692376293 10.083990667117176 21.108569963864287 7.1716828458011141 20.280370700347707 17.024628413841128 5.0402427579683708 15.377967489010191 1.3661303520202639 1.5494473366998125
leaf_count=566 63 39 38 36 145 1213 134 36 112 73 520 314 2 24
internal_value=-0.00201377 -0.00734219 -0.0113151 -0.0015317 0.00278737 -0.00188268 -0.00788385 0.00111058 -0.00871998 -0.0223306 0.00683332 0.0116353 -0.00743963 0.016785
internal_weight=164.55 76.7379 63.1473 36.4604 87.812 64.3016 38.3642 28.2803 28.2436 26.6869 25.9373 20.8971 3.96967 16.9274
internal_count=3315 361 322 211 2954 2809 1383 170 175 111 1426 906 568 338
is_linear=0
shrinkage=0.05


Tree=258
num_leaves=15
num_cat=0
split_feature=57 32 36 48 62 33 66 56 11 23 0 59 27 62
split_gain=2.03309 2.56338 2.69056 4.37261 2.51495 1.99093 1.9291 3.37135 2.36308 2.20271 2.41894 1.81117 1.77913 1.84175
threshold=-0.0014763523463153291 36.003914702464662 0.44926999932718836 1.0000000180025095e-35 2.5166666666666671 54.868905010444173 0.9896602184705191 0.2833465386431645 10836.205422550376 8.5136552502159759 19.500000000000004 -0.0044220830456253813 0.6362479759426326 4.7008928571428585
decision_type=2 2 2 2 2 2 2 2 10 2 10 2 2 2
left_child=5 6 3 12 -4 -1 7 11 9 10 -8 -2 13 -3
right_child=1 2 4 -5 -6 -7 8 -9 -10 -11 -12 -13 -14 -15
leaf_value=0.020980471907265468 -0.0080180728887987423 0.0073063093261824183 -0.0044554780959682174 -0.027059164599710906 -0.039012769068998969 -0.011727026895025888 0.0020408932904560132 -0.018836709536383542 -0.026022074668685592 0.013000169478946442 -0.026570587704150678 0.024633409854361663 0.016955239749019756 -0.018599253342188482
leaf_weight=14.717851215624252 2.6011337935924592 12.77149421311333 12.22890389733948 7.4322662045306052 6.7705436591058961 2.560702713126374 24.229271777963735 2.6636622156947842 3.4253462702035895 21.72370336856693 5.2528752103535217 21.249047843026347 16.134098176728003 6.363328971900045
leaf_count=146 12 525 182 439 38 330 604 165 13 120 373 293 83 33
internal_value=0.000521897 -0.00161552 -0.00892859 -0.00124899 -0.0223324 0.0145892 0.00414064 0.0140033 -0.00141878 0.00239551 -0.00617047 0.0202999 0.00687449 -0.00337709
internal_weight=160.124 142.846 61.7006 42.7012 18.9994 17.2786 81.145 26.5138 54.6312 51.2059 29.4821 23.8502 35.2689 19.1348
internal_count=3356 2880 1300 1080 220 476 1580 470 1110 1097 977 305 641 558
is_linear=0
shrinkage=0.05


Tree=259
num_leaves=15
num_cat=0
split_feature=65 55 26 55 65 58 65 53 35 60 26 35 25 44
split_gain=2.41097 3.4885 3.08385 2.45037 2.63273 2.20976 1.80959 1.78244 1.87303 1.60581 2.47964 2.94442 3.53114 2.32224
threshold=1.4103168605658352 2.5867724751801154e-08 3.1526128679438599 5.4973287749312451e-08 1.2229564395043802 0.41304951575710269 0.72532541015675067 1.8432031211612354e-08 63.911048582282255 0.071513978010644033 0.62227253800811966 3.4232158869891767 0.071579626110416419 2.9919208989037802
decision_type=2 2 2 2 2 2 2 2 2 2 2 2 2 2
left_child=3 2 -2 5 6 7 -5 9 -9 10 -1 -12 -13 -11
right_child=1 -3 -4 4 -6 -7 -8 8 -10 13 11 12 -14 -15
leaf_value=0.0056196367245949829 -0.032598080382385722 0.011832492870432955 -0.00061683877700714936 0.001594875068118418 0.015404797903631064 -0.021066037620330495 -0.032162585028943119 0.025928961108282925 -0.001475092483461367 0.02232434463693185 0.0096388245495678693 0.010284849565906562 -0.039237851606571304 -0.0080846026840343723
leaf_weight=46.867882384598488 12.111774963006612 9.7668907158076745 13.824055376462637 5.2968826297874312 2.7729515023529521 2.096095851622521 6.8232633735751733 17.876107376068834 7.8627729071304193 16.478521498938793 5.3943296847864977 2.6442822646349651 7.3267249776909011 5.8668373947730279
leaf_count=1782 113 38 55 129 11 17 37 66 41 665 19 8 207 108
internal_value=0.000977029 -0.00969698 -0.0184066 0.00422385 -0.0122708 0.00683862 -0.0212524 0.00825923 0.0186793 0.00422259 -0.0001991 -0.0149698 -0.0270559 0.014322
internal_weight=163.009 35.7027 25.9358 127.307 14.8931 112.414 12.1201 110.317 25.7389 84.5786 62.2332 15.3653 9.97101 22.3454
internal_count=3296 206 168 3090 177 2913 166 2896 107 2789 2016 234 215 773
is_linear=0
shrinkage=0.05


Tree=260
num_leaves=15
num_cat=0
split_feature=59 28 42 42 53 12 59 5 1 42 54 13 14 36
split_gain=2.15857 5.03139 2.48876 2.88106 2.79739 2.52512 2.31864 1.91545 1.71002 2.35901 2.75816 2.75805 2.01346 1.57863
threshold=-0.00032107042027587797 0.35520791947484326 30.210000000000004 89.875000000000014 6.933371198815278e-08 10724.714040855402 -0.0009350339560313031 50.000000710110108 9.5000000000000018 167.58000000000001 0.73080549932285854 47.972670459319495 -0.81244125361584474 0.46291208791208799
decision_type=2 2 8 8 2 10 2 10 10 10 2 10 8 2
left_child=6 2 -2 4 -4 -5 8 -3 9 10 11 13 -10 -1
right_child=1 7 3 5 -6 -7 -8 -9 12 -11 -12 -13 -14 -15
leaf_value=0.0016072619389054877 0.0078063521509503901 0.013020478759517971 -0.039226960087376909 -0.015338297423723342 0.0098056688574937358 0.01340160735200812 0.017946412484788898 -0.012962139135124371 -0.010569259240277018 0.012428618425307889 -0.034427204616336603 0.01508771867039653 0.021177928107576419 -0.024108647062651947
leaf_weight=9.3622554014436954 6.4607391125173299 24.625875212892428 16.704868473534592 25.826662965482686 1.3481667488813389 5.9196784477680913 14.462675093222058 4.9527554959058753 4.0064237977203447 7.8821408735821015 5.6947713289409867 8.3928667698055488 8.9889351963065547 9.0386384068988246
leaf_count=90 723 218 474 1322 7 38 142 23 63 59 40 32 44 44
internal_value=-0.00340642 -0.00847056 -0.0167513 -0.0203589 -0.0342327 -0.00888489 0.0031439 0.00742465 -0.00206146 -0.00708353 -0.0128437 -0.00356362 0.0111732 -0.0134768
internal_weight=153.667 85.8387 56.2601 49.7994 18.053 31.7463 67.8287 29.5786 53.366 40.3707 32.4885 26.7938 12.9954 18.4009
internal_count=3319 2805 2564 1841 481 1360 514 241 372 265 206 166 107 134
is_linear=0
shrinkage=0.05


Tree=261
num_leaves=15
num_cat=0
split_feature=63 58 28 30 7 7 63 25 5 58 36 28 13 63
split_gain=4.30549 3.91815 1.56099 1.41544 1.46032 4.01941 1.35378 1.28683 1.08684 1.21517 1.34867 2.16125 1.55973 1.26748
threshold=-0.02821209150821705 0.027691816786243804 0.97656045368406219 1569.5000000000002 269.00000000000006 161.50000000000003 -0.063441085486212301 0.15920609480420803 50.000000710110108 0.56095812875373074 0.5186206896551725 0.49943608854540827 0.39279437497575848 0.014436943938981527
decision_type=2 2 2 10 10 10 2 2 10 2 2 2 10 2
left_child=1 6 3 4 5 8 -1 -3 9 10 11 13 -12 -2
right_child=2 7 -4 -5 -6 -7 -8 -9 -10 -11 12 -13 -14 -15
leaf_value=0.019800658814805146 0.010219234737197314 -0.0065606764205350847 -0.016761051360372762 -0.012148191163925345 0.016072095219530035 -0.021693741859808074 -0.0088776431060174719 -0.036698383415643972 -0.010020140852199568 -0.011993129462148684 -0.0074553473228839004 -0.01987421387324477 0.023211312992465261 -0.011013874047806913
leaf_weight=4.7219565849518421 52.319331606020569 8.1800303012132662 3.4879148707259438 6.0449916385114184 27.985381436534226 8.9358566796872747 3.3085769180615898 9.4301169206155446 4.4659912362694731 2.6908876337110987 2.5057616932754199 3.0595735958777359 20.465514408482704 3.8691589624067992
leaf_count=22 2154 29 46 24 122 53 65 49 23 24 159 46 127 363
internal_value=0.000781089 -0.0162298 0.00445444 0.00560341 0.00688333 0.00361641 0.00911249 -0.0272458 0.00716218 0.00857289 0.00989492 0.00510363 0.0191314 0.0079766
internal_weight=161.471 25.6407 135.83 132.342 126.297 98.3121 8.03053 17.6101 89.3762 84.9102 82.2193 59.2481 22.9713 56.1885
internal_count=3306 165 3141 3095 3071 2949 87 78 2896 2873 2849 2563 286 2517
is_linear=0
shrinkage=0.05


Tree=262
num_leaves=15
num_cat=0
split_feature=4 62 55 14 57 0 27 14 38 15 5 27 0 30
split_gain=2.01982 2.84622 2.52715 2.0825 2.13174 2.03386 2.33632 2.77863 1.73619 3.8537 2.59691 4.32583 2.90482 2.30418
threshold=5.3316085961694508 52.000000000000007 -3.1254521269721873e-08 11.401723469890674 0.00095102185855862971 16.500000000000004 0.75535741619470398 -0.66057839627021608 379.47365966336798 34.500000000000007 5.0558558506032014 0.69459064327485398 154.00000000000003 42.500000000000007
decision_type=8 2 2 8 2 10 2 10 2 8 10 2 8 10
left_child=5 2 3 4 -2 -1 7 -7 9 -4 11 12 -11 -10
right_child=1 -3 8 -5 -6 6 -8 -9 13 10 -12 -13 -14 -15
leaf_value=-0.024668388131013734 0.012570480821963348 -0.020495753929793706 -0.028595691636974542 0.024963586883435945 -0.018358149783244154 0.0097767829487575824 0.019758331669889467 -0.027595818762441351 0.016010418575020665 -0.019893234632382892 -0.017929872326929924 0.026321210602787533 0.0065394936992563633 -0.016024196878666647
leaf_weight=9.7224468595231901 8.7954408971709181 7.0012024044990531 7.8378714211576144 18.66729152365588 4.345466209575533 5.8860575250364517 4.9214022373780599 5.3564335975970598 22.744032978065665 11.295253239572046 8.7580251190811378 13.193728424608706 24.229346869746223 2.7740195195510742
leaf_count=684 69 26 154 82 29 541 39 293 1010 71 34 39 93 155
internal_value=0.000323176 0.0029589 0.00504828 0.0161016 0.000101972 -0.011219 0.000787507 -0.0110429 0.000539427 -0.00381042 0.0015875 0.00643841 -0.00328245 0.0104732
internal_weight=155.528 129.642 122.64 31.8082 13.1409 25.8863 16.1639 11.2425 90.8323 65.3142 57.4764 48.7183 35.5246 25.5181
internal_count=3319 1762 1736 180 98 1557 873 834 1556 391 237 203 164 1165
is_linear=0
shrinkage=0.05


Tree=263
num_leaves=15
num_cat=0
split_feature=63 29 29 14 42 67 55 42 4 4 7 54 41 14
split_gain=3.10032 2.55817 2.71523 2.51343 4.63132 5.18482 3.10674 2.41219 1.94911 1.84821 2.46066 1.74163 3.51953 1.69579
threshold=-0.0075880281056202835 693.97739579795712 7754.9252754608415 -1.6737987516011981 61.380000000000003 0.079766940346097021 -1.0734648341823303e-07 30.210000000000004 7.1612456582327741 10.456195596099253 92.500000000000014 0.21309183980199259 2.3085000000000004 -1.206168780458621
decision_type=2 8 10 10 10 2 2 8 8 8 10 2 10 10
left_child=3 8 9 6 5 -5 -1 -8 13 10 -3 -6 -13 -2
right_child=1 2 -4 4 11 -7 7 -9 -10 -11 -12 12 -14 -15
leaf_value=0.0091302474071715736 -0.011606609721615528 -0.024094631372188771 -0.015385696666323096 -0.0359485611028234 0.021216595612323766 0.0060846207689598522 0.0033789662122392567 -0.041177629377190932 -0.016053395221866832 0.019569073729091471 0.014059370086288624 -0.015143258769742169 0.017139016439527675 0.015309311960992359
leaf_weight=3.7559018046595147 4.757853855880966 2.8913783397583748 3.8943608887493602 11.062415520485958 12.14158027464873 11.227890396548899 2.9928387654945228 8.6098429277190007 13.694166342014794 42.973488756426377 4.3597114458680153 12.734082471579315 11.116375109180806 11.131100618091297
leaf_count=18 761 91 40 90 77 52 28 189 820 409 15 62 39 590
internal_value=9.97952e-05 0.0065049 0.0125747 -0.00713111 -0.00169601 -0.0175403 -0.0222741 -0.0321282 -0.00481172 0.0159394 -0.00477902 0.00905915 0.00026575 0.00640053
internal_weight=157.343 83.7021 54.1189 73.6409 58.2823 22.2903 15.3586 11.6027 29.5831 50.2246 7.25109 35.992 23.8505 15.889
internal_count=3281 2726 555 555 320 142 235 217 2171 515 106 178 101 1351
is_linear=0
shrinkage=0.05


Tree=264
num_leaves=15
num_cat=0
split_feature=0 34 32 41 29 33 53 30 7 27 12 33 41 33
split_gain=3.09563 2.66358 2.43324 3.29495 2.82657 3.00198 2.14198 2.00345 1.87017 2.78991 3.48318 2.77601 2.66872 1.66804
threshold=323.00000000000006 17.570242564642577 30.956171183116513 1.4030000000000002 575.80838799432115 6.9228383082188563 -1.7981548409989794e-08 255.00000000000003 2.5000000000000004 0.73942823108993461 402.90698416261779 114.79811919886022 1.4030000000000002 77.302750769899873
decision_type=8 2 2 8 8 2 2 10 10 2 10 2 10 2
left_child=1 2 3 -1 -5 -6 -3 13 -8 11 -11 12 -10 -2
right_child=7 6 -4 4 5 -7 8 -9 9 10 -12 -13 -14 -15
leaf_value=0.0087742815943287061 0.015090657783958348 0.0092849758775842405 0.010927732799470182 0.0099131306879523939 0.0072679128238820516 -0.04322365011320857 0.0071311647100750376 -0.0096115751399668652 0.0055072591874208571 -0.020879585172453953 0.01303206301556876 0.0079416547244838698 -0.037779759505439887 -0.013865462135889677
leaf_weight=10.757854470110034 35.36444935479085 5.5846662730618837 25.23936595232226 2.6070987442508322 2.1923098374681995 7.3198804337298498 4.717397385131334 9.8407243299297971 2.7277605117997217 9.9146083379455394 10.64869171567261 2.7673721011087755 23.839780066540698 1.7369289273483435
leaf_count=267 594 84 140 12 67 70 316 73 21 142 44 66 824 562
internal_value=-0.00304669 -0.0076011 0.00120273 -0.00956207 -0.0236474 -0.033092 -0.0141904 0.00718247 -0.0171682 -0.0199058 -0.00420431 -0.0286972 -0.033167 0.0122494
internal_weight=155.259 108.317 48.1165 22.8771 12.1193 9.51219 60.2003 46.9421 54.6156 49.8982 20.5633 29.3349 26.5675 37.1014
internal_count=3282 2053 556 416 149 137 1497 1229 1413 1097 186 911 845 1156
is_linear=0
shrinkage=0.05


Tree=265
num_leaves=15
num_cat=0
split_feature=27 59 59 26 5 55 34 1 53 58 4 14 58 14
split_gain=2.20215 3.01419 3.96638 2.64554 2.52586 2.2996 2.14996 2.06962 3.09976 2.70115 1.88044 1.74948 2.14162 1.73178
threshold=0.71470670783048007 0.00013385400008732127 0.003056782695926919 1.6457122422882382 6.4003918332421001 1.1285493499991066e-09 26.15144156848179 1.5000000000000002 1.0539965602362131e-08 0.031759364660726035 12.968398548122202 7.7035578941597027 0.092159281628313119 -4.0784454018494554
decision_type=2 2 2 2 10 2 2 8 2 2 8 8 2 10
left_child=1 7 11 4 5 6 -2 13 9 10 -9 12 -3 -1
right_child=3 2 -4 -5 -6 -7 -8 8 -10 -11 -12 -13 -14 -15
leaf_value=0.010236279748008602 0.016805556096211306 -0.018010881328973424 0.0091102432191688797 -0.022803025141059377 -0.018373133445581166 0.020082434176924364 -0.016203928804536343 0.0180788102040896 0.023086630123516035 -0.020927409030231863 -0.0015126873228200428 -0.035182070126320041 0.01821171753799487 -0.022193597873713961
leaf_weight=3.204457835003268 2.7650059983134296 3.7638035301133659 13.668236989135037 13.333291962742804 7.3364131674170485 13.054076558211817 9.5650163062964548 18.150219793111319 30.496033208881272 4.9221966387704006 24.512294579311856 7.1920975636894582 2.6600621268153191 4.8954618456191366
leaf_count=49 11 634 384 54 37 62 160 779 136 65 631 161 6 113
internal_value=0.00112583 0.00483585 -0.00858661 -0.00759314 0.000805821 0.00846017 -0.00608858 0.00932315 0.0118646 0.00316137 0.00784444 -0.0240269 -0.00160549 -0.0103537
internal_weight=159.519 113.465 27.2842 46.0538 32.7205 25.3841 12.33 86.1807 78.0807 47.5847 42.6625 13.616 6.42387 8.09992
internal_count=3282 2958 1185 324 270 233 171 1773 1611 1475 1410 801 640 162
is_linear=0
shrinkage=0.05


Tree=266
num_leaves=15
num_cat=0
split_feature=28 28 28 62 13 33 33 66 42 13 42 14 1 42
split_gain=1.71283 1.78499 2.50054 1.47901 1.88473 2.27965 3.0067 2.6148 2.44154 2.01691 2.70774 2.28638 1.91979 1.95171
threshold=0.98756668296667471 0.9106287986307926 0.74820976162975339 48.250000000000007 106.80595179254615 32.123419679616468 38.317816169874554 0.70586198383356569 149.58500000000001 26.783644041545895 11.200000000000001 45.759580306726512 7.5000000000000009 404.69000000000005
decision_type=2 2 2 2 10 2 2 2 10 8 10 8 8 10
left_child=1 2 3 4 5 9 -7 8 -8 10 -1 -11 -9 -14
right_child=-2 -3 -4 -5 -6 6 7 12 -10 11 -12 -13 13 -15
leaf_value=-0.013488296621783143 -0.021456888739620931 0.020581951060890846 -0.022177572092131323 -0.013676824764960589 0.017634005780701421 -0.026854647236007209 0.023404705526661299 0.011786725672578571 -0.013697518398816444 -0.017844012261628239 0.019857546510354537 0.0071570245541174946 -0.01711583778925958 0.012655413614864372
leaf_weight=3.6829345273727077 2.8837790698744348 7.5197035758756092 5.9748817463987498 8.1100178360939008 16.428390880289953 8.0922911195084435 11.794173745962324 6.3357631222606861 2.3391486239852375 9.1035120397718838 30.919583589027752 21.197417442206646 25.380807555557116 2.9229188504395998
leaf_count=252 32 48 71 29 89 165 164 233 317 93 648 341 806 54
internal_value=0.00137465 0.00242516 0.000902774 0.00254705 0.00394345 0.00147372 -0.00557936 0.000119409 0.0152893 0.00761034 0.0150535 -0.00181773 -0.00721789 -0.0126029
internal_weight=162.685 159.802 152.282 146.307 138.197 121.769 56.8651 48.7728 14.1333 64.9034 34.6025 30.3009 34.6395 28.3037
internal_count=3342 3310 3262 3191 3162 3073 1739 1574 481 1334 900 434 1093 860
is_linear=0
shrinkage=0.05


Tree=267
num_leaves=15
num_cat=0
split_feature=12 35 0 67 53 53 4 55 8 3 7 61 54 61
split_gain=1.66491 1.74906 2.31503 1.69588 1.5226 2.49417 1.58171 1.29359 2.0509 1.19241 2.05025 1.994 2.03136 1.28161
threshold=15951.446521369351 3.9794818204938838 16.500000000000004 0.18680111357779364 3.4797744165029536e-08 2.221393944638408e-07 22.584208910470153 1.2700774939582234e-08 847.00000000000011 10.500000000000002 269.00000000000006 0.0025270374871339553 -0.010281978458951751 0.0087917171836126729
decision_type=8 2 10 2 2 2 10 2 8 10 10 2 2 2
left_child=1 2 -1 7 9 6 -6 8 -2 11 13 12 -3 -11
right_child=3 4 -4 -5 5 -7 -8 -9 -10 10 -12 -13 -14 -15
leaf_value=-0.029129398764750455 0.028220577846287554 0.0074994430456853849 0.0013035215651535409 -0.0098504239123213683 0.027571880962164941 -0.0079758512200439145 0.00075362797781264464 -0.0094150436766489501 0.0043263654176462019 -0.0031482226132688372 0.0089680605414651626 0.015805802937702444 -0.019795343756524225 -0.025431526578875537
leaf_weight=8.5534488436533156 11.132426622789351 9.4436253462627082 10.837151317275127 7.8014589389786115 10.014474287629133 11.990006938576697 9.1298548476770502 3.251292845234274 25.407884145155549 12.674806459690446 6.9342842642217866 10.924286664347163 8.9730405987284048 12.740508945658801
leaf_count=60 34 1214 152 45 28 59 42 30 428 105 25 94 951 74
internal_value=-0.000111515 -0.00342459 -0.0153403 0.00728301 -0.000278607 0.00800115 0.017587 0.0113668 0.0141266 -0.00474386 -0.0107039 0.002429 -0.00718642 -0.0166631
internal_weight=159.809 112.215 19.3906 47.5931 92.8249 31.1343 19.1443 39.7916 36.5403 61.6906 32.3496 29.341 18.4167 25.4153
internal_count=3341 2804 212 537 2592 129 70 492 462 2463 204 2259 2165 179
is_linear=0
shrinkage=0.05


Tree=268
num_leaves=15
num_cat=0
split_feature=63 9 41 36 41 42 66 14 38 14 63 62 36 61
split_gain=2.06453 2.60416 4.18157 4.24507 3.54782 3.16236 3.7014 2.10308 1.93218 2.08683 1.6979 1.31555 1.97241 1.33203
threshold=-0.0075880281056202835 5.5000000000000009 1.5785000000000002 0.33415435139573074 1.3265000000000002 73.875000000000014 0.97066403176485883 27.554873857713318 153.13410290000459 45.759580306726512 -0.085921301773873235 0.88577586206896564 0.024465060601526267 -0.0037305810539383605
decision_type=2 8 10 2 8 10 2 10 2 8 2 2 2 2
left_child=1 -1 4 7 -3 6 -5 10 9 -2 -4 12 -10 -14
right_child=8 2 3 5 -6 -7 -8 -9 11 -11 -12 -13 13 -15
leaf_value=0.016411938650518914 0.022191241356513357 -0.0011323871610426639 0.0058445437374220572 0.01403934948533863 -0.044351206834441381 0.024055863594174852 -0.022816519233279573 0.0048580252343020172 0.01007128915898944 0.00092174704686921933 -0.031000927333808905 0.0083496929149696319 0.0035236449635329607 -0.021224306581708961
leaf_weight=6.5388775384053579 18.723247740184888 7.877679459517819 2.1001235360745332 9.2682422492653185 8.0777787227416411 13.470476459246127 8.2660555476322752 6.1304348185658446 6.8801740508133689 23.324560657551046 12.193330691356097 13.166366551886311 5.6548592075851074 15.665359917715248
leaf_count=132 137 34 17 25 50 36 40 27 450 105 218 83 631 1299
internal_value=-0.000479761 -0.00634426 -0.00953363 -0.00169214 -0.0283744 0.00949749 -0.00454278 -0.0172059 0.0047823 0.0117446 -0.0254756 -0.00279795 -0.00847626 -0.0152379
internal_weight=157.338 73.923 67.3841 51.4287 15.9555 31.0048 17.5343 20.4239 83.4146 42.0478 14.2935 41.3668 28.2004 21.3202
internal_count=3284 579 447 363 84 101 65 262 2705 242 235 2463 2380 1930
is_linear=0
shrinkage=0.05


Tree=269
num_leaves=15
num_cat=0
split_feature=34 37 33 0 55 3 30 34 65 25 63 42 7 57
split_gain=1.11286 1.45787 2.66931 2.49166 1.652 1.73493 2.17702 1.70074 1.62383 1.39285 1.44919 2.59501 1.4005 1.37742
threshold=5.0000491137441507 0.395476616406849 47.872017387559097 1212.0000000000002 -1.5057393197621137e-06 554.00000000000011 672.50000000000011 14.663367497772112 2.3414273517839916 1.0149680001718067 -0.0070191588602522342 61.380000000000003 2.5000000000000004 0.0013917713437862371
decision_type=2 2 2 10 2 10 10 2 2 2 2 10 10 2
left_child=-1 2 -2 4 -3 6 7 -6 9 10 11 -9 -11 -12
right_child=1 3 -4 -5 5 -7 -8 8 -10 12 13 -13 -14 -15
leaf_value=-0.0077930523415357961 -0.0078434547218922818 -0.022536410565253451 0.022396883874015228 -0.023443285450337508 0.018311001809557977 0.023161429821186491 -0.02178746384350963 -0.021173377264126048 -0.023961080308333927 0.0066037737473977334 0.016934988328031596 0.0084757618438692731 -0.024230016379636732 -0.0037141442141824634
leaf_weight=33.905112267908407 8.3935886069521093 1.5805061291903246 14.607806763102415 6.0398547346921978 10.694734880467875 4.9402161985635749 4.4750715345144263 7.610459856688979 1.4869013018906105 3.354938770440639 23.093008616182487 13.316612735856323 4.0064971097381203 9.1515494957566244
leaf_count=563 357 18 289 542 46 14 20 49 9 327 196 68 742 36
internal_value=-0.000475235 0.00196275 0.0119316 -0.00108691 0.00175656 0.00349049 0.000899102 0.00360723 -0.000105215 0.00226423 0.00535373 -0.00431051 -0.0131905 0.0113626
internal_weight=146.657 112.752 23.0014 89.7504 83.7105 82.13 77.1898 72.7147 62.02 60.5331 53.1716 20.9271 7.36144 32.2446
internal_count=3276 2713 646 2067 1525 1507 1493 1473 1427 1418 349 117 1069 232
is_linear=0
shrinkage=0.05


Tree=270
num_leaves=15
num_cat=0
split_feature=4 54 14 62 55 32 5 41 5 0 67 23 60 63
split_gain=2.22658 2.34735 2.91646 2.28053 1.87109 1.74591 1.88014 1.85644 2.58308 2.29194 2.01927 1.5858 1.60638 1.83152
threshold=18.135188560183153 0.25188990732677391 35.90093414661397 43.371428571428581 -6.7880098598397857e-09 72.354082661947913 2.8560160190383006 1.9200000000000002 12.760045746036552 328.00000000000006 0.1171181205266054 9.3257569283005957 0.17806227372934069 0.0060123171728230515
decision_type=8 2 8 2 2 2 8 8 8 10 2 2 2 2
left_child=1 4 -3 5 -1 7 -7 8 -2 10 -9 12 13 -6
right_child=3 2 -4 -5 11 6 -8 9 -10 -11 -12 -13 -14 -15
leaf_value=0.010480995724310403 -0.0046561866195099742 -0.031625478154705088 0.0060938039490031782 -0.017255350177762703 -0.025135016088829527 0.012352377542335639 -0.022667306052827844 -0.0022334208967806739 0.027691101369193213 -0.015762227263678995 0.019661117762928112 0.0085969464505797847 0.0061602759058101159 0.0027309204488208641
leaf_weight=16.978729662136175 6.7034111762768589 11.603044846095143 5.3826583288610008 5.9883475527167311 16.317250395833987 2.2426847110036761 4.9615674944507182 20.035588458413258 17.801290340954441 7.9425027761608353 15.270913150015984 8.0744481105357391 6.4688298598339307 6.9001220973368609
leaf_count=117 171 65 21 25 1042 10 149 197 202 210 159 34 392 474
internal_value=-0.00102824 -0.00719074 -0.021005 0.00453289 -0.00150488 0.00724372 -0.0111713 0.00983497 0.0195528 0.00287324 0.00850071 -0.00748959 -0.0124735 -0.0178369
internal_weight=152.671 71.7251 16.9857 80.9463 54.7394 74.958 7.20425 67.7537 24.5047 43.249 35.3065 37.7607 29.6862 23.2174
internal_count=3268 2145 86 1123 2059 1098 159 939 373 566 356 1942 1908 1516
is_linear=0
shrinkage=0.05


Tree=271
num_leaves=15
num_cat=0
split_feature=55 62 67 42 66 59 2 27 32 42 19 27 60 27
split_gain=1.77622 2.94125 1.72411 2.57414 2.31231 2.13894 4.10158 3.31171 2.0782 1.84378 1.83682 1.70271 1.6187 1.60601
threshold=-1.1756214766593064e-07 0.73666666666666669 0.083462629699644034 157.95000000000002 0.51346493760875389 7.0075324742949907e-05 5575.9235118531224 0.77090268530847772 56.869505271284389 381.34000000000009 27991.773809015493 0.74891304347826104 0.35226959855534207 0.70548608665022916
decision_type=2 2 2 10 2 2 10 2 2 8 10 2 2 2
left_child=1 -1 5 4 12 6 11 9 -5 -7 -10 13 -4 -2
right_child=2 -3 3 8 -6 7 -8 -9 10 -11 -12 -13 -14 -15
leaf_value=0.010333420079898934 -0.0066247312636683242 -0.028113519230067913 -0.025780337003509249 0.011331852783986908 0.01618215119691923 -0.034602489121221033 0.016548133021268053 0.0083258255109861339 -0.033787582925164109 0.0079215177692904329 0.0080503945167097312 -0.02334126682284323 0.0069374153450674578 0.017507174828801226
leaf_weight=4.4645775861572465 28.56139658439497 9.1073848782107216 2.188755339360795 2.708633835136423 38.801014714423218 10.486593241737864 20.690031876787543 6.2046297059860072 4.4410237748379586 1.1110802417679231 1.3983867540955541 8.5260660230269405 4.6092023068340495 3.7190398886450557
leaf_count=35 1253 58 121 55 355 720 65 27 353 36 5 140 73 25
internal_value=-0.00160024 -0.0160891 0.000401179 0.00693192 0.0116629 -0.00420481 0.00059728 -0.0172868 -0.0132954 -0.0293695 -0.0246766 -0.00841376 -0.0100581 -0.00186933
internal_weight=147.018 13.572 133.446 54.147 45.599 79.2988 61.4965 17.8023 8.54804 11.5977 5.83941 40.8065 6.79796 32.2804
internal_count=3321 93 3228 962 549 2266 1483 783 413 756 358 1418 194 1278
is_linear=0
shrinkage=0.05


Tree=272
num_leaves=15
num_cat=0
split_feature=53 54 55 53 28 61 45 54 27 37 14 14 67 26
split_gain=2.02936 1.35728 2.4926 1.94984 4.51654 1.72665 1.56041 2.81746 4.38547 2.01537 2.03112 1.75399 1.63968 1.7932
threshold=7.3014422087786629e-06 0.90123146583450564 -6.7880098598397857e-09 2.0307824975169821e-08 0.21943199378762243 0.017620536857440239 3.6242520361853052 -0.47839238075191298 0.72086327703916642 0.3697141155449673 18.071999994631998 -18.854354088105037 0.049129382647624696 0.26084521391930798
decision_type=2 2 2 2 2 2 10 2 2 2 10 8 2 2
left_child=1 3 -3 6 -5 -6 11 -8 9 -9 -11 -1 13 -13
right_child=-2 2 -4 4 5 -7 7 8 -10 10 -12 12 -14 -15
leaf_value=-0.020884401296463788 -0.024628480217368569 -0.024398662339347732 0.0096137650807069583 0.024484400396983411 0.0066758276711873388 -0.018950918650500685 0.012819660905492426 -0.0011641414462310472 0.012427475857502989 -0.044141634070367246 0.0026114898898790921 0.0051012579707814714 0.014388220004292697 -0.01579195288377051
leaf_weight=1.9207161031081339 2.6543375831097356 7.6285363811039133 5.7541467659175378 22.993787628831342 9.64403058961034 7.8087686691433182 6.8623446225101388 5.5549873043783071 6.1578874775441355 9.0616065498979861 2.1418156104045911 31.974947319526109 25.742782597662881 9.2311621299741073
leaf_count=71 20 58 22 94 47 37 180 324 63 1027 16 976 266 130
internal_value=0.000532463 0.00173853 -0.0111372 0.0033208 0.0118916 -0.00645696 -0.00059744 -0.00930466 -0.0170393 -0.0282346 -0.0371558 0.00354246 0.00564588 -0.000781695
internal_weight=155.132 152.478 13.3827 139.095 40.4466 17.4528 98.6482 29.7786 22.9163 16.7584 11.2034 68.8696 66.9489 41.2061
internal_count=3331 3311 80 3231 178 84 3053 1610 1430 1367 1043 1443 1372 1106
is_linear=0
shrinkage=0.05


Tree=273
num_leaves=15
num_cat=0
split_feature=36 13 48 25 63 62 53 58 27 0 13 7 62 29
split_gain=1.67573 2.20625 2.11027 3.02843 2.46356 1.64847 2.01913 3.09133 1.89885 2.23927 4.61027 1.68779 1.88497 1.31354
threshold=0.63258728987265822 38.686127669490041 1.0000000180025095e-35 0.032108703545687685 -0.024878472922580976 52.000000000000007 6.933371198815278e-08 0.20594153244919686 0.72086327703916642 19.500000000000004 -29.278745094335196 441.50000000000006 8.8907657657657673 2214.3004938553399
decision_type=2 10 2 2 2 2 2 2 2 10 8 10 2 10
left_child=5 2 3 -2 -5 6 7 8 9 -1 -11 12 -9 -12
right_child=1 -3 -4 4 -6 -7 -8 11 -10 10 13 -13 -14 -15
leaf_value=0.0076646690518500545 0.010249585662085703 0.0080286409066804825 0.0082548003095922664 0.0036673225466298393 -0.042398088908589829 -0.01686600959978065 0.017237694443025624 -0.033943660732237382 0.019447270218295211 0.01183695914243043 -0.029468226548593015 0.0042124825479095277 0.0010238603216339856 0.005519452805583587
leaf_weight=48.525943670756533 2.5633037852239857 8.649481723085044 3.513743547606281 2.7185902064666179 9.0103707153175439 4.9118859618902198 19.84513758122921 7.1005545048974472 14.14476322365226 11.146299207415721 12.286364580955707 6.4098637765273443 5.2371637281030416 1.5107955038547505
leaf_count=1102 11 36 94 9 161 19 95 59 102 625 956 29 21 8
internal_value=0.000620148 -0.00980177 -0.0183244 -0.0253047 -0.033816 0.00300576 0.0043924 0.00132937 0.00540125 0.00163018 -0.00942908 -0.0148306 -0.0230858 -0.025188
internal_weight=157.574 26.4555 17.806 14.2923 11.729 131.119 126.207 106.362 87.6142 73.4694 24.9435 18.7476 12.3377 13.7972
internal_count=3327 311 275 181 170 3016 2997 2902 2793 2691 1589 109 80 964
is_linear=0
shrinkage=0.05


Tree=274
num_leaves=15
num_cat=0
split_feature=32 32 27 42 41 65 67 41 42 58 42 59 3 42
split_gain=3.39031 2.38943 2.7853 2.01514 3.01727 1.95028 1.97906 1.85992 1.8451 1.82892 1.68889 1.63063 1.47389 1.26701
threshold=15.030272830594184 45.341517372519405 0.73942823108993461 108.84500000000001 2.5530000000000004 0.52160761924808707 0.02462845325025469 1.7995000000000003 167.58000000000001 0.084503497383895967 381.34000000000009 -8.8479815934287723e-05 146.50000000000003 9.3950000000000014
decision_type=2 2 2 10 10 2 2 10 10 2 10 2 10 8
left_child=13 2 5 -3 10 -2 7 -7 -6 11 12 -10 -5 -1
right_child=1 3 -4 4 8 6 -8 -9 9 -11 -12 -13 -14 -15
leaf_value=-0.0091131852608655143 0.010498748193895785 0.015786425982363381 0.0053219709023274615 -0.024774252377160438 -0.009978585865742913 0.013684091479182729 -0.026422767184203694 -0.019737441863375706 0.013278091355276855 0.028987221631579071 0.0088044056123553881 -0.020739360841286584 0.0080928217077030889 0.013869585521875869
leaf_weight=3.338483829109463 2.6081128860241725 16.889155249606119 16.525286563963164 14.813882209811714 4.2418811753741492 5.8673602534981901 26.423323982133297 1.7596981471288016 2.542501903604717 7.7244979552924633 3.3447002096218048 1.8030396325484588 1.6348172556608904 46.024607631159597
leaf_count=392 51 154 97 900 63 107 302 197 28 28 79 196 9 718
internal_value=0.00142431 -0.00362517 -0.0106656 0.00375084 -0.00311452 -0.0176465 -0.0208705 0.00121096 0.0110589 0.0192095 -0.0146696 -0.00438077 -0.0203826 0.01162
internal_weight=155.541 106.178 53.1838 52.9945 36.1053 36.6585 34.0504 7.62706 16.3119 12.07 19.7934 4.34554 16.4487 49.3631
internal_count=3321 2211 754 1457 1303 657 606 304 315 252 988 224 909 1110
is_linear=0
shrinkage=0.05


Tree=275
num_leaves=15
num_cat=0
split_feature=33 36 36 30 12 59 67 3 33 23 13 30 30 63
split_gain=3.39233 2.18562 2.78112 2.35879 2.37676 2.33865 1.79407 1.66705 2.79665 2.07886 2.0387 1.30431 1.51138 1.24956
threshold=14.667733315852884 0.63258728987265822 0.5186206896551725 162.50000000000003 5685.3275768166523 -0.00032107042027587797 0.23185511037141657 222.50000000000003 7.5118196950052143 7.880902233111728 45.084785416640052 156.50000000000003 84.500000000000014 -0.01085390015100215
decision_type=2 2 2 8 8 2 2 8 2 2 8 10 10 2
left_child=7 2 3 -2 -5 6 -6 8 9 -1 -10 12 -3 -4
right_child=1 11 13 4 5 -7 -8 -9 10 -11 -12 -13 -14 -15
leaf_value=0.0061696923383006289 -0.017783596973803464 -0.014814468728104331 -0.00014861776315989203 0.015102486886002639 0.01230893417043716 -0.019519295671958731 -0.013511768588022104 0.01829549328439779 0.020695704683537167 -0.031669541888426328 -0.015253296291977973 -0.036062732606404038 0.01353725330377053 0.023712967092531189
leaf_weight=3.793139648827494 23.344621916628967 8.7496521738066786 9.3637811047956365 13.54269580147229 14.995071342680605 13.704961556592023 5.3875080766156307 23.600702333613299 10.102070087654281 3.9931786806700984 1.3235275709303085 3.3535478170961133 2.5734438709914675 8.0421220380812866
leaf_count=121 1627 148 36 109 86 193 43 50 206 531 101 17 14 43
internal_value=-0.000463065 -0.00535513 -0.00188732 -0.00636226 0.000393264 -0.00663493 0.00416681 0.0106415 -0.000597455 -0.0180317 0.0131559 -0.0204518 -0.00619798 0.0137077
internal_weight=145.87 103.057 88.3808 70.9749 47.6302 34.0875 20.3826 42.8126 19.2119 7.78632 11.4256 14.6766 11.3231 17.4059
internal_count=3325 2316 2137 2058 431 322 129 1009 959 652 307 179 162 79
is_linear=0
shrinkage=0.05


Tree=276
num_leaves=15
num_cat=0
split_feature=25 63 61 67 34 5 38 33 4 14 25 3 4 14
split_gain=2.30449 2.13267 2.26456 2.05337 2.13533 1.96004 1.71319 1.56907 1.85718 1.74132 1.67508 1.76521 1.33741 1.09354
threshold=0.12664986230022787 -0.02821209150821705 0.012019065957047693 0.20986067830300964 19.785278761347804 50.000000710110108 87.2733511256708 38.317816169874554 1.1202979873981502 24.303153601741133 0.78839758928169568 24.500000000000004 38.092210155461906 -1.206168780458621
decision_type=2 2 2 2 2 8 2 2 8 10 2 10 8 10
left_child=6 3 5 4 -2 12 -1 8 -7 -10 -9 -12 13 -3
right_child=1 2 -4 -5 -6 7 -8 10 9 -11 11 -13 -14 -15
leaf_value=-0.014973830727660077 0.018132523716891558 -0.017376810911180884 0.015245886424305076 -0.027109449869186376 -0.014499896502461399 0.0064428242612987576 0.0094453270288074095 -0.013508005535390203 -0.031498656819365221 0.0056557412509658156 -0.0031510546826251321 0.024434958487171643 0.019528491161727932 0.0061571756875283788
leaf_weight=35.150980112521211 5.2349669598042983 2.2207899874629229 30.750060274731368 6.2056272909394457 4.9284944113460369 4.2467665791627978 5.178785476833581 7.1144400415360023 9.5317338265158451 2.3058017799630752 10.686995684649448 5.561415307223796 10.800773549548465 10.776862713886658
leaf_count=226 17 120 112 60 52 350 51 55 628 10 1184 14 244 184
internal_value=-0.00163007 0.00217812 0.00518642 -0.0122679 0.002745 -0.00046315 -0.0111422 -0.00701597 -0.0169242 -0.0247311 0.00158641 0.00981895 0.00973081 -0.00157428
internal_weight=150.694 110.365 93.9956 16.3691 10.1635 63.2456 40.3298 39.4472 16.0843 11.8375 23.3629 16.2484 23.7984 12.9977
internal_count=3307 3030 2901 129 69 2789 277 2241 988 638 1253 1198 548 304
is_linear=0
shrinkage=0.05


Tree=277
num_leaves=15
num_cat=0
split_feature=23 62 33 25 23 29 33 63 41 26 29 55 12 5
split_gain=3.73343 1.9014 2.88502 1.82143 1.59529 2.21398 1.77793 1.88553 3.24827 2.88109 1.87064 1.85228 1.39472 1.24234
threshold=5.6092941360458308 38.00694444444445 7.5118196950052143 0.99210593922071 8.2966561974592903 279.73313765555196 72.36891680751809 -0.0070191588602522342 1.9525000000000003 1.4930976451417854 4889.3303326069881 -9.6942072252899542e-09 10724.714040855402 3.3570493899108507
decision_type=2 2 2 2 2 10 2 2 8 2 10 2 10 10
left_child=-1 2 3 -2 5 13 7 9 -9 -6 -8 -11 -10 -4
right_child=1 -3 4 -5 6 -7 10 8 12 11 -12 -13 -14 -15
leaf_value=0.021291989640560557 -0.030292808854305443 -0.017658932398452714 -0.0042471678091210484 0.0050432115790438516 -0.015536981587202993 -0.022292303683984847 -0.021768275217289839 0.02953125118265372 -0.018720710008069519 0.019881684231783808 0.0068245904746915588 -0.002764552843049281 0.010661210694364098 0.01592852376545378
leaf_weight=17.036777642089874 6.0117947207327216 10.105041946284471 17.810765933820225 3.5897844684077427 9.9165080388193001 7.5793451179051763 5.4158378043211988 17.991375358775262 3.5410038085246915 16.694532642140985 8.8673442583531124 13.612622614949943 3.2311362475156784 6.6831593633978619
leaf_count=48 99 46 1937 558 55 92 79 85 62 68 55 51 14 66
internal_value=0.00224605 -0.000921469 0.00112249 -0.0198785 0.00370997 -0.00515758 0.00739096 0.0107868 0.0203882 0.00327507 -0.00685032 0.010759 -0.00612801 0.00302484
internal_weight=148.087 131.05 120.945 9.60158 111.344 32.0733 79.2704 64.9872 24.7635 40.2237 14.2832 30.3072 6.77214 24.4939
internal_count=3315 3267 3221 657 2564 2095 469 335 161 174 134 119 76 2003
is_linear=0
shrinkage=0.05


Tree=278
num_leaves=15
num_cat=0
split_feature=14 59 63 59 27 63 16 24 12 28 54 29 14 30
split_gain=2.02128 2.3706 2.74278 2.16373 3.79481 2.47728 2.26987 2.15066 1.76177 2.00972 1.58541 1.66291 2.11848 1.56676
threshold=10.627025673381594 -2.5917480910170792e-05 -0.075632943601737154 2.1659896527764049e-05 0.77090268530847772 0.013452708360620909 44.500000000000007 6.3007706441938316 3541.8263945538779 0.28886731535130644 1.6944479664967236 1815.7724275212522 45.759580306726512 8.5000000000000018
decision_type=8 2 2 2 2 2 8 2 10 2 2 10 8 8
left_child=1 2 -1 6 5 -5 -2 13 9 -3 11 12 -8 -4
right_child=3 8 7 4 -6 -7 10 -9 -10 -11 -12 -13 -14 -15
leaf_value=0.0114552840539053 -0.0088613150100682724 -0.01995098035338911 0.0021482862914630049 -0.027179849404955443 0.018346357079021193 0.010623034255591831 -0.014192636128820785 0.0058438894159525759 0.013476577365578444 0.0058969244338128645 -0.0095716827462552501 0.026486091276067398 0.01252213042264564 -0.031870611246926091
leaf_weight=4.2724321366986286 11.458691388776058 9.0872291314371996 3.242677276954061 12.984817442302303 5.1182126402854911 2.7517668613363631 5.2028284345287856 4.0502071529626837 13.357947744349074 12.488970943959428 3.8533966764807692 16.394671546295285 26.4911774561333 18.717353020765586
leaf_count=18 358 1332 113 228 18 105 36 11 185 117 21 51 357 371
internal_value=-0.000937595 -0.00725742 -0.0164124 0.0040867 -0.00854174 -0.0196019 0.00856138 -0.0220988 0.00173985 -0.00669482 0.0128455 0.0153741 0.00680034 -0.0273805
internal_weight=149.472 65.2168 30.2827 84.2556 20.8548 15.7366 63.4008 26.0102 34.9341 21.5762 51.9421 48.0887 31.694 21.96
internal_count=3321 2147 513 1174 351 333 823 495 1634 1449 465 444 393 484
is_linear=0
shrinkage=0.05


Tree=279
num_leaves=15
num_cat=0
split_feature=62 33 42 42 14 65 63 63 23 27 14 12 42 14
split_gain=2.29714 2.14031 1.89073 2.5264 1.74388 1.79479 2.22924 2.0351 1.75942 2.02804 2.52591 2.4628 2.42394 2.44563
threshold=41.187500000000007 7.5118196950052143 31.395000000000003 42.725000000000001 27.554873857713318 1.4103168605658352 -0.0040775512884397664 0.011156557400504917 10.910654753016543 0.72086327703916642 2.3333230945227279 15340.799526390061 53.865000000000009 16.155458107490986
decision_type=2 2 8 10 10 2 2 2 2 2 8 8 10 10
left_child=1 -1 -3 -4 5 7 -7 8 9 10 -5 12 -12 -14
right_child=-2 2 3 4 -6 6 -8 -9 -10 -11 11 -13 13 -15
leaf_value=-0.010739995017447726 -0.018344862066248899 0.019270205799459296 -0.024450074673110039 0.012341951242688429 0.017053367086899068 -0.024697688357450343 0.008971202676793362 -0.017007834834385196 -0.010606666967512914 0.023350418153653001 0.009269989922205988 0.01080858936415785 -0.042424983749966054 0.0027190598646942288
leaf_weight=22.902085282126791 10.59769309312105 13.746557531063443 3.4982015467976444 26.578798078015112 15.423108752991537 8.2894986679893901 4.5418469214782808 5.4622880830502245 8.3101694844663125 14.566737786401061 2.7987088265363012 6.1404755678959182 5.223303721395494 3.4404852311126888
leaf_count=694 42 326 127 1017 73 62 36 469 55 69 19 57 253 18
internal_value=-0.000110025 0.00184287 0.00462188 0.00189739 0.00392451 0.000739699 -0.0136063 0.00399184 0.00676383 0.00986014 0.00349067 -0.00964769 -0.0205606 -0.0300629
internal_weight=151.52 140.922 118.02 104.274 100.775 85.3523 12.8313 72.521 67.0587 58.7485 44.1818 17.603 11.4625 8.66379
internal_count=3317 3275 2581 2255 2128 2055 98 1957 1488 1433 1364 347 290 271
is_linear=0
shrinkage=0.05


Tree=280
num_leaves=15
num_cat=0
split_feature=65 58 59 57 5 59 12 26 36 62 2 12 38 63
split_gain=2.32196 2.49441 2.71197 1.68988 1.74338 1.72701 1.65219 1.9603 1.49806 1.29468 1.58588 1.28537 1.23459 1.15921
threshold=1.4103168605658352 0.38331363618017816 0.0016399250448684807 0.00086450617904008768 6.5507126222880503 8.8862053998406987e-05 10724.714040855402 0.54731011535636254 0.41694260485651219 1.6378539493293596 3370.3249233950992 8.7916117084708016 789.12129210880732 -9.4053319900451441e-05
decision_type=2 2 2 2 10 2 10 2 2 2 10 8 2 2
left_child=3 2 -2 5 -5 8 7 -7 13 10 11 -10 -9 -1
right_child=1 -3 -4 4 -6 6 -8 12 9 -11 -12 -13 -14 -15
leaf_value=0.018193023353963472 -0.033149365673485046 0.0031079970545110098 0.0073682104537238051 0.018818760708675667 -0.0049248961280592782 0.0033157446034409372 0.0080487909171645423 -0.032638137061590508 0.0068674342770220749 -0.017657300478139452 0.017863890243683921 -0.021044359892653054 0.0039471565478104535 0.0021576817844663932
leaf_weight=18.265931189438561 9.1034539799875365 17.46149636991322 3.6456155925989142 27.181252654583659 7.8416152484714976 6.7221364018041703 6.2709844200871876 7.8537813492584956 4.5452646200428735 6.594934102613478 5.3852105401456356 3.3919453622656874 1.6026788960880365 24.87092306453269
leaf_count=366 110 73 13 122 30 611 43 232 181 36 23 268 422 788
internal_value=0.00193882 -0.009486 -0.0227515 0.00506629 0.0135514 0.00103406 -0.00961313 -0.016743 0.00525262 -0.00522795 0.00406434 -0.00858389 -0.027217 0.0101321
internal_weight=150.737 30.2106 12.7491 120.527 35.0229 85.5038 22.4496 16.1786 63.0542 19.9174 13.3224 7.93721 9.45646 43.1369
internal_count=3318 196 123 3122 152 2970 1308 1265 1662 508 472 449 654 1154
is_linear=0
shrinkage=0.05


Tree=281
num_leaves=15
num_cat=0
split_feature=34 27 62 32 14 55 20 0 67 67 64 50 2 2
split_gain=2.78935 1.90695 2.45253 1.86163 1.55601 1.41761 1.36299 1.51708 1.47435 1.35534 1.58648 2.01968 1.70073 1.28234
threshold=26.15144156848179 0.64310689310689317 4.7750000000000012 45.341517372519405 14.130629715187148 1.3708803810442172e-08 4784.7697686120982 1168.5000000000002 0.021750054300366684 0.60979054909898978 0.5590277777777779 0.10867724867724869 11439.030799400503 3586.9469634072807
decision_type=2 2 2 2 10 2 8 10 2 2 2 2 10 10
left_child=1 2 -1 4 9 -3 7 8 -5 10 11 13 -13 -2
right_child=3 5 -4 6 -6 -7 -8 -9 -10 -11 -12 12 -14 -15
leaf_value=0.0065958607122468538 -0.013909996373648526 0.020588350654677349 -0.015448796344785144 -0.0076511417742114417 0.0080111184471475406 -0.0002819534117556054 -0.01678345736091846 -0.015950474635814307 0.01578416594593152 0.0094001715173779535 0.0059200677950570595 -0.03593073130493598 0.0073651228686608811 0.01638155146445815
leaf_weight=45.818655458788271 1.7738536617689646 26.787742979358882 11.808171221986411 5.6797630399378347 3.6681743934750548 10.755887832026927 2.9159113741479805 2.0280610280824467 20.764087250281591 1.1746577917947423 2.6904023256211067 14.888778479304163 0.85144700855016786 2.3384628146886826
leaf_count=724 309 99 61 273 20 44 32 564 333 9 231 619 6 8
internal_value=0.00209519 0.00724307 0.00120598 -0.00615495 -0.0145903 0.0152788 0.0021984 0.0063591 0.0103344 -0.0188721 -0.0217843 -0.0259744 -0.0323777 0.00285231
internal_weight=153.944 95.1705 57.6268 58.7736 27.3858 37.5436 31.3878 28.4719 26.4439 23.7176 22.5429 19.8525 15.7402 4.11232
internal_count=3332 928 785 2404 1202 143 1202 1170 606 1182 1173 942 625 317
is_linear=0
shrinkage=0.05


Tree=282
num_leaves=15
num_cat=0
split_feature=67 63 14 12 50 29 27 32 4 59 4 59 12 14
split_gain=1.35373 4.45245 2.27607 1.66568 1.66263 1.20738 1.31611 1.49587 4.40692 2.40845 2.23577 1.92955 1.39005 1.28844
threshold=0.23626211320669505 -0.02821209150821705 -18.854354088105037 218.07082410917482 0.10867724867724869 7754.9252754608415 0.79914441275602821 28.753733592452217 9.6482202644702024 0.00012650593001942262 26.545700393317556 0.003056782695926919 1885.9291335355906 17.014612396460375
decision_type=2 2 8 8 2 10 2 2 8 2 8 2 10 8
left_child=3 -2 -3 -1 -4 6 7 8 -5 10 12 13 -9 -11
right_child=1 2 4 5 -6 -7 -8 9 -10 11 -12 -13 -14 -15
leaf_value=-0.0065898243101180686 -0.03398066255319309 -0.017217955936822141 -0.010114324340435882 -0.028168621873392953 0.021340019421407393 -0.01049561484202134 0.023173259553851754 0.00046446152928936364 0.0075678481258591238 0.0019160369682171474 -0.0077806338802637503 0.011477623026017346 0.026037375035713958 -0.025071744308301433
leaf_weight=24.911758010086487 5.4892570856900447 3.2407529143092688 2.3302223738865004 6.9166093798703505 11.408356618587277 5.1752511225640765 8.4591479906812292 6.6475327207663204 26.540262920840178 6.6026285372063329 5.1953558424866051 8.5497473761861311 25.722043078538263 5.2946260913668057
leaf_count=1082 58 83 73 138 138 33 30 323 350 434 51 271 119 121
internal_value=0.00212305 -0.00809311 0.00610235 0.00412289 0.0147297 0.00684598 0.00820144 0.00568752 -0.00252185 0.0102465 0.0170564 -0.00315771 0.0215505 -0.0139593
internal_weight=152.484 22.4686 16.9793 130.015 13.7386 105.103 99.928 91.4688 33.4569 58.0119 37.5649 20.447 32.3696 11.8973
internal_count=3304 352 294 2952 211 1870 1837 1807 488 1319 493 826 442 555
is_linear=0
shrinkage=0.05


Tree=283
num_leaves=15
num_cat=0
split_feature=32 67 13 42 13 53 5 42 0 55 59 42 65 67
split_gain=1.5114 2.18571 1.82614 1.81455 2.80379 2.92506 3.36678 2.42775 3.08307 1.67055 2.28845 1.30842 1.25633 1.24594
threshold=42.568053953923531 0.016903910529660324 -36.426498153446651 56.975000000000001 -54.714507682459327 1.7394129191792146e-08 0.26973519072070001 42.005000000000003 16.500000000000004 -6.5788849682481275e-08 0.0002017202926115057 20.945000000000004 1.4103168605658352 0.0090090748188056229
decision_type=2 2 10 10 10 2 10 10 8 2 2 8 2 2
left_child=3 -2 -3 7 -5 6 -6 8 9 -1 -11 13 -4 -10
right_child=1 2 12 4 5 -7 -8 -9 11 10 -12 -13 -14 -15
leaf_value=0.0041512593934824099 -0.015202485836036171 -0.012935659996608019 0.017966593277123747 0.013126256109580948 -0.041908165106152528 0.0023809287121782366 0.0028649739749988033 0.015554140920023704 -0.0030291606522662388 -0.039745332542562906 0.0040946670718673625 -0.0040739772297897813 0.0014837036050129417 0.024282863783025185
leaf_weight=3.5265713259577742 5.8129858143583979 3.9872644629867855 30.978981674408715 4.7976925017719649 10.129814031548451 9.5122989846277033 4.972872154263313 16.000662765116431 5.0786567638278957 6.2627517963701376 2.8773309210082516 17.277162611018866 18.458604318788275 6.190201532561332
leaf_count=10 428 375 652 80 283 50 42 216 294 578 36 160 84 68
internal_value=0.000366914 0.00623596 0.00967001 -0.00376783 -0.0128537 -0.0192787 -0.0301199 0.00156076 -0.00496719 -0.0215089 -0.0293765 0.00448469 0.0125139 0.0148259
internal_weight=145.864 59.2378 53.4249 86.626 29.4127 24.615 15.1027 57.2133 41.2127 12.6667 9.14008 28.546 49.4376 11.2689
internal_count=3356 1539 1111 1817 455 375 325 1362 1146 624 614 522 736 362
is_linear=0
shrinkage=0.05


Tree=284
num_leaves=15
num_cat=0
split_feature=55 42 1 63 65 8 41 21 14 55 8 42 21 14
split_gain=2.18249 1.98667 1.87573 2.34564 1.87312 1.85272 2.41716 1.81662 1.70923 1.78666 1.61056 1.43812 1.246 1.11823
threshold=-1.1756214766593064e-07 96.595000000000013 771.00000000000011 -0.012692609456379072 1.3593908786435631 314.50000000000006 1.2230000000000001 106.80595179254615 -1.206168780458621 -1.1360929714760349e-08 105.50000000000001 9.4250000000000025 -46.309986824370696 11.401723469890674
decision_type=2 10 8 2 2 10 10 10 8 2 10 8 10 8
left_child=4 8 3 -3 13 6 -4 -8 12 -10 11 -11 -2 -1
right_child=1 2 5 -5 -6 -7 7 -9 9 10 -12 -13 -14 -15
leaf_value=-0.010520827140678909 0.01031533525930837 -0.017190912616412771 0.0091806286852291752 0.013729349540524098 -0.030927665350715651 0.0094681369556380828 -0.034104270426248466 0.0019692024528627471 0.021237416382984962 -0.012899029251488101 -0.0096900059733729706 0.010240281827647642 -0.019058411817832906 0.012363379176228269
leaf_weight=7.2258437933633113 1.6164532559923825 4.0241917956591378 3.2857413711026373 15.280429924390772 4.4200665336102238 3.6488604471087447 11.602569672410025 3.7565645491122259 17.712108759384137 3.2838980023079776 11.715370854828505 54.20529247430386 6.001211574926856 4.4863955912878746
leaf_count=51 22 100 17 901 35 16 424 14 103 402 43 922 255 26
internal_value=0.000686653 0.00290981 -0.00574516 0.00507323 -0.0143232 -0.0143263 -0.0200004 -0.0269646 0.00681558 0.00891894 0.0045476 0.00799218 -0.0112077 -0.000678669
internal_weight=152.265 136.133 41.5984 19.3046 16.1323 22.2937 18.6449 15.3591 94.5343 86.9167 69.2046 57.4892 7.61766 11.7122
internal_count=3331 3219 1472 1001 112 471 455 438 1747 1470 1367 1324 277 77
is_linear=0
shrinkage=0.05


Tree=285
num_leaves=15
num_cat=0
split_feature=8 14 28 28 28 23 22 58 0 37 42 55 10 59
split_gain=1.61585 1.23869 1.48528 1.45053 2.9252 1.37663 1.70049 1.64322 2.01178 1.43502 2.33808 2.54246 1.98876 1.61433
threshold=587.50000000000011 93.032380896034795 0.98756668296667471 0.9106287986307926 0.74820976162975339 8.2966561974592903 9.1936262845314705 0.0007670630666659576 5.5000000000000009 0.71490147783251246 50.095000000000006 -2.5376730465416758e-08 85.500000000000014 -0.0076472404431368159
decision_type=10 10 2 2 2 2 2 2 10 2 10 2 8 2
left_child=1 2 3 4 5 7 9 -1 -9 10 11 -7 -13 -12
right_child=-2 -3 -4 -5 -6 6 -8 8 -10 -11 13 12 -14 -15
leaf_value=0.0028569920525124419 -0.020562481884287918 -0.017072175634958744 -0.019524600342351227 0.021550901454253927 -0.023568207995894236 0.011153694946485765 -0.0081612423947607978 0.0045547054578954091 -0.031292962766479249 0.026503935597765434 -0.0088814027237774564 0.0031310266070783532 -0.036601630176158882 0.014724657793420595
leaf_weight=38.024593956441095 3.2104437984526148 3.0023869528667992 2.0129260158864772 6.2158603122225022 5.0210486074793144 5.600384387478698 10.035168573260306 4.9714141272124817 4.0154307021002751 8.156852785497902 5.0464211560320029 3.8309905863716249 3.5776537177152932 45.851198967517128
leaf_count=2452 25 25 29 43 65 30 57 80 107 31 32 66 21 264
internal_value=0.00108647 0.00223247 0.00320506 0.0041915 0.00264147 0.00450144 0.00823744 -0.00218763 -0.0169232 0.0109024 0.00713237 -0.00933268 -0.0230731 0.0117991
internal_weight=148.573 145.362 142.36 140.347 134.131 129.11 82.0987 47.0114 8.98684 72.0635 63.9066 13.009 7.40864 50.8976
internal_count=3327 3302 3277 3248 3205 3140 501 2639 187 444 413 117 87 296
is_linear=0
shrinkage=0.05


Tree=286
num_leaves=15
num_cat=0
split_feature=11 55 55 14 13 13 67 0 32 25 41 3 13 25
split_gain=3.72982 1.92651 1.56363 1.26944 2.03666 2.62133 1.62553 1.52602 2.1842 3.32511 2.35544 1.6101 1.79056 1.47366
threshold=19.88080549309975 -1.1756214766593064e-07 -5.1257344054947203e-08 -1.206168780458621 -23.624315618061811 3.3788085466675439 0.035267799578178265 1168.5000000000002 31.754692768973218 0.95891337764747175 1.4455000000000002 69.500000000000014 45.084785416640052 0.87365107103057549
decision_type=10 2 2 10 10 10 2 10 2 2 10 10 10 2
left_child=-1 -2 -3 4 -4 -6 -7 8 9 10 -5 12 13 -10
right_child=1 2 3 7 5 6 -8 -9 11 -11 -12 -13 -14 -15
leaf_value=-0.023105814889311641 -0.013230208128747145 0.017435972379180955 0.0068853223462630609 0.0063797033938363945 -0.032547579875627564 0.014057016384061403 -0.013301490105803254 -0.014931963019788375 0.020227563724441861 0.014808675162362034 -0.026768546743001782 0.021307754914030783 -0.015572777716536302 -0.0048257366894111468
leaf_weight=11.970095523371127 13.883253003587013 13.342415282269938 14.042395588487116 5.7642857283353868 6.4650204269783087 6.0299710971739824 5.7042257522407454 4.0588345866126465 8.7075897976756149 9.8475592185277474 10.333904182945842 22.916317569091916 4.931384300813078 7.5170960762916357
leaf_count=629 99 78 703 26 668 65 79 207 32 274 86 76 40 222
internal_value=-0.0010075 0.00173565 0.00393301 0.00153142 -0.00615922 -0.015539 0.000756913 0.00505653 0.00713322 -0.00393982 -0.0162001 0.0133892 0.00237833 0.0102177
internal_weight=145.514 133.544 119.661 106.319 32.2416 18.1992 11.7342 74.077 70.0181 25.9457 16.0982 44.0724 21.1561 16.2247
internal_count=3284 2655 2556 2478 1515 812 144 963 756 386 112 370 294 254
is_linear=0
shrinkage=0.05


Tree=287
num_leaves=15
num_cat=0
split_feature=33 25 42 14 57 34 8 33 33 13 43 56 2 25
split_gain=1.69488 2.38995 3.2744 1.48214 1.24499 1.14059 2.89006 1.72632 2.13054 1.7898 1.67373 1.59239 2.12679 1.56964
threshold=74.112947407006303 0.39970534510549299 431.93000000000006 93.032380896034795 0.00047542120947651341 22.913811189926044 20.500000000000004 21.414968752534516 14.667733315852884 -35.081198342918832 7994.670734144971 0.0070793819264425165 3489.512777582439 1.0006486242369703
decision_type=2 2 10 10 2 2 10 2 2 10 10 2 10 2
left_child=3 4 -3 5 -2 7 11 8 -1 -9 -8 12 13 -7
right_child=1 2 -4 -5 -6 6 10 9 -10 -11 -12 -13 -14 -15
leaf_value=0.0045350977036536779 -0.010440167871738574 -0.034055673528583588 0.012531563781955921 -0.020212547393733411 0.017586214144865005 -0.028048021295088557 -0.025319371343801435 -0.0087535341660417935 -0.022963010271826945 0.016708520327947632 0.0058175324343110648 0.016257560203904852 0.012125442981266367 0.0022312858663710695
leaf_weight=31.539425426337402 2.4534182393981636 8.2883704275300243 2.2929554842994539 1.6712650237604965 4.7838874682784081 4.5295699259877455 10.390487374006623 4.916669408325105 3.7331177774467497 41.171824625867885 3.7823743671178809 14.509678215385064 8.2818764485418779 6.5409111257176846
leaf_count=366 70 764 70 17 21 100 279 136 40 228 15 607 35 550
internal_value=0.000949973 -0.0116968 -0.0231785 0.00303595 0.00770158 0.00407703 -0.00192122 0.00752455 -0.000864828 0.0134014 -0.0176596 0.00609062 -0.00330505 -0.0150297
internal_weight=148.886 17.8186 10.5813 131.067 7.23731 129.396 48.0349 81.361 35.2725 46.0885 14.1729 33.862 19.3524 11.0705
internal_count=3298 925 834 2373 91 2356 1586 770 406 364 294 1292 685 650
is_linear=0
shrinkage=0.05


Tree=288
num_leaves=15
num_cat=0
split_feature=53 58 53 65 27 53 58 13 38 0 63 33 22 41
split_gain=1.8626 2.10101 2.05321 2.60193 2.51292 1.77127 2.09665 1.76727 1.62292 1.59256 2.36779 1.56017 1.11767 1.03518
threshold=2.221393944638408e-07 0.69245997177292129 6.933371198815278e-08 1.2586702676842616 0.73942823108993461 1.154688201438789e-08 0.031759364660726035 24.168966116567557 418.79642239438687 335.50000000000006 -0.023451827688282308 61.971224087788762 8.1032070797962543 1.3715000000000004
decision_type=2 2 2 2 2 2 2 10 2 8 2 2 2 8
left_child=1 2 3 5 9 6 11 -2 -8 10 -5 13 -13 -1
right_child=7 -3 -4 4 -6 -7 8 -9 -10 -11 -12 12 -14 -15
leaf_value=-0.0093820126383081792 -0.031630085117557147 -0.020974147581681254 0.017774068993213852 0.0038356910187743506 0.0056461502331262049 0.017510792881137823 -0.026350146213886025 0.00026551404345298319 0.0053794802401382364 0.0019822855218891611 -0.03976410402811531 -0.02164407019169598 0.0048920884941917276 0.0091112875115482005
leaf_weight=4.5847614535014136 4.3849342651665193 5.6083676572889081 13.162866879254578 3.010381859028711 9.3256787356804107 13.727778638305606 6.4411121408920717 7.9302469864487648 4.0005522819701582 4.1862412544433036 8.1317834873771062 4.5362177656752447 4.2106244410388172 53.489492616135976
leaf_count=313 25 36 51 18 39 52 55 60 34 34 89 1010 26 1435
internal_value=-0.00150867 0.000462655 0.00214489 -0.000296948 -0.013231 0.0037142 0.000347547 -0.0169454 -0.0163879 -0.0232797 -0.030445 0.00392151 -0.0117368 0.00702331
internal_weight=146.731 134.416 128.807 115.645 24.6541 90.9905 77.2628 12.3152 10.4417 15.3284 11.1422 66.8211 8.74684 58.0743
internal_count=3277 3192 3156 3105 180 2925 2873 85 89 141 107 2784 1036 1748
is_linear=0
shrinkage=0.05


Tree=289
num_leaves=15
num_cat=0
split_feature=67 0 0 0 65 66 4 63 4 10 3 62 32 28
split_gain=1.77212 1.91198 1.61242 1.74225 1.43511 1.41715 1.22382 1.69215 1.57244 1.63432 1.17318 2.80747 1.69866 1.57349
threshold=0.053767093089976882 273.50000000000006 56.500000000000007 11.500000000000002 4.0751381929501251 0.97555100310372678 6.4049762630266009 -0.038159394356336786 7.1612456582327741 43.500000000000007 133.50000000000003 3.0555555555555558 30.956171183116513 0.30743678679739711
decision_type=2 10 10 10 2 2 8 2 8 8 10 2 2 2
left_child=1 2 3 6 10 -4 7 -1 -8 -10 11 -2 -12 -13
right_child=4 -3 5 -5 -6 -7 8 -9 9 -11 12 13 -14 -15
leaf_value=0.0088382763714114389 0.0089850343798540469 0.01185852805881743 0.0073723958122431698 0.011025485700068477 -0.016954675472495316 -0.031508113181043566 0.0157209178268185 -0.032045400325018285 -0.022919346376458951 -0.00021657427828351058 -0.0017487941697613423 -0.023701658870300582 0.022806855096112855 0.004907656304304329
leaf_weight=1.0185998678207386 38.838769145630067 9.2117635784488794 0.91847974472329852 9.8764764117076975 2.0244215596467248 6.0451237328525167 3.8364748427120494 4.5818916313073714 7.1257993838662541 23.174001884384779 9.5739229619503039 8.2772046076133829 16.068208608776331 5.2527649151161304
leaf_count=2 1093 590 37 261 16 179 23 580 252 97 34 53 55 28
internal_value=0.000627528 -0.00523796 -0.00875846 -0.0043019 0.00547342 -0.025442 -0.00891797 -0.0239481 -0.00370755 -0.00804586 0.00704162 0.00225764 0.0148493 -0.0142674
internal_weight=145.824 65.7886 56.5768 49.6132 80.0353 6.9636 39.7368 5.60049 34.1363 30.2998 78.0109 52.3687 25.6421 13.53
internal_count=3300 2021 1431 1215 1279 216 954 582 372 349 1263 1174 89 81
is_linear=0
shrinkage=0.05


Tree=290
num_leaves=15
num_cat=0
split_feature=67 63 36 20 13 14 27 0 13 13 53 35 1 22
split_gain=2.0524 1.90562 2.45384 1.72171 1.55527 2.36062 1.79521 1.49697 1.74541 2.58841 2.06251 1.29094 1.18204 1.48
threshold=0.20792694325410921 -0.02821209150821705 0.19337606837606841 218.07082410917482 5.5087996890092521 40.581811539269374 0.57083825265643451 1.5000000000000002 21.987026058096394 45.084785416640052 7.8426563876241986e-08 410.35792658843758 20.500000000000004 8.1853354399404221
decision_type=2 2 2 8 8 8 2 10 10 8 2 2 10 2
left_child=3 -2 -3 11 6 7 -5 -6 -9 -10 -11 12 13 -1
right_child=1 2 -4 4 5 -7 -8 8 9 10 -12 -13 -14 -15
leaf_value=-0.023885759547303285 -0.026134689030198513 -0.01527044700255189 0.013561336602086575 -0.0011123729113249234 -0.017013792697342676 0.012756314790401915 0.026888164906725451 -0.013771691513405907 0.020214810549516907 -0.022131186292627177 0.010268480535780104 0.0096209382402924048 0.0099759353629304409 0.0047480279356099248
leaf_weight=11.178101773606619 6.0215185651322853 9.0236557978641958 10.577312677865846 7.7360185979923726 10.015494201332329 34.286394954368006 13.484687344447591 7.7537385961040881 13.405401097610591 5.4364021036308277 5.1649673208594322 5.1815740101155816 1.6630233186297108 4.2586630284786215
leaf_count=746 64 303 59 1065 61 365 153 52 48 47 24 238 49 27
internal_value=0.00219313 -0.00950094 -0.000117813 0.00497992 0.00780541 0.00389218 0.0184149 -0.00396871 0.00189959 0.00846252 -0.00811411 -0.00652606 -0.0124886 -0.0167573
internal_weight=145.187 25.6225 19.601 119.564 97.2831 76.0624 21.2207 41.776 31.7605 24.0068 10.6014 22.2814 17.0998 15.4368
internal_count=3301 426 362 2875 1815 597 1218 232 171 119 71 1060 822 773
is_linear=0
shrinkage=0.05


Tree=291
num_leaves=15
num_cat=0
split_feature=7 14 3 16 18 16 37 5 42 14 33 14 12 32
split_gain=2.05008 1.78504 2.15183 1.4252 1.36533 1.55471 1.6641 1.28557 1.21533 1.64122 1.86456 1.59015 1.42784 1.71749
threshold=843.50000000000011 10.627025673381594 49.500000000000007 8.5000000000000018 85.500000000000014 340.50000000000006 0.77859477124183019 2.4073433902327506 94.155000000000015 5.2578601770499489 8.981680445607557 -1.206168780458621 3651.3122779281989 95.52371094899037
decision_type=8 10 10 10 8 10 2 8 10 10 2 8 8 2
left_child=1 4 3 -3 7 6 -6 -1 9 10 -9 -12 13 -10
right_child=-2 2 -4 -5 5 -7 -8 8 12 -11 11 -13 -14 -15
leaf_value=-0.015252155414157635 -0.013368078258673137 0.010355203554757102 0.017048799032465436 -0.017428064783547217 -0.024924771950720372 0.0088347721730347509 0.0098472041068072697 -0.0089021580114095542 -0.028190498375116099 -0.01380297691149248 -0.004414321941158021 0.023173815988007052 0.004671477375094369 0.0053564532246742399
leaf_weight=5.2900048393057659 22.272616653586738 3.608535581675822 25.969738095998764 6.1765524704242125 12.010947814618705 3.2822468243539324 1.4567149076610793 4.8029596673732184 4.5888804187634396 2.49795227497816 4.7672904763894621 20.734089883204437 16.487107462555286 4.0972484925732715
leaf_count=426 85 31 104 53 436 13 9 377 649 15 168 348 242 314
internal_value=-0.00101469 0.00181698 0.0103633 -0.00714521 -0.00238682 -0.0132066 -0.0195159 0.00123525 0.00383117 0.00958882 0.0131988 0.0181382 -0.00401713 -0.0161906
internal_weight=138.043 115.77 35.7548 9.78509 80.0154 16.7499 13.4677 63.2655 57.9755 32.8023 30.3043 25.5014 25.1732 8.68613
internal_count=3270 3185 188 84 2997 458 445 2539 2113 908 893 516 1205 963
is_linear=0
shrinkage=0.05


Tree=292
num_leaves=15
num_cat=0
split_feature=35 4 55 25 11 12 45 66 58 55 14 28 14 53
split_gain=3.17514 2.69361 4.05903 2.5486 2.20424 2.90294 2.72942 1.76758 1.53415 1.48518 1.40525 1.35209 1.39701 1.59969
threshold=7.4759851931775021 24.137193161244753 1.5675874621602828e-08 1.0625815314346199 1804.7343034336611 15951.446521369351 4.6913057964583187 0.81128080276702519 -0.2699433879505897 -6.0598587810876202e-09 -6.6805907380969201 0.97656045368406219 -1.6737987516011981 2.221393944638408e-07
decision_type=2 8 2 2 8 10 8 2 2 2 8 2 8 2
left_child=4 3 10 11 -1 6 7 -6 -8 -7 -3 12 -2 -14
right_child=1 2 -4 -5 5 9 8 -9 -10 -11 -12 -13 13 -15
leaf_value=0.0085703155142570677 -0.0051445590185123903 0.0070938868798593778 0.016509452371868363 -0.017427673053373401 -0.00059620555169225052 0.016397014140903967 0.012576830700074849 -0.041891406407879993 -0.012054904317371953 -0.0078857470241783176 -0.02502201647055164 -0.0081911139570639401 0.022225702583382956 -0.0057711206787722461
leaf_weight=12.962211738311451 4.3588143668312114 1.9013569942108004 7.7057451461587325 2.5001427443712592 3.3446932365186504 7.5731566259637466 4.0209270169725633 9.2702146893861919 19.753947626115409 8.2807985758408886 12.731120895085043 2.884437297936528 42.152844270152855 3.691988678649067
leaf_count=504 414 31 126 848 56 38 62 55 110 40 446 27 574 18
internal_value=0.000250491 0.00686702 -0.00676511 0.0124513 -0.00758271 -0.011989 -0.0190319 -0.0342196 -0.00642754 0.00486398 -0.020105 0.0152374 0.0172035 0.0196253
internal_weight=143.132 77.9265 22.3382 55.5882 65.2059 52.2437 36.3898 12.6149 23.7749 15.854 14.6325 53.0881 50.2036 45.8448
internal_count=3349 2484 603 1881 865 361 283 111 172 78 477 1033 1006 592
is_linear=0
shrinkage=0.05


Tree=293
num_leaves=15
num_cat=0
split_feature=41 41 42 42 41 4 54 62 27 4 27 61 23 1
split_gain=3.24474 1.90262 2.53944 2.34972 1.69016 1.37683 2.62564 3.03929 2.65374 1.4942 1.40402 1.40269 1.06275 1.05935
threshold=2.9950000000000006 2.5530000000000004 112.57500000000002 381.34000000000009 4.6335000000000006 20.158203286540857 0.1367526019388762 33.836612021857931 0.72253433208489393 15.171698059412551 0.72752525252525257 0.019877215140389506 7.8974698084786468 193.00000000000003
decision_type=8 10 10 10 10 10 2 2 2 8 2 2 2 8
left_child=1 2 5 -4 -2 6 9 8 -8 10 12 -7 -1 -3
right_child=4 13 3 -5 -6 11 7 -9 -10 -11 -12 -13 -14 -15
leaf_value=-0.0085562845351047651 -0.019987392969453677 -0.0017996344438181056 -0.021239287588619982 0.011453733295531759 0.0061363175079766699 0.017662678125644329 -0.038708792254184554 0.010980591748029542 -0.00053802653491711607 -0.012551794071362666 -0.0047439938551362935 -0.0030557242780901986 0.019542756069081617 0.02418842285805042
leaf_weight=1.0177366309653795 21.119560758917945 4.4177728425565848 15.409550739845146 3.934394641139078 5.544030524120898 22.921052621968556 6.4541415520943719 6.0680815130472174 7.7953851781785488 3.5623585302819256 7.7028369593026573 9.6980032324790937 21.543171146680834 10.064082223456353
leaf_count=395 302 148 925 86 251 139 43 19 35 353 114 39 399 87
internal_value=-0.000144899 0.00346607 0.000790873 -0.0136031 -0.0144444 0.00456638 -0.000494119 -0.0129841 -0.0233907 0.00771394 0.0115409 0.0119154 0.0169529 0.0178334
internal_weight=147.252 120.589 106.107 19.3439 26.6636 86.7628 54.1437 20.3176 14.2495 33.8261 30.2637 32.6191 22.5609 14.4819
internal_count=3335 2782 2547 1011 553 1536 1358 97 78 1261 908 178 794 235
is_linear=0
shrinkage=0.05


Tree=294
num_leaves=15
num_cat=0
split_feature=5 59 20 54 14 8 13 4 7 38 58 9 20 13
split_gain=1.44488 2.00313 4.58571 2.6431 2.77681 2.12625 2.05055 1.72942 1.58865 1.53449 1.42439 1.3752 1.85004 1.43907
threshold=50.000000710110108 -0.00032107042027587797 21230.459903177249 0.43217645982361125 11.401723469890674 105.50000000000001 32.542783533787563 38.092210155461906 87.500000000000014 36.935488467044898 -0.30564781960757331 347.50000000000006 812.5214561294315 106.80595179254615
decision_type=8 2 8 2 8 10 10 10 10 2 2 10 8 8
left_child=7 2 3 4 9 6 8 11 -3 -2 -11 12 -1 -14
right_child=1 5 -4 -5 -6 -7 -8 -9 -10 10 -12 -13 13 -15
leaf_value=0.0053322697050711297 0.008673584215224444 -0.014918298041131574 0.025787085572046082 -0.026166780028535903 0.019367397855742541 -0.02793890658268976 0.01134058295541498 0.018562457329212852 0.0084412660585340797 0.0079644538530904262 -0.025673178517685233 0.013825689039829558 -0.026473930677175479 0.0045986288150471266
leaf_weight=11.718472584645502 3.9722581668756929 34.455440274581633 8.8719382323324663 7.9414382750401264 8.051068384433167 12.195211800979449 8.7586109593685233 8.6882946565310686 5.5076132493559262 1.5948549596359951 7.8342171296826546 4.8411901146173468 8.3732012947002623 3.3606119104370018
leaf_count=239 26 2039 45 51 56 115 71 90 51 12 190 23 156 157
internal_value=-0.00416461 -0.00721423 0.00168025 -0.00828694 0.00202689 -0.0125051 -0.00640114 0.00389939 -0.0111182 -0.0108225 -0.0191953 -0.0027148 -0.00795881 -0.0188596
internal_weight=136.164 99.1827 38.2658 29.3938 21.4524 60.9169 48.7217 36.9818 39.9631 13.4013 9.42907 28.2935 23.4523 11.7338
internal_count=3321 2656 380 335 284 2276 2161 665 2090 228 202 575 552 313
is_linear=0
shrinkage=0.05


Tree=295
num_leaves=15
num_cat=0
split_feature=7 59 59 4 41 42 43 62 8 29 43 66 59 35
split_gain=2.66706 1.46546 1.4469 2.22758 3.15471 2.50073 2.58583 2.06366 2.55695 1.4249 1.24847 1.22443 1.01687 1.97548
threshold=2409.5000000000005 0.0031840709145444031 -0.0037817305433189021 8.2222775770985042 1.3265000000000002 167.58000000000001 2203.30852275497 35.175000000000004 49.500000000000007 7227.0575469837286 625.48157577557288 0.363823859128931 -0.00032107042027587797 6.0431085972615781
decision_type=8 2 2 10 10 10 10 2 10 8 8 2 2 2
left_child=1 2 7 12 -5 6 10 8 -1 -7 -6 -3 -4 -14
right_child=-2 11 3 4 5 9 -8 -9 -10 -11 -12 -13 13 -15
leaf_value=-0.011099524045584112 -0.020341091309880429 -0.010677251447767015 0.012513423675676306 0.013037527705560357 -0.015091382500963459 0.014474801573934621 -0.032555790351473497 -0.012879937937979556 0.023085771069807609 -0.014872051952973817 0.0093492823186709616 0.01817604373423003 -0.016868182198817448 0.006918483992535392
leaf_weight=4.0376697332831162 11.102720615337601 1.1061115110060189 15.25539875485992 7.1685543982312074 4.5886124513490367 6.5781399505212885 18.008311879792018 4.5551581801846615 15.854290779796427 1.7055898774415252 6.6345068118316712 13.533403426161383 8.7003136397906982 19.268408674633974
leaf_count=81 42 43 168 46 258 176 137 19 81 22 92 328 396 1411
internal_value=-0.00116027 0.00122365 -0.000938625 -0.00396313 -0.0112405 -0.0168674 -0.0229317 0.00876329 0.0153111 0.00510891 -0.00221481 0.0138327 0.00394544 -0.00191693
internal_weight=138.097 126.994 112.355 87.9078 44.6837 37.5152 29.2314 24.4471 19.892 8.28373 11.2231 14.6395 43.2241 27.9687
internal_count=3300 3258 2887 2706 731 685 487 181 162 198 350 371 1975 1807
is_linear=0
shrinkage=0.05


Tree=296
num_leaves=15
num_cat=0
split_feature=12 67 33 29 62 35 30 65 13 14 3 12 13 37
split_gain=1.69049 2.20364 3.48992 1.99237 1.72801 2.43587 1.95442 1.54172 1.52875 1.4347 1.35293 1.33428 1.91963 1.43524
threshold=191.96525416537835 0.20792694325410921 38.317816169874554 8833.2854784032988 35.175000000000004 7.4759851931775021 533.00000000000011 2.5029888136130727 -38.531229468926064 45.759580306726512 365.50000000000006 9.3299955995869848 5.5087996890092521 0.72292929292929309
decision_type=10 2 2 10 2 2 10 2 10 10 8 10 10 2
left_child=11 3 -3 4 5 6 9 8 -4 -2 -8 12 -1 -13
right_child=1 2 7 -5 -6 -7 10 -9 -10 -11 -12 13 -14 -15
leaf_value=-0.010386744065145663 -0.032652549568000178 -0.029926183154597205 -0.010585807442963859 -0.019667483716530584 0.024482531753361094 0.01113151529462484 0.014886418696310086 -0.016060173451317713 0.017266470116099341 0.0062962888062295984 -0.0092185936952005436 -0.027972412305264274 0.012364298511073709 -0.00030819372727721334
leaf_weight=19.321485458087412 4.308427762087379 7.4142823668080409 3.0781951259050446 2.0858478695154181 9.2280933894216997 39.267326346995105 6.2001312971115086 2.739487273618578 12.074050526309289 1.2960308557376263 7.3604771718382844 9.158768775174396 10.065640613436697 7.1777856599364886
leaf_count=601 125 97 137 20 28 1186 39 18 76 6 29 810 65 69
internal_value=-0.00180033 0.00203601 -0.00945407 0.00655849 0.00866473 0.00443376 -0.00875307 0.00371299 0.0103857 -0.0249237 0.00284385 -0.00919005 -0.00192935 -0.0187382
internal_weight=140.776 95.0523 25.306 69.7463 67.6605 58.4324 19.1651 17.8917 15.1522 5.60446 13.5606 45.7237 29.3871 16.3366
internal_count=3306 1761 328 1433 1413 1385 199 231 213 131 68 1545 666 879
is_linear=0
shrinkage=0.05


Tree=297
num_leaves=15
num_cat=0
split_feature=8 58 35 31 37 59 35 8 57 4 67 54 31 66
split_gain=1.29533 1.99262 2.65696 2.58586 2.11125 1.83024 2.5051 3.45744 3.24748 2.07239 1.84388 1.48619 1.45168 1.3437
threshold=338.50000000000006 -0.088687372701752462 7.4759851931775021 5.8930235230453123 0.66593245227606468 -0.00020235839380698461 51.861390841188388 7.5000000000000009 0.0005853598805743074 43.826679649902658 0.094545582744791759 0.043156231445165047 6.6093483350069233 0.74698905984752517
decision_type=8 2 2 2 2 2 2 10 2 10 2 2 2 2
left_child=1 -1 4 5 12 9 8 11 10 -4 -7 -8 -3 -2
right_child=13 2 3 -5 -6 6 7 -9 -10 -11 -12 -13 -14 -15
leaf_value=0.012119933548799339 -0.01313784170652358 -0.03316198955825167 -0.021332428525211326 0.020205139529834645 0.0042876628349397513 -0.022970094733859858 -0.0071038875257656165 -0.029705801721914973 0.027321380795105363 0.011758133918020108 0.011561058281521722 0.01796519941824842 -0.0023529747533686998 0.011490984394624407
leaf_weight=16.200381968701549 2.2015070342458776 10.890947304753359 15.388772737045658 8.759230447933076 6.6366503834724417 3.6509087459162428 8.0688218582072313 6.0634408967125628 10.920280717313288 2.665428494103252 2.8715295983565738 6.5384932799061053 6.1058313455432645 34.017601917323191
leaf_count=782 29 103 244 31 27 269 909 219 31 20 109 55 24 465
internal_value=0.00105307 -0.00182225 -0.0048841 0.000661474 -0.0175743 -0.0037888 0.00262235 -0.00834399 0.0145818 -0.0149565 -0.00934776 0.0058372 -0.0251449 0.0085819
internal_weight=140.98 104.761 88.5603 64.9269 23.6334 56.1677 38.1135 20.6708 17.4427 18.0542 6.52244 14.6073 16.9968 36.2191
internal_count=3317 2823 2041 1887 154 1856 1592 1183 409 264 378 964 127 494
is_linear=0
shrinkage=0.05


Tree=298
num_leaves=15
num_cat=0
split_feature=62 61 10 19 45 5 43 61 38 4 10 3 45 33
split_gain=2.03423 2.29511 1.48276 1.84119 1.64938 1.48533 1.93653 1.66533 1.58106 1.28306 1.1361 1.06509 1.05507 1.01739
threshold=5.6770833333333348 0.015638122429301172 31.500000000000004 1804.7343034336611 2.602003343538398 3.3570493899108507 46.04500206698237 0.011025488946311602 278.23290224898761 1.0476568145198504 108.50000000000001 15.500000000000002 3.5694334999727624 39.380749698775382
decision_type=2 2 8 8 8 10 10 2 2 10 10 10 10 2
left_child=2 12 3 5 -5 6 9 11 -7 -1 -4 -8 -2 -3
right_child=1 13 10 4 -6 8 7 -9 -10 -11 -12 -13 -14 -15
leaf_value=-0.011801165353224429 -0.0050540671682889615 -0.022353763683395783 0.012702598983100303 -0.029818595309816478 0.0011958455466619378 -0.0064071694092088603 -0.02654214165155 0.0064192916567848328 0.022155591439421859 0.016860031011246123 -0.0048447653149423465 0.0061384280613800456 0.015004525946472431 -0.000365083039550691
leaf_weight=1.437420143745842 10.109662586823108 16.88570507243276 44.471580470271874 4.3463619770991473 7.2382942467302209 4.4250117354094973 8.9776052108791173 4.9184324352536342 10.149670698010594 8.7956882035359722 8.5413694260641915 1.0560273509472597 7.3470799513161174 7.1464028898626557
leaf_count=541 43 72 565 100 306 24 1188 27 81 201 54 6 33 32
internal_value=0.000501996 -0.00827651 0.00421087 -0.00181603 -0.015922 0.00361344 -0.00376096 -0.01354 0.0140622 0.010282 0.0097015 -0.022205 0.00484918 -0.017004
internal_weight=145.846 41.4889 104.357 51.3445 11.5847 39.7599 25.1852 14.9521 14.5747 10.2331 53.0129 10.0336 17.4567 24.0321
internal_count=3273 180 3093 2474 406 2068 1963 1221 105 742 619 1194 76 104
is_linear=0
shrinkage=0.05


Tree=299
num_leaves=15
num_cat=0
split_feature=34 36 36 22 1 41 37 48 55 25 59 3 12 63
split_gain=2.87837 2.14564 2.80869 2.12983 1.29312 1.53969 2.10987 2.10514 1.49558 1.45141 1.66478 1.02854 1.02138 1.00164
threshold=26.15144156848179 0.32731536229703889 0.24603206737387645 9.1710871089381332 7.5000000000000009 1.8360000000000001 0.52512626262626283 1.0000000180025095e-35 -1.7964834444750998e-10 0.39970534510549299 0.0024608707553182793 11.500000000000002 4.1495620171665193 1.0000000180025095e-35
decision_type=2 2 2 2 8 10 2 2 2 2 2 10 10 2
left_child=1 2 13 -3 -2 7 8 9 -7 -6 12 -9 -11 -1
right_child=4 3 -4 -5 5 6 -8 11 -10 10 -12 -13 -14 -15
leaf_value=0.0080873237309406956 0.0069771711424118782 0.022464419535196446 -0.021610180194698441 -0.0038872234393748082 0.0029695894839712094 0.0073162830756629896 0.021292823829951523 -0.010374425546887257 -0.019812603551426663 0.0015098097926189063 0.0048148584850689026 0.017241981629472391 -0.034472524959006837 -0.010918627350692038
leaf_weight=44.565573595784372 10.335461160328121 26.296427610766841 6.3841236053267485 8.4080715477466565 3.8592267632484498 5.557606284259232 3.9347984287014688 1.4613972152001213 6.4117709504935219 1.7373420468065948 2.3359706303745034 3.3149092644453049 14.810108338730059 3.6330573050436206
leaf_count=583 541 105 51 26 17 182 83 91 1069 40 15 15 345 178
internal_value=0.00219618 0.00754624 0.00101672 0.0163945 -0.00657571 -0.0101889 0.00198011 -0.0164449 -0.00877195 -0.0220275 -0.0266884 0.00780788 -0.031221 0.00576315
internal_weight=143.046 89.2873 54.5828 34.7045 53.7586 43.4231 15.9042 27.519 11.9694 22.7426 18.8834 4.77631 16.5475 48.1986
internal_count=3341 943 812 131 2398 1857 1334 523 1251 417 400 106 385 761
is_linear=0
shrinkage=0.05


end of trees

feature_importances:
s5m_liquidityChange=203
dev_balance_pct=190
vol_per_trader=174
dev_mints=170
top_holders_pct=157
px_accel=141
px_vol=141
liq_accel=132
hold_accel=128
px_slope=127
sol_per_trade=118
s5m_priceChange=112
net_sol_inflow=109
buy_sell_ratio=108
s5m_sellVolume=102
trades_per_trader=101
dev_migrations=96
liquidity=88
log_mcap=88
holders_per_trade=88
avg_trade_size=87
liq_over_mcap=84
hold_slope=83
liq_chg=80
hold_chg=78
px_chg=76
vol_imbalance=69
px_from_first=66
s5m_buyVolume=62
traders_over_trades=54
s5m_numBuys=53
holder_count=51
s5m_numSells=50
liq_slope=50
trades_total=46
liq_per_holder=44
s5m_numNetBuyers=43
log_dev_mints=39
liq_maxdd=38
liq_per_trade=37
accum_speed=37
vol_corrected=37
s5m_numTraders=30
vol_over_liq=30
s1h_priceChange=27
px_from_peak=26
log_liq=25
px_maxdd=25
dev_success_rate=24
hold_maxdd=24
s1h_sellVolume=21
dev_prior_launches=21
vol_corrected_over_liq=19
s1h_buyVolume=18
s1h_numNetBuyers=15
s1h_numBuys=12
s1h_numSells=10
s1h_numTraders=9
log_holders=9
log_trades=7
wash_score=2
dev_is_fresh=1
dev_score=1

parameters:
[boosting: gbdt]
[objective: binary]
[metric: binary_logloss]
[tree_learner: serial]
[device_type: cpu]
[data_sample_strategy: bagging]
[data: ]
[valid: ]
[num_iterations: 300]
[learning_rate: 0.05]
[num_leaves: 15]
[num_threads: 4]
[seed: 0]
[deterministic: 0]
[force_col_wise: 0]
[force_row_wise: 0]
[histogram_pool_size: -1]
[max_depth: -1]
[min_data_in_leaf: 30]
[min_sum_hessian_in_leaf: 0.001]
[bagging_fraction: 0.8]
[pos_bagging_fraction: 1]
[neg_bagging_fraction: 1]
[bagging_freq: 1]
[bagging_seed: 3]
[bagging_by_query: 0]
[feature_fraction: 0.7]
[feature_fraction_bynode: 1]
[feature_fraction_seed: 2]
[extra_trees: 0]
[extra_seed: 6]
[early_stopping_round: 0]
[early_stopping_min_delta: 0]
[first_metric_only: 0]
[max_delta_step: 0]
[lambda_l1: 0]
[lambda_l2: 5]
[linear_lambda: 0]
[min_gain_to_split: 0]
[drop_rate: 0.1]
[max_drop: 50]
[skip_drop: 0.5]
[xgboost_dart_mode: 0]
[uniform_drop: 0]
[drop_seed: 4]
[top_rate: 0.2]
[other_rate: 0.1]
[min_data_per_group: 100]
[max_cat_threshold: 32]
[cat_l2: 10]
[cat_smooth: 10]
[max_cat_to_onehot: 4]
[top_k: 20]
[monotone_constraints: ]
[monotone_constraints_method: basic]
[monotone_penalty: 0]
[feature_contri: ]
[forcedsplits_filename: ]
[refit_decay_rate: 0.9]
[cegb_tradeoff: 1]
[cegb_penalty_split: 0]
[cegb_penalty_feature_lazy: ]
[cegb_penalty_feature_coupled: ]
[path_smooth: 0]
[interaction_constraints: ]
[verbosity: -1]
[saved_feature_importance_type: 0]
[use_quantized_grad: 0]
[num_grad_quant_bins: 4]
[quant_train_renew_leaf: 0]
[stochastic_rounding: 1]
[linear_tree: 0]
[max_bin: 255]
[max_bin_by_feature: ]
[min_data_in_bin: 3]
[bin_construct_sample_cnt: 200000]
[data_random_seed: 1]
[is_enable_sparse: 1]
[enable_bundle: 1]
[use_missing: 1]
[zero_as_missing: 0]
[feature_pre_filter: 1]
[pre_partition: 0]
[two_round: 0]
[header: 0]
[label_column: ]
[weight_column: ]
[group_column: ]
[ignore_column: ]
[categorical_feature: ]
[forcedbins_filename: ]
[precise_float_parser: 0]
[parser_config_file: ]
[objective_seed: 5]
[num_class: 1]
[is_unbalance: 0]
[scale_pos_weight: 13.2062]
[sigmoid: 1]
[boost_from_average: 1]
[reg_sqrt: 0]
[alpha: 0.9]
[fair_c: 1]
[poisson_max_delta_step: 0.7]
[tweedie_variance_power: 1.5]
[lambdarank_truncation_level: 30]
[lambdarank_norm: 1]
[label_gain: ]
[lambdarank_position_bias_regularization: 0]
[eval_at: ]
[multi_error_top_k: 1]
[auc_mu_weights: ]
[num_machines: 1]
[local_listen_port: 12400]
[time_out: 120]
[machine_list_filename: ]
[machines: ]
[gpu_platform_id: -1]
[gpu_device_id: -1]
[gpu_device_id_list: ]
[gpu_use_dp: 0]
[num_gpu: 1]

end of parameters

pandas_categorical:[]
